category_path,label,class,tooltip,editable_controls,observable_association_properties,control_panes,definition_file
Electronics > Analog > Power Supplies,Battery,electronics/battery,Battery,voltage,user-current; user-voltage; user-power,electronics/ui/Voltage,electronics.domain/parts/electronics.xml
Electronics > Analog > Power Supplies,Variable voltage supply,electronics/vslide,Variable voltage supply,voltage-max; voltage,voltage; user-voltage,electronics/ui/VariableVoltage,electronics.domain/parts/electronics.xml
Electronics > Analog > Power Supplies,Voltage rail,electronics/voltrail,Voltage rail,voltage,user-voltage,electronics/ui/Voltage,electronics.domain/parts/electronics.xml
Electronics > Analog > Power Supplies,Zero volt rail,electronics/vzero,Zero volt rail,,,,electronics.domain/parts/electronics.xml
Electronics > Analog > Power Supplies,Ground,electronics/earth,Ground,,,,electronics.domain/parts/electronics.xml
Electronics > Analog > Power Supplies,Constant current source,electronics/current,Constant current source,current,user-current; user-voltage; user-power,electronics/ui/Current,electronics.domain/parts/electronics.xml
Electronics > Analog > Switches,SPST,electronics/spst,SPST,,user-current; user-voltage; user-power,,electronics.domain/parts/electronics.xml
Electronics > Analog > Switches,Push-to-make switch,electronics/pushmake,Push-to-make switch,,user-current; user-voltage; user-power,,electronics.domain/parts/electronics.xml
Electronics > Analog > Switches,Push-to-break switch,electronics/pushbreak,Push-to-break switch,,user-current; user-voltage; user-power,,electronics.domain/parts/electronics.xml
Electronics > Analog > Switches,SPDT,electronics/spdt,SPDT,,,,electronics.domain/parts/electronics.xml
Electronics > Analog > Switches,DPST,electronics/dpst,DPST,,,,electronics.domain/parts/electronics.xml
Electronics > Analog > Switches,DPDT,electronics/dpdt,DPDT,,,,electronics.domain/parts/electronics.xml
Electronics > Analog > Switches,SPDT relay,electronics/spdt-relay,SPDT relay,,,,electronics.domain/parts/electronics.xml
Electronics > Analog > Switches,DPDT relay,electronics/dpdt-relay,DPDT relay,,,,electronics.domain/parts/electronics.xml
Electronics > Analog > Input Components,Float switch,electronics/floatswitch,Float switch,,user-current; user-voltage; user-power,,electronics.domain/parts/electronics.xml
Electronics > Analog > Input Components,Thermistor,electronics/thermistor,Thermistor,resistance; resistance-298K,user-current; user-voltage; user-power; resistance,electronics/ui/Thermistor,electronics.domain/parts/electronics.xml
Electronics > Analog > Input Components,LDR with Lamp,electronics/ldr-with-lamp,LDR with Lamp,,user-current; user-voltage; user-power; resistance,,electronics.domain/parts/electronics.xml
Electronics > Analog > Input Components,LDR and Lamp,electronics/ldr-and-lamp,LDR and Lamp,,user-current; user-voltage; user-power; incident-flux,,electronics.domain/parts/electronics.xml
Electronics > Analog > Input Components,Light dependent resistor,electronics/ldr,Light dependent resistor,,user-current; user-voltage; user-power; incident-flux,,electronics.domain/parts/electronics.xml
Electronics > Analog > Input Components,Photo-transistor with lamp,electronics/phototransistor,Photo-transistor with lamp,,user-photocurrent,,electronics.domain/parts/electronics.xml
Electronics > Analog > Input Components,Opto-isolator,electronics/optoisolator,Opto-isolator,,,,electronics.domain/parts/electronics.xml
Electronics > Analog > Input Components,Variable resistor,electronics/vresistor,Variable resistor,resistance-max; resistance,user-current; user-voltage; user-power; resistance,electronics/ui/VariableResistor,electronics.domain/parts/electronics.xml
Electronics > Analog > Input Components,Potentiometer,electronics/potentiometer,Potentiometer,resistance,,electronics/ui/Resistance,electronics.domain/parts/electronics.xml
Electronics > Analog > Input Components,Fuse,electronics/fuse,Fuse,max-current,user-current; user-voltage; user-power,electronics/ui/Fuse,electronics.domain/parts/electronics.xml
Electronics > Analog > Passive Components,Resistor,electronics/resistor,Resistor,resistance,user-current; user-voltage; user-power,electronics/ui/Resistance,electronics.domain/parts/electronics.xml
Electronics > Analog > Passive Components,8 Resistors,electronics/8-resistors,8 Resistors,resistance,,electronics/ui/Resistance,electronics.domain/parts/electronics.xml
Electronics > Analog > Passive Components,Inductor,electronics/inductor,Inductor,inductance,user-current; user-voltage; user-power,electronics/ui/Inductance,electronics.domain/parts/electronics.xml
Electronics > Analog > Passive Components,Capacitor,electronics/capacitor,Capacitor,capacitance; charge,user-current; user-voltage; user-power,electronics/ui/Capacitance,electronics.domain/parts/electronics.xml
Electronics > Analog > Passive Components,Electrolytic capacitor,electronics/ecapacitor,Electrolytic capacitor,capacitance; charge,user-current; user-voltage; user-power,electronics/ui/Capacitance,electronics.domain/parts/electronics.xml
Electronics > Analog > Passive Components,Transformer,electronics/transformer,Transformer,ratio,,electronics/ui/Ratio,electronics.domain/parts/electronics.xml
Electronics > Analog > Discrete Semiconductors,Diode,electronics/diode,Diode,,user-current; user-voltage; user-power,,electronics.domain/parts/electronics.xml
Electronics > Analog > Discrete Semiconductors,Zener,electronics/zener,Zener,user-zener-voltage,user-current; user-voltage; user-power; user-zener-voltage,electronics/ui/ZenerDiode,electronics.domain/parts/electronics.xml
Electronics > Analog > Discrete Semiconductors,Thyristor,electronics/thyristor,Thyristor,,,,electronics.domain/parts/electronics.xml
Electronics > Analog > Discrete Semiconductors,N-Channel MOSFET,electronics/mosfetn,N-Channel MOSFET,,Gate threshold voltage (threshold-voltage),,electronics.domain/parts/electronics.xml
Electronics > Analog > Discrete Semiconductors,P-Channel MOSFET,electronics/mosfetp,P-Channel MOSFET,,Gate threshold voltage (threshold-voltage),,electronics.domain/parts/electronics.xml
Electronics > Analog > Discrete Semiconductors,NPN transistor,electronics/npn,NPN transistor,gain,,electronics/ui/Transistor,electronics.domain/parts/electronics.xml
Electronics > Analog > Discrete Semiconductors,PNP transistor,electronics/pnp,PNP transistor,gain,,electronics/ui/Transistor,electronics.domain/parts/electronics.xml
Electronics > Analog > Integrated Circuits,555 Timer,electronics/555-timer,555 Timer,,,,electronics.domain/parts/electronics.xml
Electronics > Analog > Integrated Circuits,324 Op-amp,electronics/opamp-324,324 Operational amplifier,positive-supply; negative-supply,Positive supply (positive-supply),electronics/ui/Opamp,electronics.domain/parts/electronics.xml
Electronics > Analog > Integrated Circuits,741 Op-amp,electronics/opamp-741,741 Operational amplifier,positive-supply; negative-supply,Positive supply (positive-supply),electronics/ui/Opamp,electronics.domain/parts/electronics.xml
Electronics > Analog > Integrated Circuits,Darlington driver,electronics/darlington-driver,Darlington driver,,,,electronics.domain/parts/electronics.xml
Electronics > Analog > Integrated Circuits,Half-H driver,electronics/half-h-driver,Half-H driver,,,,electronics.domain/parts/electronics.xml
Electronics > Analog > Signal Generators & Sound,Signal generator,electronics/vpulse,Signal generator,amplitude; signal-type; frequency; phase-offset; amplitude-offset,user-current; user-voltage; user-power; Phase offset (phase-offset),electronics/ui/SigGen,electronics.domain/parts/electronics.xml
Electronics > Analog > Signal Generators & Sound,Buzzer,electronics/buzzer,Buzzer,,user-current; user-voltage; user-power; beep,,electronics.domain/parts/electronics.xml
Electronics > Analog > Signal Generators & Sound,Loudspeaker,electronics/loudspeaker,Loudspeaker,resistance,user-current; user-voltage; user-power,electronics/ui/Resistance,electronics.domain/parts/electronics.xml
Electronics > Analog > Light Outputs,Signal Lamp,electronics/signal-lamp,Signal Lamp,,user-current; user-voltage; user-power; flux,,electronics.domain/parts/electronics.xml
Electronics > Analog > Light Outputs,Filament Lamp,electronics/filament-lamp,Filament Lamp,power,user-current; user-voltage; user-power,electronics/ui/Power,electronics.domain/parts/electronics.xml
Electronics > Analog > Light Outputs,Red LED,electronics/red-led,Red LED,,user-current; user-voltage; user-power,,electronics.domain/parts/electronics.xml
Electronics > Analog > Light Outputs,Green LED,electronics/green-led,Green LED,,user-current; user-voltage; user-power,,electronics.domain/parts/electronics.xml
Electronics > Analog > Light Outputs,Yellow LED,electronics/yellow-led,Yellow LED,,user-current; user-voltage; user-power,,electronics.domain/parts/electronics.xml
Electronics > Analog > Light Outputs,Seven segment display,electronics/seven-segment-display,Seven segment display,,,,electronics.domain/parts/electronics.xml
Electronics > Analog > Meters,Ammeter,electronics/ammeter,Ammeter,,user-current; user-voltage; user-power,,electronics.domain/parts/electronics.xml
Electronics > Analog > Meters,Voltmeter,electronics/voltmeter,Voltmeter,,user-current; user-voltage; user-power,,electronics.domain/parts/electronics.xml
Electronics > Pictorial,Battery,electronics/pictorial-battery,Battery,,user-current; user-voltage; user-power,,electronics.domain/parts/pictorial.xml
Electronics > Pictorial,9V battery,electronics/pictorial-battery-9v,9V battery,,user-current; user-voltage; user-power,,electronics.domain/parts/pictorial.xml
Electronics > Pictorial,1A Fuse,electronics/pictorial-fuse,1A Fuse,,user-current; user-voltage; user-power,,electronics.domain/parts/pictorial.xml
Electronics > Pictorial,SPST,electronics/pictorial-spst,SPST,,user-current; user-voltage; user-power,,electronics.domain/parts/pictorial.xml
Electronics > Pictorial,SPDT,electronics/pictorial-spdt,SPDT,,,,electronics.domain/parts/pictorial.xml
Electronics > Pictorial,Push-to-make switch,electronics/pictorial-pushmake,Push-to-make switch,,user-current; user-voltage; user-power,,electronics.domain/parts/pictorial.xml
Electronics > Pictorial,Variable resistor,electronics/pictorial-vresistor,Variable resistor,,user-current; user-voltage; user-power; resistance,,electronics.domain/parts/pictorial.xml
Electronics > Pictorial,Resistor,electronics/pictorial-resistor,Resistor,,user-current; user-voltage; user-power,,electronics.domain/parts/pictorial.xml
Electronics > Pictorial,Buzzer,electronics/pictorial-buzzer,Buzzer,,user-current; user-voltage; user-power; beep,,electronics.domain/parts/pictorial.xml
Electronics > Pictorial,Filament Lamp,electronics/pictorial-filament-lamp,Filament Lamp,,user-current; user-voltage; user-power,,electronics.domain/parts/pictorial.xml
Electronics > Pictorial,Red LED,electronics/pictorial-red-led,Red LED,,user-current; user-voltage; user-power,,electronics.domain/parts/pictorial.xml
Electronics > Pictorial,Green LED,electronics/pictorial-green-led,Green LED,,user-current; user-voltage; user-power,,electronics.domain/parts/pictorial.xml
Electronics > Pictorial,Yellow LED,electronics/pictorial-yellow-led,Yellow LED,,user-current; user-voltage; user-power,,electronics.domain/parts/pictorial.xml
Electronics > Pictorial,Motor,electronics/pictorial-motor,Motor,,user-current; user-voltage; user-power; Torque (torque); Angular velocity (tooltip-angular-velocity); Angle (tooltip-angular-position),,electronics.domain/parts/x_electromechanical.xml
Electronics > Digital > Logic Gates,7414: Schmitt inverter,electronics/7414,7414: Schmitt inverter,,,,electronics.domain/parts/digital_logic_gates.xml
Electronics > Digital > Logic Gates,7404: Inverter,electronics/7404,7404: Inverter,,,,electronics.domain/parts/digital_logic_gates.xml
Electronics > Digital > Logic Gates,7408: AND gate,electronics/7408,7408: AND gate,,,,electronics.domain/parts/digital_logic_gates.xml
Electronics > Digital > Logic Gates,7400: NAND gate,electronics/7400,7400: NAND gate,,,,electronics.domain/parts/digital_logic_gates.xml
Electronics > Digital > Logic Gates,7410: 3-input NAND gate,electronics/7410,7410: 3-input NAND gate,,,,electronics.domain/parts/digital_logic_gates.xml
Electronics > Digital > Logic Gates,7420: 4-input NAND gate,electronics/7420,7420: 4-input NAND gate,,,,electronics.domain/parts/digital_logic_gates.xml
Electronics > Digital > Logic Gates,7432: OR gate,electronics/7432,7432: OR gate,,,,electronics.domain/parts/digital_logic_gates.xml
Electronics > Digital > Logic Gates,7402: NOR gate,electronics/7402,7402: NOR gate,,,,electronics.domain/parts/digital_logic_gates.xml
Electronics > Digital > Logic Gates,7486: Exclusive-OR gate,electronics/7486,7486: Exclusive-OR gate,,,,electronics.domain/parts/digital_logic_gates.xml
Electronics > Digital > Flip-flops,4043: RS flip-flop,electronics/4043-without-enable,4043: RS flip-flop,,,,electronics.domain/parts/digital_4000.xml
Electronics > Digital > Flip-flops,7474: D-type flip-flop,electronics/7474,7474: D-type flip-flop,,,,electronics.domain/parts/digital_7400.xml
Electronics > Digital > Flip-flops,4027: JK flip-flop (with set),electronics/4027,4027: JK flip-flop (with set),,,,electronics.domain/parts/digital_4000.xml
Electronics > Digital > Flip-flops,7473: JK flip-flop (without set),electronics/7473,7473: JK flip-flop (without set),,,,electronics.domain/parts/digital_7400.xml
Electronics > Digital > Counters,4518: Decade (÷10) counter,electronics/4518,4518: Decade (÷10) counter,,,,electronics.domain/parts/digital_4000.xml
Electronics > Digital > Counters,4026: Decade counter and 7-segment decoder,electronics/4026,4026: Decade counter and 7-segment decoder,,,,electronics.domain/parts/digital_4000.xml
Electronics > Digital > Counters,4017: Decoded (1-of-10) decade counter,electronics/4017,4017: Decoded (1-of-10) decade (÷10) counter,,,,electronics.domain/parts/digital_4000.xml
Electronics > Digital > Decoders,4028: BCD to decimal (1-of-10) decoder,electronics/4028,4028: BCD to decimal (1-of-10) decoder,,,,electronics.domain/parts/digital_4000.xml
Electronics > Digital > Decoders,4511: BCD to 7-segment display decoder,electronics/4511,4511: BCD to 7-segment display decoder,,,,electronics.domain/parts/digital_4000.xml
Electronics > Digital > Inputs,Clock,electronics/clock,Clock,,,,electronics.domain/parts/x_digital_inputs.xml
Electronics > Digital > Inputs,Latching logic input,electronics/latching-logic-input,Latching logic input,,,,electronics.domain/parts/x_digital_inputs.xml
Electronics > Digital > Inputs,Push button logic input,electronics/push-button-logic-input,Push button logic input,,,,electronics.domain/parts/x_digital_inputs.xml
Electronics > Digital > Inputs,Custom logic input,electronics/new-context-logic-input,Custom logic input,,value; Latch mode (latch-mode),presentation/ui/button,electronics.domain/parts/x_digital_inputs.xml
Electronics > Digital > Inputs,Target logic input,electronics/context-logic-input,Target logic input,Hide association control: hide-association-control,,electronics/ui/context-logic,electronics.domain/parts/x_digital_inputs.xml
Electronics > Digital > Outputs,Logic indicator,electronics/logic-output,Logic indicator,,,,electronics.domain/parts/x_digital_outputs.xml
Electronics > Digital > Outputs,Custom logic output,electronics/new-context-logic-output,Custom logic output,,Value (value); Latch mode (latch-mode),presentation/ui/button,electronics.domain/parts/x_digital_outputs.xml
Electronics > Digital > Outputs,Target logic output,electronics/context-logic-output,Target logic output,Hide association control: hide-association-control,,electronics/ui/context-logic,electronics.domain/parts/x_digital_outputs.xml
Motion & Forces > Mechanisms,Chain,motion/chain,Chain,front-facing,Front view (user-front-facing),motion/ui/chain,motion.domain/parts/30-mech.xml
Motion & Forces > Mechanisms,Constant speed motor,motion/motor,Constant speed motor,teeth [gear]; motor-angvel; front-facing,Mass (mass); moment-of-inertia; Angle of rotation (user-ang); Angular acceleration (user-angacc); Torque (user-torque); Gear teeth (user-gear-teeth); Front view (user-front-facing); Angular velocity (motor-angvel),motion/ui/motor,motion.domain/parts/30-mech.xml
Motion & Forces > Mechanisms,Flywheel,motion/flywheel-and-gear,Flywheel,front-facing; radius [flywheel]; mass-per-metre-squared [flywheel]; teeth [gear],Mass (mass); moment-of-inertia; Angle of rotation (user-ang); Angular velocity (user-angvel); Angular acceleration (user-angacc); Torque (user-torque); Gear teeth (user-gear-teeth); Front view (user-front-facing),motion/ui/flywheel,motion.domain/parts/30-mech.xml
Motion & Forces > Mechanisms,Gear,motion/double-gear,Gear,Display: user-top-gear-shown; teeth [top]; teeth [bottom]; front-facing,Mass (mass); moment-of-inertia; Angle of rotation (user-ang); Angular velocity (user-angvel); user-angacc; Torque (user-torque); Primary gear teeth (user-bottom-gear-teeth); Secondary gear teeth (user-top-gear-teeth); Front view (user-front-facing); Display secondary gear (user-top-gear-shown),motion/ui/gear,motion.domain/parts/30-mech.xml
Motion & Forces > Mechanisms,Generator,motion/connected-generator,Generator,RPM: angvel [gear]; teeth [gear]; angvel [gear]; front-facing,Mass (mass); moment-of-inertia; Angle of rotation (user-ang); Angular velocity (user-angvel); Angular acceleration (user-angacc); Torque (user-torque); Gear teeth (user-gear-teeth); Front view (user-front-facing); voltage; exploded,motion/ui/generator,motion.domain/parts/35-electromech.xml
Motion & Forces > Mechanisms,Electric motor,motion/connected-electric-motor,Electric motor,RPM: angvel [gear]; teeth [gear]; angvel [gear]; front-facing,Mass (mass); moment-of-inertia; Angle of rotation (user-ang); Angular velocity (user-angvel); Angular acceleration (user-angacc); Torque (user-torque); Gear teeth (user-gear-teeth); Front view (user-front-facing); voltage; exploded,motion/ui/generator,motion.domain/parts/35-electromech.xml
Motion & Forces > Mechanisms,Rack and pinion,motion/rack-and-pinion,Rack and pinion,Display: user-top-gear-shown; teeth [top]; teeth [bottom]; front-facing,Mass (mass); moment-of-inertia; Angle of rotation (user-ang); Angular velocity (user-angvel); Angular acceleration (user-angacc); Torque (user-torque); Front view (user-front-facing); Rack linear velocity (rack-scalar-vel); Rack linear acceleration (rack-scalar-acc); Primary gear teeth (user-bottom-gear-teeth); Secondary gear teeth (user-top-gear-teeth); Display secondary gear (user-top-gear-shown),motion/ui/gear,motion.domain/parts/30-mech.xml
Motion & Forces > Mechanisms,Torque,motion/torque-application,Torque,torque-value,Torque magnitude (torque-value); Force (force-value); Radius (radius),motion/ui/torque,motion.domain/parts/30-mech.xml
Motion & Forces > Mechanisms,Microswitch,motion/connected-microswitch,Microswitch,,,,motion.domain/parts/35-electromech.xml
Motion & Forces > Mechanisms,Solenoid,motion/connected-solenoid,Solenoid,,current; voltage,,motion.domain/parts/35-electromech.xml
Motion & Forces > Motion,Space,motion/space2,Space,,width; height; visible-size,,motion.domain/parts/30-freebody.xml
Motion & Forces > Motion > Grounds,Ideal elastic ground,motion/ideal-elastic-ground,Ideal elastic ground,Show forces: forces-shown; force-labels-shown; Gravity: gravity-force-shown; Contact: contact-force-shown; material; static-friction; dynamic-friction; coefficient-of-restitution; fascia; planet; gravitational-acceleration,Gravitational acceleration (gravitational-acceleration); World (planet); Static friction (static-friction); Kinetic friction (dynamic-friction); Elasticity (coefficient-of-restitution); Forces shown (forces-shown); Force label shown (force-labels-shown),motion/ui/groundForces; motion/ui/ground,motion.domain/parts/50-predefinedgrounds.xml
Motion & Forces > Motion > Grounds,Ideal inelastic ground,motion/ideal-inelastic-ground,Ideal inelastic ground,Show forces: forces-shown; force-labels-shown; Gravity: gravity-force-shown; Contact: contact-force-shown; material; static-friction; dynamic-friction; coefficient-of-restitution; fascia; planet; gravitational-acceleration,Gravitational acceleration (gravitational-acceleration); World (planet); Static friction (static-friction); Kinetic friction (dynamic-friction); Elasticity (coefficient-of-restitution); Forces shown (forces-shown); Force label shown (force-labels-shown),motion/ui/groundForces; motion/ui/ground,motion.domain/parts/50-predefinedgrounds.xml
Motion & Forces > Motion > Grounds,Wooden ground,motion/wood-ground,Wooden ground,Show forces: forces-shown; force-labels-shown; Gravity: gravity-force-shown; Contact: contact-force-shown; material; static-friction; dynamic-friction; coefficient-of-restitution; fascia; planet; gravitational-acceleration,Gravitational acceleration (gravitational-acceleration); World (planet); Static friction (static-friction); Kinetic friction (dynamic-friction); Elasticity (coefficient-of-restitution); Forces shown (forces-shown); Force label shown (force-labels-shown),motion/ui/groundForces; motion/ui/ground,motion.domain/parts/50-predefinedgrounds.xml
Motion & Forces > Motion > Grounds,Metal ground,motion/metal-ground,Metal ground,Show forces: forces-shown; force-labels-shown; Gravity: gravity-force-shown; Contact: contact-force-shown; material; static-friction; dynamic-friction; coefficient-of-restitution; fascia; planet; gravitational-acceleration,Gravitational acceleration (gravitational-acceleration); World (planet); Static friction (static-friction); Kinetic friction (dynamic-friction); Elasticity (coefficient-of-restitution); Forces shown (forces-shown); Force label shown (force-labels-shown),motion/ui/groundForces; motion/ui/ground,motion.domain/parts/50-predefinedgrounds.xml
Motion & Forces > Motion > Grounds,Rubber ground,motion/rubber-ground,Rubber ground,Show forces: forces-shown; force-labels-shown; Gravity: gravity-force-shown; Contact: contact-force-shown; material; static-friction; dynamic-friction; coefficient-of-restitution; fascia; planet; gravitational-acceleration,Gravitational acceleration (gravitational-acceleration); World (planet); Static friction (static-friction); Kinetic friction (dynamic-friction); Elasticity (coefficient-of-restitution); Forces shown (forces-shown); Force label shown (force-labels-shown),motion/ui/groundForces; motion/ui/ground,motion.domain/parts/50-predefinedgrounds.xml
Motion & Forces > Motion > Grounds,Glass ground,motion/glass-ground,Glass ground,Show forces: forces-shown; force-labels-shown; Gravity: gravity-force-shown; Contact: contact-force-shown; material; static-friction; dynamic-friction; coefficient-of-restitution; fascia; planet; gravitational-acceleration,Gravitational acceleration (gravitational-acceleration); World (planet); Static friction (static-friction); Kinetic friction (dynamic-friction); Elasticity (coefficient-of-restitution); Forces shown (forces-shown); Force label shown (force-labels-shown),motion/ui/groundForces; motion/ui/ground,motion.domain/parts/50-predefinedgrounds.xml
Motion & Forces > Motion > Grounds,Ice ground,motion/ice-ground,Ice ground,Show forces: forces-shown; force-labels-shown; Gravity: gravity-force-shown; Contact: contact-force-shown; material; static-friction; dynamic-friction; coefficient-of-restitution; fascia; planet; gravitational-acceleration,Gravitational acceleration (gravitational-acceleration); World (planet); Static friction (static-friction); Kinetic friction (dynamic-friction); Elasticity (coefficient-of-restitution); Forces shown (forces-shown); Force label shown (force-labels-shown),motion/ui/groundForces; motion/ui/ground,motion.domain/parts/50-predefinedgrounds.xml
Motion & Forces > Motion > Grounds,Concrete ground,motion/concrete-ground,Concrete ground,Show forces: forces-shown; force-labels-shown; Gravity: gravity-force-shown; Contact: contact-force-shown; material; static-friction; dynamic-friction; coefficient-of-restitution; fascia; planet; gravitational-acceleration,Gravitational acceleration (gravitational-acceleration); World (planet); Static friction (static-friction); Kinetic friction (dynamic-friction); Elasticity (coefficient-of-restitution); Forces shown (forces-shown); Force label shown (force-labels-shown),motion/ui/groundForces; motion/ui/ground,motion.domain/parts/50-predefinedgrounds.xml
Motion & Forces > Motion > Slopes,Ideal elastic slope,motion/ideal-elastic-slope,Ideal elastic slope,Show forces: forces-shown; force-labels-shown; Gravity: gravity-force-shown; Contact: contact-force-shown; Show angle on slope: display-slope-angle; slope-angle; Show angle controls: display-controls; material; static-friction; dynamic-friction; coefficient-of-restitution; fascia; planet; gravitational-acceleration,Angle of slope (slope-angle); Display slope angle (display-slope-angle); Gravitational acceleration (gravitational-acceleration); World (planet); Static friction (static-friction); Kinetic friction (dynamic-friction); Elasticity (coefficient-of-restitution); Forces shown (forces-shown); Force label shown (force-labels-shown),motion/ui/groundForces; motion/ui/slope,motion.domain/parts/50-predefinedslopes.xml
Motion & Forces > Motion > Slopes,Ideal inelastic slope,motion/ideal-inelastic-slope,Ideal inelastic slope,Show forces: forces-shown; force-labels-shown; Gravity: gravity-force-shown; Contact: contact-force-shown; Show angle on slope: display-slope-angle; slope-angle; Show angle controls: display-controls; material; static-friction; dynamic-friction; coefficient-of-restitution; fascia; planet; gravitational-acceleration,Angle of slope (slope-angle); Display slope angle (display-slope-angle); Gravitational acceleration (gravitational-acceleration); World (planet); Static friction (static-friction); Kinetic friction (dynamic-friction); Elasticity (coefficient-of-restitution); Forces shown (forces-shown); Force label shown (force-labels-shown),motion/ui/groundForces; motion/ui/slope,motion.domain/parts/50-predefinedslopes.xml
Motion & Forces > Motion > Slopes,Wooden slope,motion/wood-slope,Wooden slope,Show forces: forces-shown; force-labels-shown; Gravity: gravity-force-shown; Contact: contact-force-shown; Show angle on slope: display-slope-angle; slope-angle; Show angle controls: display-controls; material; static-friction; dynamic-friction; coefficient-of-restitution; fascia; planet; gravitational-acceleration,Angle of slope (slope-angle); Display slope angle (display-slope-angle); Gravitational acceleration (gravitational-acceleration); World (planet); Static friction (static-friction); Kinetic friction (dynamic-friction); Elasticity (coefficient-of-restitution); Forces shown (forces-shown); Force label shown (force-labels-shown),motion/ui/groundForces; motion/ui/slope,motion.domain/parts/50-predefinedslopes.xml
Motion & Forces > Motion > Slopes,Metal slope,motion/metal-slope,Metal slope,Show forces: forces-shown; force-labels-shown; Gravity: gravity-force-shown; Contact: contact-force-shown; Show angle on slope: display-slope-angle; slope-angle; Show angle controls: display-controls; material; static-friction; dynamic-friction; coefficient-of-restitution; fascia; planet; gravitational-acceleration,Angle of slope (slope-angle); Display slope angle (display-slope-angle); Gravitational acceleration (gravitational-acceleration); World (planet); Static friction (static-friction); Kinetic friction (dynamic-friction); Elasticity (coefficient-of-restitution); Forces shown (forces-shown); Force label shown (force-labels-shown),motion/ui/groundForces; motion/ui/slope,motion.domain/parts/50-predefinedslopes.xml
Motion & Forces > Motion > Slopes,Rubber slope,motion/rubber-slope,Rubber slope,Show forces: forces-shown; force-labels-shown; Gravity: gravity-force-shown; Contact: contact-force-shown; Show angle on slope: display-slope-angle; slope-angle; Show angle controls: display-controls; material; static-friction; dynamic-friction; coefficient-of-restitution; fascia; planet; gravitational-acceleration,Angle of slope (slope-angle); Display slope angle (display-slope-angle); Gravitational acceleration (gravitational-acceleration); World (planet); Static friction (static-friction); Kinetic friction (dynamic-friction); Elasticity (coefficient-of-restitution); Forces shown (forces-shown); Force label shown (force-labels-shown),motion/ui/groundForces; motion/ui/slope,motion.domain/parts/50-predefinedslopes.xml
Motion & Forces > Motion > Slopes,Glass slope,motion/glass-slope,Glass slope,Show forces: forces-shown; force-labels-shown; Gravity: gravity-force-shown; Contact: contact-force-shown; Show angle on slope: display-slope-angle; slope-angle; Show angle controls: display-controls; material; static-friction; dynamic-friction; coefficient-of-restitution; fascia; planet; gravitational-acceleration,Angle of slope (slope-angle); Display slope angle (display-slope-angle); Gravitational acceleration (gravitational-acceleration); World (planet); Static friction (static-friction); Kinetic friction (dynamic-friction); Elasticity (coefficient-of-restitution); Forces shown (forces-shown); Force label shown (force-labels-shown),motion/ui/groundForces; motion/ui/slope,motion.domain/parts/50-predefinedslopes.xml
Motion & Forces > Motion > Slopes,Ice slope,motion/ice-slope,Ice slope,Show forces: forces-shown; force-labels-shown; Gravity: gravity-force-shown; Contact: contact-force-shown; Show angle on slope: display-slope-angle; slope-angle; Show angle controls: display-controls; material; static-friction; dynamic-friction; coefficient-of-restitution; fascia; planet; gravitational-acceleration,Angle of slope (slope-angle); Display slope angle (display-slope-angle); Gravitational acceleration (gravitational-acceleration); World (planet); Static friction (static-friction); Kinetic friction (dynamic-friction); Elasticity (coefficient-of-restitution); Forces shown (forces-shown); Force label shown (force-labels-shown),motion/ui/groundForces; motion/ui/slope,motion.domain/parts/50-predefinedslopes.xml
Motion & Forces > Motion > Slopes,Concrete slope,motion/concrete-slope,Concrete slope,Show forces: forces-shown; force-labels-shown; Gravity: gravity-force-shown; Contact: contact-force-shown; Show angle on slope: display-slope-angle; slope-angle; Show angle controls: display-controls; material; static-friction; dynamic-friction; coefficient-of-restitution; fascia; planet; gravitational-acceleration,Angle of slope (slope-angle); Display slope angle (display-slope-angle); Gravitational acceleration (gravitational-acceleration); World (planet); Static friction (static-friction); Kinetic friction (dynamic-friction); Elasticity (coefficient-of-restitution); Forces shown (forces-shown); Force label shown (force-labels-shown),motion/ui/groundForces; motion/ui/slope,motion.domain/parts/50-predefinedslopes.xml
Motion & Forces > Motion > Balls,Ideal elastic ball,motion/ideal-elastic-ball,Ideal elastic ball,user-mass; material; static-friction; dynamic-friction; coefficient-of-restitution; radius; drag-coefficient; control-mode; Lock position: lock-pos; image; Show forces: forces-shown; force-labels-shown; Weight: gravity-force-shown; Weight (resolved): resolved-gravity-force-shown; Contact: contact-force-shown; Friction: friction-force-shown; Driving force: constant-force-shown; Tension: tension-force-shown; Drag force: drag-force-shown; Buoyancy force: buoyancy-force-shown; Net force: net-force-shown,Moment of inertia (moment-of-inertia); Angle of rotation (user-ang); Angular velocity (user-angvel); Angular acceleration (user-angacc); Torque (user-torque); Weight (weight); Velocity (magnitude) (user-velocity); Velocity (x) (user-velocity-x); Velocity (y) (user-velocity-y); Driving force (magnitude) (user-force); Driving force (x) (user-force-x); Driving force (y) (user-force-y); Displacement (x) (user-motion-pos-x); Displacement (y) (user-motion-pos-y); Distance (distance-from-origin); Acceleration (x) (user-acc-x); Acceleration (y) (user-acc-y); Acceleration (magnitude) (user-acc-mag); Net force (translational) (user-net-force-mag); Speed (speed); Kinetic energy (translational) (translational-ek); Kinetic energy (rotational) (rotational-ek); Kinetic energy (total) (total-ek); Gravitational potential energy (gravitational-ep); Momentum (x) (momentum-x); Momentum (y) (momentum-y); Density (density); Volume (volume); Force shown (forces-shown); Force labels shown (force-labels-shown); Weight shown (gravity-force-shown); Resolved weight shown (resolved-gravity-force-shown); Net force shown (net-force-shown); Driving force shown (constant-force-shown); Friction force shown (friction-force-shown); Contact force shown (contact-force-shown); Tension force shown (tension-force-shown); Drag force shown (drag-force-shown); Buoyancy force shown (buoyancy-force-shown); Static friction (static-friction); Kinetic friction (dynamic-friction); Elasticity (coefficient-of-restitution); Control mode (control-mode); Mass (user-mass),motion/ui/ballMain; motion/ui/bodyGeneral; motion/ui/image; motion/ui/forces,motion.domain/parts/50-predefinedballs.xml
Motion & Forces > Motion > Balls,Ideal inelastic ball,motion/ideal-inelastic-ball,Ideal inelastic ball,user-mass; material; static-friction; dynamic-friction; coefficient-of-restitution; radius; drag-coefficient; control-mode; Lock position: lock-pos; image; Show forces: forces-shown; force-labels-shown; Weight: gravity-force-shown; Weight (resolved): resolved-gravity-force-shown; Contact: contact-force-shown; Friction: friction-force-shown; Driving force: constant-force-shown; Tension: tension-force-shown; Drag force: drag-force-shown; Buoyancy force: buoyancy-force-shown; Net force: net-force-shown,Moment of inertia (moment-of-inertia); Angle of rotation (user-ang); Angular velocity (user-angvel); Angular acceleration (user-angacc); Torque (user-torque); Weight (weight); Velocity (magnitude) (user-velocity); Velocity (x) (user-velocity-x); Velocity (y) (user-velocity-y); Driving force (magnitude) (user-force); Driving force (x) (user-force-x); Driving force (y) (user-force-y); Displacement (x) (user-motion-pos-x); Displacement (y) (user-motion-pos-y); Distance (distance-from-origin); Acceleration (x) (user-acc-x); Acceleration (y) (user-acc-y); Acceleration (magnitude) (user-acc-mag); Net force (translational) (user-net-force-mag); Speed (speed); Kinetic energy (translational) (translational-ek); Kinetic energy (rotational) (rotational-ek); Kinetic energy (total) (total-ek); Gravitational potential energy (gravitational-ep); Momentum (x) (momentum-x); Momentum (y) (momentum-y); Density (density); Volume (volume); Force shown (forces-shown); Force labels shown (force-labels-shown); Weight shown (gravity-force-shown); Resolved weight shown (resolved-gravity-force-shown); Net force shown (net-force-shown); Driving force shown (constant-force-shown); Friction force shown (friction-force-shown); Contact force shown (contact-force-shown); Tension force shown (tension-force-shown); Drag force shown (drag-force-shown); Buoyancy force shown (buoyancy-force-shown); Static friction (static-friction); Kinetic friction (dynamic-friction); Elasticity (coefficient-of-restitution); Control mode (control-mode); Mass (user-mass),motion/ui/ballMain; motion/ui/bodyGeneral; motion/ui/image; motion/ui/forces,motion.domain/parts/50-predefinedballs.xml
Motion & Forces > Motion > Balls,Soccer ball,motion/soccer-ball,Soccer ball,user-mass; material; static-friction; dynamic-friction; coefficient-of-restitution; radius; drag-coefficient; control-mode; Lock position: lock-pos; image; Show forces: forces-shown; force-labels-shown; Weight: gravity-force-shown; Weight (resolved): resolved-gravity-force-shown; Contact: contact-force-shown; Friction: friction-force-shown; Driving force: constant-force-shown; Tension: tension-force-shown; Drag force: drag-force-shown; Buoyancy force: buoyancy-force-shown; Net force: net-force-shown,Moment of inertia (moment-of-inertia); Angle of rotation (user-ang); Angular velocity (user-angvel); Angular acceleration (user-angacc); Torque (user-torque); Weight (weight); Velocity (magnitude) (user-velocity); Velocity (x) (user-velocity-x); Velocity (y) (user-velocity-y); Driving force (magnitude) (user-force); Driving force (x) (user-force-x); Driving force (y) (user-force-y); Displacement (x) (user-motion-pos-x); Displacement (y) (user-motion-pos-y); Distance (distance-from-origin); Acceleration (x) (user-acc-x); Acceleration (y) (user-acc-y); Acceleration (magnitude) (user-acc-mag); Net force (translational) (user-net-force-mag); Speed (speed); Kinetic energy (translational) (translational-ek); Kinetic energy (rotational) (rotational-ek); Kinetic energy (total) (total-ek); Gravitational potential energy (gravitational-ep); Momentum (x) (momentum-x); Momentum (y) (momentum-y); Density (density); Volume (volume); Force shown (forces-shown); Force labels shown (force-labels-shown); Weight shown (gravity-force-shown); Resolved weight shown (resolved-gravity-force-shown); Net force shown (net-force-shown); Driving force shown (constant-force-shown); Friction force shown (friction-force-shown); Contact force shown (contact-force-shown); Tension force shown (tension-force-shown); Drag force shown (drag-force-shown); Buoyancy force shown (buoyancy-force-shown); Control mode (control-mode); Mass (user-mass),motion/ui/ballMain; motion/ui/bodyGeneral; motion/ui/image; motion/ui/forces,motion.domain/parts/50-predefinedballs.xml
Motion & Forces > Motion > Balls,Basketball,motion/basketball,Basketball,user-mass; material; static-friction; dynamic-friction; coefficient-of-restitution; radius; drag-coefficient; control-mode; Lock position: lock-pos; image; Show forces: forces-shown; force-labels-shown; Weight: gravity-force-shown; Weight (resolved): resolved-gravity-force-shown; Contact: contact-force-shown; Friction: friction-force-shown; Driving force: constant-force-shown; Tension: tension-force-shown; Drag force: drag-force-shown; Buoyancy force: buoyancy-force-shown; Net force: net-force-shown,Moment of inertia (moment-of-inertia); Angle of rotation (user-ang); Angular velocity (user-angvel); Angular acceleration (user-angacc); Torque (user-torque); Weight (weight); Velocity (magnitude) (user-velocity); Velocity (x) (user-velocity-x); Velocity (y) (user-velocity-y); Driving force (magnitude) (user-force); Driving force (x) (user-force-x); Driving force (y) (user-force-y); Displacement (x) (user-motion-pos-x); Displacement (y) (user-motion-pos-y); Distance (distance-from-origin); Acceleration (x) (user-acc-x); Acceleration (y) (user-acc-y); Acceleration (magnitude) (user-acc-mag); Net force (translational) (user-net-force-mag); Speed (speed); Kinetic energy (translational) (translational-ek); Kinetic energy (rotational) (rotational-ek); Kinetic energy (total) (total-ek); Gravitational potential energy (gravitational-ep); Momentum (x) (momentum-x); Momentum (y) (momentum-y); Density (density); Volume (volume); Force shown (forces-shown); Force labels shown (force-labels-shown); Weight shown (gravity-force-shown); Resolved weight shown (resolved-gravity-force-shown); Net force shown (net-force-shown); Driving force shown (constant-force-shown); Friction force shown (friction-force-shown); Contact force shown (contact-force-shown); Tension force shown (tension-force-shown); Drag force shown (drag-force-shown); Buoyancy force shown (buoyancy-force-shown); Control mode (control-mode); Mass (user-mass),motion/ui/ballMain; motion/ui/bodyGeneral; motion/ui/image; motion/ui/forces,motion.domain/parts/50-predefinedballs.xml
Motion & Forces > Motion > Balls,Cricket ball,motion/cricket-ball,Cricket ball,user-mass; material; static-friction; dynamic-friction; coefficient-of-restitution; radius; drag-coefficient; control-mode; Lock position: lock-pos; image; Show forces: forces-shown; force-labels-shown; Weight: gravity-force-shown; Weight (resolved): resolved-gravity-force-shown; Contact: contact-force-shown; Friction: friction-force-shown; Driving force: constant-force-shown; Tension: tension-force-shown; Drag force: drag-force-shown; Buoyancy force: buoyancy-force-shown; Net force: net-force-shown,Moment of inertia (moment-of-inertia); Angle of rotation (user-ang); Angular velocity (user-angvel); Angular acceleration (user-angacc); Torque (user-torque); Weight (weight); Velocity (magnitude) (user-velocity); Velocity (x) (user-velocity-x); Velocity (y) (user-velocity-y); Driving force (magnitude) (user-force); Driving force (x) (user-force-x); Driving force (y) (user-force-y); Displacement (x) (user-motion-pos-x); Displacement (y) (user-motion-pos-y); Distance (distance-from-origin); Acceleration (x) (user-acc-x); Acceleration (y) (user-acc-y); Acceleration (magnitude) (user-acc-mag); Net force (translational) (user-net-force-mag); Speed (speed); Kinetic energy (translational) (translational-ek); Kinetic energy (rotational) (rotational-ek); Kinetic energy (total) (total-ek); Gravitational potential energy (gravitational-ep); Momentum (x) (momentum-x); Momentum (y) (momentum-y); Density (density); Volume (volume); Force shown (forces-shown); Force labels shown (force-labels-shown); Weight shown (gravity-force-shown); Resolved weight shown (resolved-gravity-force-shown); Net force shown (net-force-shown); Driving force shown (constant-force-shown); Friction force shown (friction-force-shown); Contact force shown (contact-force-shown); Tension force shown (tension-force-shown); Drag force shown (drag-force-shown); Buoyancy force shown (buoyancy-force-shown); Control mode (control-mode); Mass (user-mass),motion/ui/ballMain; motion/ui/bodyGeneral; motion/ui/image; motion/ui/forces,motion.domain/parts/50-predefinedballs.xml
Motion & Forces > Motion > Balls,Golf ball,motion/golf-ball,Golf ball,user-mass; material; static-friction; dynamic-friction; coefficient-of-restitution; radius; drag-coefficient; control-mode; Lock position: lock-pos; image; Show forces: forces-shown; force-labels-shown; Weight: gravity-force-shown; Weight (resolved): resolved-gravity-force-shown; Contact: contact-force-shown; Friction: friction-force-shown; Driving force: constant-force-shown; Tension: tension-force-shown; Drag force: drag-force-shown; Buoyancy force: buoyancy-force-shown; Net force: net-force-shown,Moment of inertia (moment-of-inertia); Angle of rotation (user-ang); Angular velocity (user-angvel); Angular acceleration (user-angacc); Torque (user-torque); Weight (weight); Velocity (magnitude) (user-velocity); Velocity (x) (user-velocity-x); Velocity (y) (user-velocity-y); Driving force (magnitude) (user-force); Driving force (x) (user-force-x); Driving force (y) (user-force-y); Displacement (x) (user-motion-pos-x); Displacement (y) (user-motion-pos-y); Distance (distance-from-origin); Acceleration (x) (user-acc-x); Acceleration (y) (user-acc-y); Acceleration (magnitude) (user-acc-mag); Net force (translational) (user-net-force-mag); Speed (speed); Kinetic energy (translational) (translational-ek); Kinetic energy (rotational) (rotational-ek); Kinetic energy (total) (total-ek); Gravitational potential energy (gravitational-ep); Momentum (x) (momentum-x); Momentum (y) (momentum-y); Density (density); Volume (volume); Force shown (forces-shown); Force labels shown (force-labels-shown); Weight shown (gravity-force-shown); Resolved weight shown (resolved-gravity-force-shown); Net force shown (net-force-shown); Driving force shown (constant-force-shown); Friction force shown (friction-force-shown); Contact force shown (contact-force-shown); Tension force shown (tension-force-shown); Drag force shown (drag-force-shown); Buoyancy force shown (buoyancy-force-shown); Control mode (control-mode); Mass (user-mass),motion/ui/ballMain; motion/ui/bodyGeneral; motion/ui/image; motion/ui/forces,motion.domain/parts/50-predefinedballs.xml
Motion & Forces > Motion > Balls,Tennis ball,motion/tennis-ball,Tennis ball,user-mass; material; static-friction; dynamic-friction; coefficient-of-restitution; radius; drag-coefficient; control-mode; Lock position: lock-pos; image; Show forces: forces-shown; force-labels-shown; Weight: gravity-force-shown; Weight (resolved): resolved-gravity-force-shown; Contact: contact-force-shown; Friction: friction-force-shown; Driving force: constant-force-shown; Tension: tension-force-shown; Drag force: drag-force-shown; Buoyancy force: buoyancy-force-shown; Net force: net-force-shown,Moment of inertia (moment-of-inertia); Angle of rotation (user-ang); Angular velocity (user-angvel); Angular acceleration (user-angacc); Torque (user-torque); Weight (weight); Velocity (magnitude) (user-velocity); Velocity (x) (user-velocity-x); Velocity (y) (user-velocity-y); Driving force (magnitude) (user-force); Driving force (x) (user-force-x); Driving force (y) (user-force-y); Displacement (x) (user-motion-pos-x); Displacement (y) (user-motion-pos-y); Distance (distance-from-origin); Acceleration (x) (user-acc-x); Acceleration (y) (user-acc-y); Acceleration (magnitude) (user-acc-mag); Net force (translational) (user-net-force-mag); Speed (speed); Kinetic energy (translational) (translational-ek); Kinetic energy (rotational) (rotational-ek); Kinetic energy (total) (total-ek); Gravitational potential energy (gravitational-ep); Momentum (x) (momentum-x); Momentum (y) (momentum-y); Density (density); Volume (volume); Force shown (forces-shown); Force labels shown (force-labels-shown); Weight shown (gravity-force-shown); Resolved weight shown (resolved-gravity-force-shown); Net force shown (net-force-shown); Driving force shown (constant-force-shown); Friction force shown (friction-force-shown); Contact force shown (contact-force-shown); Tension force shown (tension-force-shown); Drag force shown (drag-force-shown); Buoyancy force shown (buoyancy-force-shown); Control mode (control-mode); Mass (user-mass),motion/ui/ballMain; motion/ui/bodyGeneral; motion/ui/image; motion/ui/forces,motion.domain/parts/50-predefinedballs.xml
Motion & Forces > Motion > Balls,Billiard ball,motion/billiard-ball,Billiard ball,user-mass; material; static-friction; dynamic-friction; coefficient-of-restitution; radius; drag-coefficient; control-mode; Lock position: lock-pos; image; Show forces: forces-shown; force-labels-shown; Weight: gravity-force-shown; Weight (resolved): resolved-gravity-force-shown; Contact: contact-force-shown; Friction: friction-force-shown; Driving force: constant-force-shown; Tension: tension-force-shown; Drag force: drag-force-shown; Buoyancy force: buoyancy-force-shown; Net force: net-force-shown,Moment of inertia (moment-of-inertia); Angle of rotation (user-ang); Angular velocity (user-angvel); Angular acceleration (user-angacc); Torque (user-torque); Weight (weight); Velocity (magnitude) (user-velocity); Velocity (x) (user-velocity-x); Velocity (y) (user-velocity-y); Driving force (magnitude) (user-force); Driving force (x) (user-force-x); Driving force (y) (user-force-y); Displacement (x) (user-motion-pos-x); Displacement (y) (user-motion-pos-y); Distance (distance-from-origin); Acceleration (x) (user-acc-x); Acceleration (y) (user-acc-y); Acceleration (magnitude) (user-acc-mag); Net force (translational) (user-net-force-mag); Speed (speed); Kinetic energy (translational) (translational-ek); Kinetic energy (rotational) (rotational-ek); Kinetic energy (total) (total-ek); Gravitational potential energy (gravitational-ep); Momentum (x) (momentum-x); Momentum (y) (momentum-y); Density (density); Volume (volume); Force shown (forces-shown); Force labels shown (force-labels-shown); Weight shown (gravity-force-shown); Resolved weight shown (resolved-gravity-force-shown); Net force shown (net-force-shown); Driving force shown (constant-force-shown); Friction force shown (friction-force-shown); Contact force shown (contact-force-shown); Tension force shown (tension-force-shown); Drag force shown (drag-force-shown); Buoyancy force shown (buoyancy-force-shown); Control mode (control-mode); Mass (user-mass),motion/ui/ballMain; motion/ui/bodyGeneral; motion/ui/image; motion/ui/forces,motion.domain/parts/50-predefinedballs.xml
Motion & Forces > Motion > Balls,Wooden ball,motion/wood-ball2,Wooden ball,user-mass; material; static-friction; dynamic-friction; coefficient-of-restitution; radius; drag-coefficient; control-mode; Lock position: lock-pos; image; Show forces: forces-shown; force-labels-shown; Weight: gravity-force-shown; Weight (resolved): resolved-gravity-force-shown; Contact: contact-force-shown; Friction: friction-force-shown; Driving force: constant-force-shown; Tension: tension-force-shown; Drag force: drag-force-shown; Buoyancy force: buoyancy-force-shown; Net force: net-force-shown,Moment of inertia (moment-of-inertia); Angle of rotation (user-ang); Angular velocity (user-angvel); Angular acceleration (user-angacc); Torque (user-torque); Weight (weight); Velocity (magnitude) (user-velocity); Velocity (x) (user-velocity-x); Velocity (y) (user-velocity-y); Driving force (magnitude) (user-force); Driving force (x) (user-force-x); Driving force (y) (user-force-y); Displacement (x) (user-motion-pos-x); Displacement (y) (user-motion-pos-y); Distance (distance-from-origin); Acceleration (x) (user-acc-x); Acceleration (y) (user-acc-y); Acceleration (magnitude) (user-acc-mag); Net force (translational) (user-net-force-mag); Speed (speed); Kinetic energy (translational) (translational-ek); Kinetic energy (rotational) (rotational-ek); Kinetic energy (total) (total-ek); Gravitational potential energy (gravitational-ep); Momentum (x) (momentum-x); Momentum (y) (momentum-y); Density (density); Volume (volume); Force shown (forces-shown); Force labels shown (force-labels-shown); Weight shown (gravity-force-shown); Resolved weight shown (resolved-gravity-force-shown); Net force shown (net-force-shown); Driving force shown (constant-force-shown); Friction force shown (friction-force-shown); Contact force shown (contact-force-shown); Tension force shown (tension-force-shown); Drag force shown (drag-force-shown); Buoyancy force shown (buoyancy-force-shown); Static friction (static-friction); Kinetic friction (dynamic-friction); Elasticity (coefficient-of-restitution); Control mode (control-mode); Mass (user-mass),motion/ui/ballMain; motion/ui/bodyGeneral; motion/ui/image; motion/ui/forces,motion.domain/parts/50-predefinedballs.xml
Motion & Forces > Motion > Balls,Rubber ball,motion/rubber-ball2,Rubber ball,user-mass; material; static-friction; dynamic-friction; coefficient-of-restitution; radius; drag-coefficient; control-mode; Lock position: lock-pos; image; Show forces: forces-shown; force-labels-shown; Weight: gravity-force-shown; Weight (resolved): resolved-gravity-force-shown; Contact: contact-force-shown; Friction: friction-force-shown; Driving force: constant-force-shown; Tension: tension-force-shown; Drag force: drag-force-shown; Buoyancy force: buoyancy-force-shown; Net force: net-force-shown,Moment of inertia (moment-of-inertia); Angle of rotation (user-ang); Angular velocity (user-angvel); Angular acceleration (user-angacc); Torque (user-torque); Weight (weight); Velocity (magnitude) (user-velocity); Velocity (x) (user-velocity-x); Velocity (y) (user-velocity-y); Driving force (magnitude) (user-force); Driving force (x) (user-force-x); Driving force (y) (user-force-y); Displacement (x) (user-motion-pos-x); Displacement (y) (user-motion-pos-y); Distance (distance-from-origin); Acceleration (x) (user-acc-x); Acceleration (y) (user-acc-y); Acceleration (magnitude) (user-acc-mag); Net force (translational) (user-net-force-mag); Speed (speed); Kinetic energy (translational) (translational-ek); Kinetic energy (rotational) (rotational-ek); Kinetic energy (total) (total-ek); Gravitational potential energy (gravitational-ep); Momentum (x) (momentum-x); Momentum (y) (momentum-y); Density (density); Volume (volume); Force shown (forces-shown); Force labels shown (force-labels-shown); Weight shown (gravity-force-shown); Resolved weight shown (resolved-gravity-force-shown); Net force shown (net-force-shown); Driving force shown (constant-force-shown); Friction force shown (friction-force-shown); Contact force shown (contact-force-shown); Tension force shown (tension-force-shown); Drag force shown (drag-force-shown); Buoyancy force shown (buoyancy-force-shown); Static friction (static-friction); Kinetic friction (dynamic-friction); Elasticity (coefficient-of-restitution); Control mode (control-mode); Mass (user-mass),motion/ui/ballMain; motion/ui/bodyGeneral; motion/ui/image; motion/ui/forces,motion.domain/parts/50-predefinedballs.xml
Motion & Forces > Motion > Balls,Metal ball,motion/metal-ball2,Metal ball,user-mass; material; static-friction; dynamic-friction; coefficient-of-restitution; radius; drag-coefficient; control-mode; Lock position: lock-pos; image; Show forces: forces-shown; force-labels-shown; Weight: gravity-force-shown; Weight (resolved): resolved-gravity-force-shown; Contact: contact-force-shown; Friction: friction-force-shown; Driving force: constant-force-shown; Tension: tension-force-shown; Drag force: drag-force-shown; Buoyancy force: buoyancy-force-shown; Net force: net-force-shown,Moment of inertia (moment-of-inertia); Angle of rotation (user-ang); Angular velocity (user-angvel); Angular acceleration (user-angacc); Torque (user-torque); Weight (weight); Velocity (magnitude) (user-velocity); Velocity (x) (user-velocity-x); Velocity (y) (user-velocity-y); Driving force (magnitude) (user-force); Driving force (x) (user-force-x); Driving force (y) (user-force-y); Displacement (x) (user-motion-pos-x); Displacement (y) (user-motion-pos-y); Distance (distance-from-origin); Acceleration (x) (user-acc-x); Acceleration (y) (user-acc-y); Acceleration (magnitude) (user-acc-mag); Net force (translational) (user-net-force-mag); Speed (speed); Kinetic energy (translational) (translational-ek); Kinetic energy (rotational) (rotational-ek); Kinetic energy (total) (total-ek); Gravitational potential energy (gravitational-ep); Momentum (x) (momentum-x); Momentum (y) (momentum-y); Density (density); Volume (volume); Force shown (forces-shown); Force labels shown (force-labels-shown); Weight shown (gravity-force-shown); Resolved weight shown (resolved-gravity-force-shown); Net force shown (net-force-shown); Driving force shown (constant-force-shown); Friction force shown (friction-force-shown); Contact force shown (contact-force-shown); Tension force shown (tension-force-shown); Drag force shown (drag-force-shown); Buoyancy force shown (buoyancy-force-shown); Static friction (static-friction); Kinetic friction (dynamic-friction); Elasticity (coefficient-of-restitution); Control mode (control-mode); Mass (user-mass),motion/ui/ballMain; motion/ui/bodyGeneral; motion/ui/image; motion/ui/forces,motion.domain/parts/50-predefinedballs.xml
Motion & Forces > Motion > Balls,Concrete ball,motion/concrete-ball2,Concrete ball,user-mass; material; static-friction; dynamic-friction; coefficient-of-restitution; radius; drag-coefficient; control-mode; Lock position: lock-pos; image; Show forces: forces-shown; force-labels-shown; Weight: gravity-force-shown; Weight (resolved): resolved-gravity-force-shown; Contact: contact-force-shown; Friction: friction-force-shown; Driving force: constant-force-shown; Tension: tension-force-shown; Drag force: drag-force-shown; Buoyancy force: buoyancy-force-shown; Net force: net-force-shown,Moment of inertia (moment-of-inertia); Angle of rotation (user-ang); Angular velocity (user-angvel); Angular acceleration (user-angacc); Torque (user-torque); Weight (weight); Velocity (magnitude) (user-velocity); Velocity (x) (user-velocity-x); Velocity (y) (user-velocity-y); Driving force (magnitude) (user-force); Driving force (x) (user-force-x); Driving force (y) (user-force-y); Displacement (x) (user-motion-pos-x); Displacement (y) (user-motion-pos-y); Distance (distance-from-origin); Acceleration (x) (user-acc-x); Acceleration (y) (user-acc-y); Acceleration (magnitude) (user-acc-mag); Net force (translational) (user-net-force-mag); Speed (speed); Kinetic energy (translational) (translational-ek); Kinetic energy (rotational) (rotational-ek); Kinetic energy (total) (total-ek); Gravitational potential energy (gravitational-ep); Momentum (x) (momentum-x); Momentum (y) (momentum-y); Density (density); Volume (volume); Force shown (forces-shown); Force labels shown (force-labels-shown); Weight shown (gravity-force-shown); Resolved weight shown (resolved-gravity-force-shown); Net force shown (net-force-shown); Driving force shown (constant-force-shown); Friction force shown (friction-force-shown); Contact force shown (contact-force-shown); Tension force shown (tension-force-shown); Drag force shown (drag-force-shown); Buoyancy force shown (buoyancy-force-shown); Static friction (static-friction); Kinetic friction (dynamic-friction); Elasticity (coefficient-of-restitution); Control mode (control-mode); Mass (user-mass),motion/ui/ballMain; motion/ui/bodyGeneral; motion/ui/image; motion/ui/forces,motion.domain/parts/50-predefinedballs.xml
Motion & Forces > Motion > Balls,Glass ball,motion/glass-ball2,Glass ball,user-mass; material; static-friction; dynamic-friction; coefficient-of-restitution; radius; drag-coefficient; control-mode; Lock position: lock-pos; image; Show forces: forces-shown; force-labels-shown; Weight: gravity-force-shown; Weight (resolved): resolved-gravity-force-shown; Contact: contact-force-shown; Friction: friction-force-shown; Driving force: constant-force-shown; Tension: tension-force-shown; Drag force: drag-force-shown; Buoyancy force: buoyancy-force-shown; Net force: net-force-shown,Moment of inertia (moment-of-inertia); Angle of rotation (user-ang); Angular velocity (user-angvel); Angular acceleration (user-angacc); Torque (user-torque); Weight (weight); Velocity (magnitude) (user-velocity); Velocity (x) (user-velocity-x); Velocity (y) (user-velocity-y); Driving force (magnitude) (user-force); Driving force (x) (user-force-x); Driving force (y) (user-force-y); Displacement (x) (user-motion-pos-x); Displacement (y) (user-motion-pos-y); Distance (distance-from-origin); Acceleration (x) (user-acc-x); Acceleration (y) (user-acc-y); Acceleration (magnitude) (user-acc-mag); Net force (translational) (user-net-force-mag); Speed (speed); Kinetic energy (translational) (translational-ek); Kinetic energy (rotational) (rotational-ek); Kinetic energy (total) (total-ek); Gravitational potential energy (gravitational-ep); Momentum (x) (momentum-x); Momentum (y) (momentum-y); Density (density); Volume (volume); Force shown (forces-shown); Force labels shown (force-labels-shown); Weight shown (gravity-force-shown); Resolved weight shown (resolved-gravity-force-shown); Net force shown (net-force-shown); Driving force shown (constant-force-shown); Friction force shown (friction-force-shown); Contact force shown (contact-force-shown); Tension force shown (tension-force-shown); Drag force shown (drag-force-shown); Buoyancy force shown (buoyancy-force-shown); Static friction (static-friction); Kinetic friction (dynamic-friction); Elasticity (coefficient-of-restitution); Control mode (control-mode); Mass (user-mass),motion/ui/ballMain; motion/ui/bodyGeneral; motion/ui/image; motion/ui/forces,motion.domain/parts/50-predefinedballs.xml
Motion & Forces > Motion > Balls,Ice ball,motion/ice-ball2,Ice ball,user-mass; material; static-friction; dynamic-friction; coefficient-of-restitution; radius; drag-coefficient; control-mode; Lock position: lock-pos; image; Show forces: forces-shown; force-labels-shown; Weight: gravity-force-shown; Weight (resolved): resolved-gravity-force-shown; Contact: contact-force-shown; Friction: friction-force-shown; Driving force: constant-force-shown; Tension: tension-force-shown; Drag force: drag-force-shown; Buoyancy force: buoyancy-force-shown; Net force: net-force-shown,Moment of inertia (moment-of-inertia); Angle of rotation (user-ang); Angular velocity (user-angvel); Angular acceleration (user-angacc); Torque (user-torque); Weight (weight); Velocity (magnitude) (user-velocity); Velocity (x) (user-velocity-x); Velocity (y) (user-velocity-y); Driving force (magnitude) (user-force); Driving force (x) (user-force-x); Driving force (y) (user-force-y); Displacement (x) (user-motion-pos-x); Displacement (y) (user-motion-pos-y); Distance (distance-from-origin); Acceleration (x) (user-acc-x); Acceleration (y) (user-acc-y); Acceleration (magnitude) (user-acc-mag); Net force (translational) (user-net-force-mag); Speed (speed); Kinetic energy (translational) (translational-ek); Kinetic energy (rotational) (rotational-ek); Kinetic energy (total) (total-ek); Gravitational potential energy (gravitational-ep); Momentum (x) (momentum-x); Momentum (y) (momentum-y); Density (density); Volume (volume); Force shown (forces-shown); Force labels shown (force-labels-shown); Weight shown (gravity-force-shown); Resolved weight shown (resolved-gravity-force-shown); Net force shown (net-force-shown); Driving force shown (constant-force-shown); Friction force shown (friction-force-shown); Contact force shown (contact-force-shown); Tension force shown (tension-force-shown); Drag force shown (drag-force-shown); Buoyancy force shown (buoyancy-force-shown); Static friction (static-friction); Kinetic friction (dynamic-friction); Elasticity (coefficient-of-restitution); Control mode (control-mode); Mass (user-mass),motion/ui/ballMain; motion/ui/bodyGeneral; motion/ui/image; motion/ui/forces,motion.domain/parts/50-predefinedballs.xml
Motion & Forces > Motion > Blocks,Ideal elastic block,motion/ideal-elastic-block,Ideal elastic block,user-mass; material; static-friction; dynamic-friction; coefficient-of-restitution; drag-coefficient; block-height; block-width; block-depth; control-mode; Lock position: lock-pos; image; Show forces: forces-shown; force-labels-shown; Weight: gravity-force-shown; Weight (resolved): resolved-gravity-force-shown; Contact: contact-force-shown; Friction: friction-force-shown; Driving force: constant-force-shown; Tension: tension-force-shown; Drag force: drag-force-shown; Buoyancy force: buoyancy-force-shown; Net force: net-force-shown,Moment of inertia (moment-of-inertia); Angle of rotation (user-ang); Angular velocity (user-angvel); Angular acceleration (user-angacc); Torque (user-torque); Weight (weight); Velocity (magnitude) (user-velocity); Velocity (x) (user-velocity-x); Velocity (y) (user-velocity-y); Driving force (magnitude) (user-force); Driving force (x) (user-force-x); Driving force (y) (user-force-y); Displacement (x) (user-motion-pos-x); Displacement (y) (user-motion-pos-y); Distance (distance-from-origin); Acceleration (x) (user-acc-x); Acceleration (y) (user-acc-y); Acceleration (magnitude) (user-acc-mag); Net force (translational) (user-net-force-mag); Speed (speed); Kinetic energy (translational) (translational-ek); Kinetic energy (rotational) (rotational-ek); Kinetic energy (total) (total-ek); Gravitational potential energy (gravitational-ep); Momentum (x) (momentum-x); Momentum (y) (momentum-y); Density (density); Volume (volume); Force shown (forces-shown); Force labels shown (force-labels-shown); Weight shown (gravity-force-shown); Resolved weight shown (resolved-gravity-force-shown); Net force shown (net-force-shown); Driving force shown (constant-force-shown); Friction force shown (friction-force-shown); Contact force shown (contact-force-shown); Tension force shown (tension-force-shown); Drag force shown (drag-force-shown); Buoyancy force shown (buoyancy-force-shown); Static friction (static-friction); Kinetic friction (dynamic-friction); Elasticity (coefficient-of-restitution); Control mode (control-mode); Width (block-width); Height (block-height); Depth (block-depth); Mass (user-mass),motion/ui/blockMain; motion/ui/bodyGeneral; motion/ui/image; motion/ui/forces,motion.domain/parts/50-predefinedblocks.xml
Motion & Forces > Motion > Blocks,Ideal inelastic block,motion/ideal-inelastic-block,Ideal inelastic block,user-mass; material; static-friction; dynamic-friction; coefficient-of-restitution; drag-coefficient; block-height; block-width; block-depth; control-mode; Lock position: lock-pos; image; Show forces: forces-shown; force-labels-shown; Weight: gravity-force-shown; Weight (resolved): resolved-gravity-force-shown; Contact: contact-force-shown; Friction: friction-force-shown; Driving force: constant-force-shown; Tension: tension-force-shown; Drag force: drag-force-shown; Buoyancy force: buoyancy-force-shown; Net force: net-force-shown,Moment of inertia (moment-of-inertia); Angle of rotation (user-ang); Angular velocity (user-angvel); Angular acceleration (user-angacc); Torque (user-torque); Weight (weight); Velocity (magnitude) (user-velocity); Velocity (x) (user-velocity-x); Velocity (y) (user-velocity-y); Driving force (magnitude) (user-force); Driving force (x) (user-force-x); Driving force (y) (user-force-y); Displacement (x) (user-motion-pos-x); Displacement (y) (user-motion-pos-y); Distance (distance-from-origin); Acceleration (x) (user-acc-x); Acceleration (y) (user-acc-y); Acceleration (magnitude) (user-acc-mag); Net force (translational) (user-net-force-mag); Speed (speed); Kinetic energy (translational) (translational-ek); Kinetic energy (rotational) (rotational-ek); Kinetic energy (total) (total-ek); Gravitational potential energy (gravitational-ep); Momentum (x) (momentum-x); Momentum (y) (momentum-y); Density (density); Volume (volume); Force shown (forces-shown); Force labels shown (force-labels-shown); Weight shown (gravity-force-shown); Resolved weight shown (resolved-gravity-force-shown); Net force shown (net-force-shown); Driving force shown (constant-force-shown); Friction force shown (friction-force-shown); Contact force shown (contact-force-shown); Tension force shown (tension-force-shown); Drag force shown (drag-force-shown); Buoyancy force shown (buoyancy-force-shown); Static friction (static-friction); Kinetic friction (dynamic-friction); Elasticity (coefficient-of-restitution); Control mode (control-mode); Width (block-width); Height (block-height); Depth (block-depth); Mass (user-mass),motion/ui/blockMain; motion/ui/bodyGeneral; motion/ui/image; motion/ui/forces,motion.domain/parts/50-predefinedblocks.xml
Motion & Forces > Motion > Blocks,Brick,motion/brick2,Brick,user-mass; material; static-friction; dynamic-friction; coefficient-of-restitution; drag-coefficient; block-height; block-width; block-depth; control-mode; Lock position: lock-pos; image; Show forces: forces-shown; force-labels-shown; Weight: gravity-force-shown; Weight (resolved): resolved-gravity-force-shown; Contact: contact-force-shown; Friction: friction-force-shown; Driving force: constant-force-shown; Tension: tension-force-shown; Drag force: drag-force-shown; Buoyancy force: buoyancy-force-shown; Net force: net-force-shown,Moment of inertia (moment-of-inertia); Angle of rotation (user-ang); Angular velocity (user-angvel); Angular acceleration (user-angacc); Torque (user-torque); Weight (weight); Velocity (magnitude) (user-velocity); Velocity (x) (user-velocity-x); Velocity (y) (user-velocity-y); Driving force (magnitude) (user-force); Driving force (x) (user-force-x); Driving force (y) (user-force-y); Displacement (x) (user-motion-pos-x); Displacement (y) (user-motion-pos-y); Distance (distance-from-origin); Acceleration (x) (user-acc-x); Acceleration (y) (user-acc-y); Acceleration (magnitude) (user-acc-mag); Net force (translational) (user-net-force-mag); Speed (speed); Kinetic energy (translational) (translational-ek); Kinetic energy (rotational) (rotational-ek); Kinetic energy (total) (total-ek); Gravitational potential energy (gravitational-ep); Momentum (x) (momentum-x); Momentum (y) (momentum-y); Density (density); Volume (volume); Force shown (forces-shown); Force labels shown (force-labels-shown); Weight shown (gravity-force-shown); Resolved weight shown (resolved-gravity-force-shown); Net force shown (net-force-shown); Driving force shown (constant-force-shown); Friction force shown (friction-force-shown); Contact force shown (contact-force-shown); Tension force shown (tension-force-shown); Drag force shown (drag-force-shown); Buoyancy force shown (buoyancy-force-shown); Control mode (control-mode); Width (block-width); Height (block-height); Depth (block-depth); Mass (user-mass),motion/ui/blockMain; motion/ui/bodyGeneral; motion/ui/image; motion/ui/forces,motion.domain/parts/50-predefinedblocks.xml
Motion & Forces > Motion > Blocks,Wooden block,motion/wood-block2,Wooden block,user-mass; material; static-friction; dynamic-friction; coefficient-of-restitution; drag-coefficient; block-height; block-width; block-depth; control-mode; Lock position: lock-pos; image; Show forces: forces-shown; force-labels-shown; Weight: gravity-force-shown; Weight (resolved): resolved-gravity-force-shown; Contact: contact-force-shown; Friction: friction-force-shown; Driving force: constant-force-shown; Tension: tension-force-shown; Drag force: drag-force-shown; Buoyancy force: buoyancy-force-shown; Net force: net-force-shown,Moment of inertia (moment-of-inertia); Angle of rotation (user-ang); Angular velocity (user-angvel); Angular acceleration (user-angacc); Torque (user-torque); Weight (weight); Velocity (magnitude) (user-velocity); Velocity (x) (user-velocity-x); Velocity (y) (user-velocity-y); Driving force (magnitude) (user-force); Driving force (x) (user-force-x); Driving force (y) (user-force-y); Displacement (x) (user-motion-pos-x); Displacement (y) (user-motion-pos-y); Distance (distance-from-origin); Acceleration (x) (user-acc-x); Acceleration (y) (user-acc-y); Acceleration (magnitude) (user-acc-mag); Net force (translational) (user-net-force-mag); Speed (speed); Kinetic energy (translational) (translational-ek); Kinetic energy (rotational) (rotational-ek); Kinetic energy (total) (total-ek); Gravitational potential energy (gravitational-ep); Momentum (x) (momentum-x); Momentum (y) (momentum-y); Density (density); Volume (volume); Force shown (forces-shown); Force labels shown (force-labels-shown); Weight shown (gravity-force-shown); Resolved weight shown (resolved-gravity-force-shown); Net force shown (net-force-shown); Driving force shown (constant-force-shown); Friction force shown (friction-force-shown); Contact force shown (contact-force-shown); Tension force shown (tension-force-shown); Drag force shown (drag-force-shown); Buoyancy force shown (buoyancy-force-shown); Static friction (static-friction); Kinetic friction (dynamic-friction); Elasticity (coefficient-of-restitution); Control mode (control-mode); Width (block-width); Height (block-height); Depth (block-depth); Mass (user-mass),motion/ui/blockMain; motion/ui/bodyGeneral; motion/ui/image; motion/ui/forces,motion.domain/parts/50-predefinedblocks.xml
Motion & Forces > Motion > Blocks,Metal block,motion/metal-block2,Metal block,user-mass; material; static-friction; dynamic-friction; coefficient-of-restitution; drag-coefficient; block-height; block-width; block-depth; control-mode; Lock position: lock-pos; image; Show forces: forces-shown; force-labels-shown; Weight: gravity-force-shown; Weight (resolved): resolved-gravity-force-shown; Contact: contact-force-shown; Friction: friction-force-shown; Driving force: constant-force-shown; Tension: tension-force-shown; Drag force: drag-force-shown; Buoyancy force: buoyancy-force-shown; Net force: net-force-shown,Moment of inertia (moment-of-inertia); Angle of rotation (user-ang); Angular velocity (user-angvel); Angular acceleration (user-angacc); Torque (user-torque); Weight (weight); Velocity (magnitude) (user-velocity); Velocity (x) (user-velocity-x); Velocity (y) (user-velocity-y); Driving force (magnitude) (user-force); Driving force (x) (user-force-x); Driving force (y) (user-force-y); Displacement (x) (user-motion-pos-x); Displacement (y) (user-motion-pos-y); Distance (distance-from-origin); Acceleration (x) (user-acc-x); Acceleration (y) (user-acc-y); Acceleration (magnitude) (user-acc-mag); Net force (translational) (user-net-force-mag); Speed (speed); Kinetic energy (translational) (translational-ek); Kinetic energy (rotational) (rotational-ek); Kinetic energy (total) (total-ek); Gravitational potential energy (gravitational-ep); Momentum (x) (momentum-x); Momentum (y) (momentum-y); Density (density); Volume (volume); Force shown (forces-shown); Force labels shown (force-labels-shown); Weight shown (gravity-force-shown); Resolved weight shown (resolved-gravity-force-shown); Net force shown (net-force-shown); Driving force shown (constant-force-shown); Friction force shown (friction-force-shown); Contact force shown (contact-force-shown); Tension force shown (tension-force-shown); Drag force shown (drag-force-shown); Buoyancy force shown (buoyancy-force-shown); Static friction (static-friction); Kinetic friction (dynamic-friction); Elasticity (coefficient-of-restitution); Control mode (control-mode); Width (block-width); Height (block-height); Depth (block-depth); Mass (user-mass),motion/ui/blockMain; motion/ui/bodyGeneral; motion/ui/image; motion/ui/forces,motion.domain/parts/50-predefinedblocks.xml
Motion & Forces > Motion > Blocks,Rubber block,motion/rubber-block2,Rubber block,user-mass; material; static-friction; dynamic-friction; coefficient-of-restitution; drag-coefficient; block-height; block-width; block-depth; control-mode; Lock position: lock-pos; image; Show forces: forces-shown; force-labels-shown; Weight: gravity-force-shown; Weight (resolved): resolved-gravity-force-shown; Contact: contact-force-shown; Friction: friction-force-shown; Driving force: constant-force-shown; Tension: tension-force-shown; Drag force: drag-force-shown; Buoyancy force: buoyancy-force-shown; Net force: net-force-shown,Moment of inertia (moment-of-inertia); Angle of rotation (user-ang); Angular velocity (user-angvel); Angular acceleration (user-angacc); Torque (user-torque); Weight (weight); Velocity (magnitude) (user-velocity); Velocity (x) (user-velocity-x); Velocity (y) (user-velocity-y); Driving force (magnitude) (user-force); Driving force (x) (user-force-x); Driving force (y) (user-force-y); Displacement (x) (user-motion-pos-x); Displacement (y) (user-motion-pos-y); Distance (distance-from-origin); Acceleration (x) (user-acc-x); Acceleration (y) (user-acc-y); Acceleration (magnitude) (user-acc-mag); Net force (translational) (user-net-force-mag); Speed (speed); Kinetic energy (translational) (translational-ek); Kinetic energy (rotational) (rotational-ek); Kinetic energy (total) (total-ek); Gravitational potential energy (gravitational-ep); Momentum (x) (momentum-x); Momentum (y) (momentum-y); Density (density); Volume (volume); Force shown (forces-shown); Force labels shown (force-labels-shown); Weight shown (gravity-force-shown); Resolved weight shown (resolved-gravity-force-shown); Net force shown (net-force-shown); Driving force shown (constant-force-shown); Friction force shown (friction-force-shown); Contact force shown (contact-force-shown); Tension force shown (tension-force-shown); Drag force shown (drag-force-shown); Buoyancy force shown (buoyancy-force-shown); Static friction (static-friction); Kinetic friction (dynamic-friction); Elasticity (coefficient-of-restitution); Control mode (control-mode); Width (block-width); Height (block-height); Depth (block-depth); Mass (user-mass),motion/ui/blockMain; motion/ui/bodyGeneral; motion/ui/image; motion/ui/forces,motion.domain/parts/50-predefinedblocks.xml
Motion & Forces > Motion > Blocks,Glass block,motion/glass-block2,Glass block,user-mass; material; static-friction; dynamic-friction; coefficient-of-restitution; drag-coefficient; block-height; block-width; block-depth; control-mode; Lock position: lock-pos; image; Show forces: forces-shown; force-labels-shown; Weight: gravity-force-shown; Weight (resolved): resolved-gravity-force-shown; Contact: contact-force-shown; Friction: friction-force-shown; Driving force: constant-force-shown; Tension: tension-force-shown; Drag force: drag-force-shown; Buoyancy force: buoyancy-force-shown; Net force: net-force-shown,Moment of inertia (moment-of-inertia); Angle of rotation (user-ang); Angular velocity (user-angvel); Angular acceleration (user-angacc); Torque (user-torque); Weight (weight); Velocity (magnitude) (user-velocity); Velocity (x) (user-velocity-x); Velocity (y) (user-velocity-y); Driving force (magnitude) (user-force); Driving force (x) (user-force-x); Driving force (y) (user-force-y); Displacement (x) (user-motion-pos-x); Displacement (y) (user-motion-pos-y); Distance (distance-from-origin); Acceleration (x) (user-acc-x); Acceleration (y) (user-acc-y); Acceleration (magnitude) (user-acc-mag); Net force (translational) (user-net-force-mag); Speed (speed); Kinetic energy (translational) (translational-ek); Kinetic energy (rotational) (rotational-ek); Kinetic energy (total) (total-ek); Gravitational potential energy (gravitational-ep); Momentum (x) (momentum-x); Momentum (y) (momentum-y); Density (density); Volume (volume); Force shown (forces-shown); Force labels shown (force-labels-shown); Weight shown (gravity-force-shown); Resolved weight shown (resolved-gravity-force-shown); Net force shown (net-force-shown); Driving force shown (constant-force-shown); Friction force shown (friction-force-shown); Contact force shown (contact-force-shown); Tension force shown (tension-force-shown); Drag force shown (drag-force-shown); Buoyancy force shown (buoyancy-force-shown); Static friction (static-friction); Kinetic friction (dynamic-friction); Elasticity (coefficient-of-restitution); Control mode (control-mode); Width (block-width); Height (block-height); Depth (block-depth); Mass (user-mass),motion/ui/blockMain; motion/ui/bodyGeneral; motion/ui/image; motion/ui/forces,motion.domain/parts/50-predefinedblocks.xml
Motion & Forces > Motion > Blocks,Ice block,motion/ice-block2,Ice block,user-mass; material; static-friction; dynamic-friction; coefficient-of-restitution; drag-coefficient; block-height; block-width; block-depth; control-mode; Lock position: lock-pos; image; Show forces: forces-shown; force-labels-shown; Weight: gravity-force-shown; Weight (resolved): resolved-gravity-force-shown; Contact: contact-force-shown; Friction: friction-force-shown; Driving force: constant-force-shown; Tension: tension-force-shown; Drag force: drag-force-shown; Buoyancy force: buoyancy-force-shown; Net force: net-force-shown,Moment of inertia (moment-of-inertia); Angle of rotation (user-ang); Angular velocity (user-angvel); Angular acceleration (user-angacc); Torque (user-torque); Weight (weight); Velocity (magnitude) (user-velocity); Velocity (x) (user-velocity-x); Velocity (y) (user-velocity-y); Driving force (magnitude) (user-force); Driving force (x) (user-force-x); Driving force (y) (user-force-y); Displacement (x) (user-motion-pos-x); Displacement (y) (user-motion-pos-y); Distance (distance-from-origin); Acceleration (x) (user-acc-x); Acceleration (y) (user-acc-y); Acceleration (magnitude) (user-acc-mag); Net force (translational) (user-net-force-mag); Speed (speed); Kinetic energy (translational) (translational-ek); Kinetic energy (rotational) (rotational-ek); Kinetic energy (total) (total-ek); Gravitational potential energy (gravitational-ep); Momentum (x) (momentum-x); Momentum (y) (momentum-y); Density (density); Volume (volume); Force shown (forces-shown); Force labels shown (force-labels-shown); Weight shown (gravity-force-shown); Resolved weight shown (resolved-gravity-force-shown); Net force shown (net-force-shown); Driving force shown (constant-force-shown); Friction force shown (friction-force-shown); Contact force shown (contact-force-shown); Tension force shown (tension-force-shown); Drag force shown (drag-force-shown); Buoyancy force shown (buoyancy-force-shown); Static friction (static-friction); Kinetic friction (dynamic-friction); Elasticity (coefficient-of-restitution); Control mode (control-mode); Width (block-width); Height (block-height); Depth (block-depth); Mass (user-mass),motion/ui/blockMain; motion/ui/bodyGeneral; motion/ui/image; motion/ui/forces,motion.domain/parts/50-predefinedblocks.xml
Motion & Forces > Motion > Blocks,Concrete block,motion/concrete-block2,Concrete block,user-mass; material; static-friction; dynamic-friction; coefficient-of-restitution; drag-coefficient; block-height; block-width; block-depth; control-mode; Lock position: lock-pos; image; Show forces: forces-shown; force-labels-shown; Weight: gravity-force-shown; Weight (resolved): resolved-gravity-force-shown; Contact: contact-force-shown; Friction: friction-force-shown; Driving force: constant-force-shown; Tension: tension-force-shown; Drag force: drag-force-shown; Buoyancy force: buoyancy-force-shown; Net force: net-force-shown,Moment of inertia (moment-of-inertia); Angle of rotation (user-ang); Angular velocity (user-angvel); Angular acceleration (user-angacc); Torque (user-torque); Weight (weight); Velocity (magnitude) (user-velocity); Velocity (x) (user-velocity-x); Velocity (y) (user-velocity-y); Driving force (magnitude) (user-force); Driving force (x) (user-force-x); Driving force (y) (user-force-y); Displacement (x) (user-motion-pos-x); Displacement (y) (user-motion-pos-y); Distance (distance-from-origin); Acceleration (x) (user-acc-x); Acceleration (y) (user-acc-y); Acceleration (magnitude) (user-acc-mag); Net force (translational) (user-net-force-mag); Speed (speed); Kinetic energy (translational) (translational-ek); Kinetic energy (rotational) (rotational-ek); Kinetic energy (total) (total-ek); Gravitational potential energy (gravitational-ep); Momentum (x) (momentum-x); Momentum (y) (momentum-y); Density (density); Volume (volume); Force shown (forces-shown); Force labels shown (force-labels-shown); Weight shown (gravity-force-shown); Resolved weight shown (resolved-gravity-force-shown); Net force shown (net-force-shown); Driving force shown (constant-force-shown); Friction force shown (friction-force-shown); Contact force shown (contact-force-shown); Tension force shown (tension-force-shown); Drag force shown (drag-force-shown); Buoyancy force shown (buoyancy-force-shown); Static friction (static-friction); Kinetic friction (dynamic-friction); Elasticity (coefficient-of-restitution); Control mode (control-mode); Width (block-width); Height (block-height); Depth (block-depth); Mass (user-mass),motion/ui/blockMain; motion/ui/bodyGeneral; motion/ui/image; motion/ui/forces,motion.domain/parts/50-predefinedblocks.xml
Motion & Forces > Motion,Cart,motion/cart,Cart,user-mass; material; coefficient-of-restitution; drag-coefficient; block-height; block-width; block-depth; control-mode; Lock position: lock-pos; image; Show forces: forces-shown; force-labels-shown; Weight: gravity-force-shown; Weight (resolved): resolved-gravity-force-shown; Contact: contact-force-shown; Friction: friction-force-shown; Driving force: constant-force-shown; Tension: tension-force-shown; Drag force: drag-force-shown; Buoyancy force: buoyancy-force-shown; Net force: net-force-shown,Moment of inertia (moment-of-inertia); Angle of rotation (user-ang); Angular velocity (user-angvel); Angular acceleration (user-angacc); Torque (user-torque); Weight (weight); Velocity (magnitude) (user-velocity); Velocity (x) (user-velocity-x); Velocity (y) (user-velocity-y); Driving force (magnitude) (user-force); Driving force (x) (user-force-x); Driving force (y) (user-force-y); Displacement (x) (user-motion-pos-x); Displacement (y) (user-motion-pos-y); Distance (distance-from-origin); Acceleration (x) (user-acc-x); Acceleration (y) (user-acc-y); Acceleration (magnitude) (user-acc-mag); Net force (translational) (user-net-force-mag); Speed (speed); Kinetic energy (translational) (translational-ek); Kinetic energy (rotational) (rotational-ek); Kinetic energy (total) (total-ek); Gravitational potential energy (gravitational-ep); Momentum (x) (momentum-x); Momentum (y) (momentum-y); Density (density); Volume (volume); Force shown (forces-shown); Force labels shown (force-labels-shown); Weight shown (gravity-force-shown); Resolved weight shown (resolved-gravity-force-shown); Net force shown (net-force-shown); Driving force shown (constant-force-shown); Friction force shown (friction-force-shown); Contact force shown (contact-force-shown); Tension force shown (tension-force-shown); Drag force shown (drag-force-shown); Buoyancy force shown (buoyancy-force-shown); Material (material); static-friction; dynamic-friction; Elasticity (coefficient-of-restitution); Control mode (control-mode); Width (block-width); Height (block-height); Depth (block-depth); Mass (user-mass); Image (image),motion/ui/cartMain; motion/ui/bodyGeneral; motion/ui/image; motion/ui/forces,motion.domain/parts/30-freebody.xml
Motion & Forces > Motion,Rod,motion/rod,Rod,natural-length; Show tension: tension-force-shown; Show force label: force-labels-shown,Length (natural-length); Tension (tension); Force shown (forces-shown); Force label shown (force-labels-shown); Tension force shown (tension-force-shown); Angle from vertical (angle-from-vertical),motion/ui/rod,motion.domain/parts/30-freebody.xml
Motion & Forces > Motion,Spring,motion/spring,Spring,natural-length; units: spring-constant; extension; spring-constant; Show tension: tension-force-shown; Show force label: force-labels-shown,Natural length (natural-length); Tension (tension); Extension (extension); Elastic potential energy (elastic-ep); Force shown (forces-shown); Force label shown (force-labels-shown); Tension force shown (tension-force-shown); Spring constant (spring-constant),motion/ui/spring,motion.domain/parts/30-freebody.xml
Optics,Optical Space,optics/opticalSpace2,Optical Space,,Space units to meters ratio (scale); opticalspace-color; width; height; visible-size,,optics.domain/parts/optics.xml
Optics > Ray Diagrams,Near Object Marker,optics/nearAxisObject,Near Object Marker,optical-axis; image; Show picture: show-picture; Show Ray-point line on picture: show-raypoint-line; Show intensities/picture images: show-intensity-pic; Show intermediate images: show-intermediate-images; raystoeye-basicrays; raystoeye-movepoint; Restore Defaults: raystoeye-restore; raystoeye-coverage; Focal point: raystomirrors-focalpoint; Centre of curvature: raystomirrors-curvature; raystomirrors-coverage; Restore Defaults: raystomirrors-restore; Perpendicular: raystomirrors-perpendicular; raystomirrors-movepoint; raystomirrors-basicrays; raystolens-movepoint; raystolens-coverage; Perpendicular: raystolens-perpendicular; Restore Defaults: raystolens-restore; Focal point: raystolens-focalpoint; raystolens-basicrays,show-picture; show-raypoint-line; Image (image),optics/ui/nearObject,optics.domain/parts/optics.xml
Optics > Ray Diagrams,Far Object Marker,optics/farAxisObject,Far Object Marker,angularsize; image; Show picture: show-picture; Show Ray-point line on picture: show-raypoint-line; Show intensities/picture images: show-intensity-pic; Show intemediate images: show-intermediate-images; picture-size; raystoeye-basicrays; raystoeye-movepoint; Restore Defaults: raystoeye-restore; raystoeye-coverage; raystolens-basicrays; raystolens-coverage; raystolens-movepoint; Restore Defaults: raystolens-restore,show-picture; show-raypoint-line; Image (image),optics/ui/farObject,optics.domain/parts/optics.xml
Optics > Ray Diagrams,Screen,optics/projection,Screen,,,,optics.domain/parts/optics.xml
Optics > Ray Diagrams,Eye,optics/eye,Eye,eye-showLineofSight; eye-looksright; eye-regionOfInterest; Show picture: show-picture; Invert Image: eye-invertImage,show-picture,optics/ui/eye,optics.domain/parts/optics.xml
Optics > Light Sources,Diverging beam,optics/lamp,Diverging beam,wavelength; color; spread,,optics/ui/lamp,optics.domain/parts/optics.xml
Optics > Light Sources,Parallel beam,optics/torch,Parallel beam,torch-radius; wavelength; color,,optics/ui/torch,optics.domain/parts/optics.xml
Optics > Light Sources,Ray box,optics/rayBox,Ray box,raybox-separation; wavelength; color; raybox-noofrays,,optics/ui/rayBox,optics.domain/parts/optics.xml
Optics > Lenses,Concave Lens,optics/concaveLens,Concave Lens,flength; Show focal length: showflength,,optics/ui/lens,optics.domain/parts/optics.xml
Optics > Lenses,Convex Lens,optics/convexLens,Convex Lens,flength; Show focal length: showflength,,optics/ui/lens,optics.domain/parts/optics.xml
Optics > Mirrors,Plane Mirror,optics/planeMirror,Plane Mirror,Show normal: planeMirror-showNormal,,optics/ui/planeMirror,optics.domain/parts/optics.xml
Optics > Mirrors,Concave Mirror,optics/concaveMirror,Concave Mirror,radius; Show focal length: showFocalLength,,optics/ui/mirror,optics.domain/parts/optics.xml
Optics > Mirrors,Convex Mirror,optics/convexMirror,Convex Mirror,radius; Show focal length: showFocalLength,,optics/ui/mirror,optics.domain/parts/optics.xml
Optics > Mirrors,Parabolic Mirror,optics/parabolicMirror,Parabolic Mirror,Show focal length: showFocalLength; radius,,optics/ui/parabolicMirror,optics.domain/parts/optics.xml
Optics > Transparent Objects,Prism,optics/prism,Prism,material; refindex; Show Normal: shownormal,,optics/ui/prism,optics.domain/parts/optics.xml
Optics > Transparent Objects,Transparent Block,optics/transparentBlock,Transparent Block,Show Secondary Reflections: showsecreflection; Show Normal: shownormal; material; refindex,,optics/ui/transparentBlock,optics.domain/parts/optics.xml
Optics > Transparent Objects,Semi-circular Block,optics/semicircularBlock,Semi-circular Block,material; refindex; Show Normal: shownormal,,optics/ui/prism,optics.domain/parts/optics.xml
Optics > Opaque Objects,Adjustable Slit,optics/adjustableSlit,Adjustable Slit,Show Part: part-visible; adjustableslit-radius; Green: part-color,,optics/ui/adjustableSlit,optics.domain/parts/optics.xml
Optics > Opaque Objects,Opaque Ball,optics/opaqueBall,Opaque Ball,Show Part: part-visible; Black: part-color; opaqueball-radius,,optics/ui/opaqueBall,optics.domain/parts/optics.xml
Optics > Opaque Objects,Opaque Block,optics/opaqueBlock,Opaque Block,Show Part: part-visible; Black: part-color,,optics/ui/opaqueBlock,optics.domain/parts/optics.xml
Optics > Opaque Objects,Opaque Triangle,optics/opaqueTriangle,Opaque Triangle,Show Part: part-visible; Black: part-color,,optics/ui/opaqueBlock,optics.domain/parts/optics.xml
Optics > Measurement Tools,Ruler,presentation/ruler,Ruler,tic-gap; length; Show ticks:: show-tics; 0: length; 0: ratio; Black: colour,Display colour (colour); Show ticks (show-tics); Tick gap (tic-gap),presentation/ui/ruler; presentation/ui/colour,presentation.domain/parts/10-presentation.xml
Optics > Measurement Tools,Protractor,presentation/protractor,Protractor,angle; Fix: fix-angle; Black: colour,Angle (angle); Fix angle (fix-angle),presentation/ui/protractor; presentation/ui/colour,presentation.domain/parts/10-presentation.xml
Optics > Measurement Tools,Marker,presentation/marker,Marker,display-mode; label-text; Show label?: show-label; Black: colour,Display colour (colour); Display mode (display-mode); Show label (show-label); Label text (label-text),presentation/ui/marker; presentation/ui/colour,presentation.domain/parts/10-presentation.xml
Presentation > Measurement Tools,Ruler,presentation/ruler,Ruler,tic-gap; length; Show ticks:: show-tics; 0: length; 0: ratio; Black: colour,Display colour (colour); Show ticks (show-tics); Tick gap (tic-gap),presentation/ui/ruler; presentation/ui/colour,presentation.domain/parts/10-presentation.xml
Presentation > Measurement Tools,Protractor,presentation/protractor,Protractor,angle; Fix: fix-angle; Black: colour,Angle (angle); Fix angle (fix-angle),presentation/ui/protractor; presentation/ui/colour,presentation.domain/parts/10-presentation.xml
Presentation > Measurement Tools,Marker,presentation/marker,Marker,display-mode; label-text; Show label?: show-label; Black: colour,Display colour (colour); Display mode (display-mode); Show label (show-label); Label text (label-text),presentation/ui/marker; presentation/ui/colour,presentation.domain/parts/10-presentation.xml
Presentation,Graph,presentation/graph,Graph,"y-spacing [major-grid]; Major, every:: y-enabled [major-grid]; Minor: y-enabled [minor-grid]; y-unit-provider; y-max; y-min; Minor: x-enabled [minor-grid]; x-spacing [major-grid]; Major, every:: x-enabled [major-grid]; x-unit-provider; x-min; x-max; graph-mode; Black: stroke [minor-grid]; Black: stroke [major-grid]; Black: stroke [x-axis]; Black: stroke [y-axis]; max-datapoints; enabled; Black: stroke; line-style; line-weight; point-size",Size (size); Background colour (background-color); Simulation time (local-time); Graph mode (graph-mode),presentation/ui/graph,presentation.domain/parts/30-graph.xml
Presentation,Text,presentation/text,Text,,Size (size); Text (unformatted-text); Border style (border-style); Border colour (border-color); Border width (border-width); Background colour (background-color); Font colour (font-color); Font size (font-size); Font name (font-name); Underline (underline),,presentation.domain/parts/10-presentation.xml
Presentation,Instructions,presentation/instructions,Instructions,,Text (unformatted-text); Border colour (border-color); Border width (border-width); Font colour (font-color); Font size (font-size); Underline (underline); Current page (current-page),,presentation.domain/parts/10-presentation.xml
Presentation,Picture,presentation/image,Picture,border-width; border-style; Black: border-color; image,Size (size); Picture scale (scale); Border style (border-style); Border colour (border-color); Border width (border-width),presentation/ui/picture,presentation.domain/parts/10-presentation.xml
Presentation,Animation,presentation/advanced-animation,Animation,frame-rate; sequences; Play current animation:: looping; Clicking on animation:: play-mode,Orientation (orientation-proxy); Number of frames (num-frames); Frame rate (frame-rate); Scale (scale); Looping (looping),presentation/ui/advanced-animation,presentation.domain/parts/20-animation.xml
Presentation,Button,presentation/button,Button,Button Mode: latch-mode,Value (value); Latch mode (latch-mode),presentation/ui/button; presentation/ui/buttonType,presentation.domain/parts/10-presentation.xml
Presentation,Number,presentation/spinbox,Number,Increment:: increment-type; increment-value; Units:: multiplier; unit-provider; min-max-unit-name; minimum-value; maximum-value; Black: text-colour; Display...: mode; label,Mode (mode); Label (label); Value (value); Minimum value (minimum-value); Maximum value (maximum-value); Increment type (increment-type),presentation/ui/spinbox,presentation.domain/parts/10-presentation.xml
Presentation,Checkbox,presentation/checkbox,Checkbox,Display...: mode; label; Black: text-colour,Mode (mode); Label (label); Value (value),presentation/ui/checkbox,presentation.domain/parts/10-presentation.xml
Presentation,Drop-down list,presentation/dropdown,Drop-down list,Display...: mode; label; Black: text-colour,Mode (mode); Label (label); Value (value),presentation/ui/dropdownlist,presentation.domain/parts/10-presentation.xml
Presentation,Edit box,presentation/editbox,Edit box,text-width; Display...: mode; label; Black: text-colour,Mode (mode); Label (label); Edit box length (text-width); Value (value),presentation/ui/editbox,presentation.domain/parts/10-presentation.xml
Presentation,Pause,presentation/pause,Pause,,Value (value); Latch mode (latch-mode),presentation/ui/button,presentation.domain/parts/10-presentation.xml
Presentation,Reload,presentation/reload,Reload,,Value (value),presentation/ui/button,presentation.domain/parts/10-presentation.xml
Presentation,Part Tray,presentation/parttray/2d,Part tray,,Number of rows (m); Number of columns (n),,presentation.domain/parts/10-presentation.xml
Waves > 1D,Wave propagation space,waves/1d/wavespace/propagation,Wave propagation space,,outer-size; Width (physical-width); Space type (freq-range); Wavespace time (wave-time-proxy); Pulse type (pulse-type); Pulse length (pulse-length); Pulse gap (pulse-gap); Waveform (wave-form); Period (period); Frequency (frequency); Wavelength (wavelength); Amplitude (amplitude); Source displacement (displacement-at-source); Wave speed (wave-speed),waves/ui/oned/wavespace-general; waves/ui/oned/source; waves/ui/oned/wave-display-prop,waves.domain/parts/waves1D.xml
Waves > 1D,Wave penetration space,waves/1d/wavespace/penetration,Wave penetration space,,outer-size; Width (physical-width); Wavespace time (wave-time-proxy); Pulse type (pulse-type); Pulse length (pulse-length); Pulse gap (pulse-gap); Waveform (wave-form); Period (period); Frequency (frequency); Wavelength (wavelength); Amplitude (amplitude); Source displacement (displacement-at-source); Wave speed (wave-speed); Wave speed in right block (right-wave-speed); Wavelength in right block (right-wavelength); Wave speed in left block (left-wave-speed); Wavelength in left block (left-wavelength),waves/ui/oned/wavespace-general; waves/ui/oned/source; waves/ui/oned/block; waves/ui/oned/wave-display-prop,waves.domain/parts/waves1D.xml
Waves > 1D,Wave reflection space,waves/1d/wavespace/reflection,Wave reflection space,,outer-size; Width (physical-width); Space type (freq-range); Wavespace time (wave-time-proxy); Pulse type (pulse-type); Pulse length (pulse-length); Pulse gap (pulse-gap); Waveform (wave-form); Period (period); Frequency (frequency); Wavelength (wavelength); Amplitude (amplitude); Source displacement (displacement-at-source); Wave speed (wave-speed),waves/ui/oned/wavespace-general; waves/ui/oned/source; waves/ui/oned/wave-display-refl,waves.domain/parts/waves1D.xml
Waves > 1D,Wave interference space,waves/1d/wavespace/interference,Wave interference space,,outer-size; Width (physical-width); Space type (freq-range); Wavespace time (wave-time-proxy); Pulse type (pulse-type); Pulse length (pulse-length); Pulse gap (pulse-gap); Waveform (wave-form); Period (period); Frequency (frequency); Wavelength (wavelength); Amplitude (amplitude); Source displacement (displacement-at-source); Wave speed (wave-speed); Right pulse type (right-pulse-type); Right pulse length (right-pulse-length); Right pulse gap (right-pulse-gap); Right waveform (right-wave-form); Right period (right-period); Right frequency (right-frequency); Right wavelength (right-wavelength); Right amplitude (right-amplitude); Right source displacement (right-displacement-at-source),waves/ui/oned/wavespace-general; waves/ui/oned/source; waves/ui/oned/wave-display-inter,waves.domain/parts/waves1D.xml
Waves > 1D,Wave pinned space,waves/1d/wavespace/pinned,Wave pinned space,,outer-size; Width (physical-width); Wavespace time (wave-time-proxy); Pulse type (pulse-type); Pulse length (pulse-length); Pulse gap (pulse-gap); Waveform (wave-form); Period (period); Frequency (frequency); Wavelength (wavelength); Amplitude (amplitude); Source displacement (displacement-at-source); Wave speed (wave-speed),waves/ui/oned/wavespace-general; waves/ui/oned/source; waves/ui/oned/wave-display-refl,waves.domain/parts/waves1D.xml
Waves > 1D,Wave plucking space,waves/1d/wavespace/plucking,Wave plucking space,,outer-size; Width (physical-width); Space type (freq-range); Wavespace time (wave-time-proxy); Damping (damping); Tension (tension); Harmonic (harmonic-as-string); Harmonic (harmonic-as-int); Harmonic frequency (harmonic-frequency-tuned-with),waves/ui/oned/wave-plucking,waves.domain/parts/waves1D.xml
Waves > 2D,Electromagnetic wavespace,waves/em-wavespace2-holder,Electromagnetic wavespace,,Wave speed (wave-speed); Wavespace time (wave-time); Hide waves smaller than (min-displacement-to-plot); Reflecting walls (reflecting-boundary); Try to hide reflections (try-reduce-reflections); Wave colour (wave-color); Background colour (background-color); Background image (background-image),waves/ui/move-to-wavespace,waves.domain/parts/waves.xml
Waves > 2D,Sound wavespace,waves/sound-wavespace2-holder,Sound wavespace,,Wave speed (wave-speed); Wavespace time (wave-time); Hide waves smaller than (min-displacement-to-plot); Reflecting walls (reflecting-boundary); Try to hide reflections (try-reduce-reflections); Background colour (background-color); Background image (background-image),waves/ui/move-to-wavespace,waves.domain/parts/waves.xml
Waves > 2D,Water wavespace,waves/water-wavespace2-holder,Water wavespace,,Wave speed (wave-speed); Wavespace time (wave-time); Hide waves smaller than (min-displacement-to-plot); Reflecting walls (reflecting-boundary); Try to hide reflections (try-reduce-reflections); Background colour (background-color); Background image (background-image),waves/ui/move-to-wavespace,waves.domain/parts/waves.xml
Waves > 2D > Sources,Point Source,waves/point-source,Point source,,Source (pulse-type); Pulse length (pulse-length); Pulse gap (pulse-gap); Phase (phase); Instantaneous phase (instantaneous-phase); Frequency (frequency); Wavelength (wavelength); Colour (color); Displacement (displacement); Amplitude (amplitude); Source speed (speed); Source bearing (bearing),waves/ui/move-to-wavespace,waves.domain/parts/waves.xml
Waves > 2D > Sources,Line Source,waves/line-source,Line source,,Source (pulse-type); Pulse length (pulse-length); Pulse gap (pulse-gap); Phase (phase); Instantaneous phase (instantaneous-phase); Frequency (frequency); Wavelength (wavelength); Colour (color); Displacement (displacement); Amplitude (amplitude); Source speed (speed); Source bearing (bearing); move-start-notifier,waves/ui/move-to-wavespace,waves.domain/parts/waves.xml
Waves > 2D > Sources,Moving Point Source,waves/moving-point-source,Moving point source,,Source (pulse-type); Pulse length (pulse-length); Pulse gap (pulse-gap); Phase (phase); Instantaneous phase (instantaneous-phase); Frequency (frequency); Wavelength (wavelength); Colour (color); Displacement (displacement); Amplitude (amplitude); Source speed (speed); Source bearing (bearing),waves/ui/move-to-wavespace,waves.domain/parts/waves.xml
Waves > 2D > Reflectors,Plane Reflector,waves/plane-reflector,Plane Reflector,,Damping (damping-coeff-as-percentage),waves/ui/move-to-wavespace,waves.domain/parts/waves.xml
Waves > 2D > Obstacles,Block,waves/rect-obstacle,Rectangular obstacle,,Material (material); Damping (damping-coeff-as-percentage),waves/ui/move-to-wavespace,waves.domain/parts/waves.xml
Waves > 2D > Obstacles,Sloped block,waves/sloped-block-obstacle,Sloped block obstacle,,Material (material); Damping (damping-coeff-as-percentage); Slope angle (slope-angle),waves/ui/move-to-wavespace,waves.domain/parts/waves.xml
Waves > 2D > Obstacles,Triangle,waves/triangular-obstacle,Triangular obstacle,,Material (material); Damping (damping-coeff-as-percentage),waves/ui/move-to-wavespace,waves.domain/parts/waves.xml
Waves > 2D > Obstacles,Circle,waves/circular-obstacle,Circular obstacle,,Material (material); Damping (damping-coeff-as-percentage),waves/ui/move-to-wavespace,waves.domain/parts/waves.xml
Waves > 2D > Slits,Single Slit,waves/single-slit-obstacle,Single slit,,Slit width (slit-width),waves/ui/move-to-wavespace,waves.domain/parts/waves.xml
Waves > 2D > Slits,Double Slit,waves/double-slit-obstacle,Double slit,,Slit width (slit-width); Slit spacing (slit-spacing),waves/ui/move-to-wavespace,waves.domain/parts/waves.xml
Waves > 2D > Measurement,Detector,waves/detector,Detector,,Frequency (frequency); Displacement (displacement); Minimum displacement (displacement-min); Maximum displacement (displacement-max),waves/ui/move-to-wavespace,waves.domain/parts/waves.xml
