category_path,part_label,part_class,property,property_label,type,flags,default,ui_editable,ui_widgets,ui_text,subparts,validator,units,default_unit,control_panes
Electronics > Analog > Power Supplies,Battery,electronics/battery,offset,,point,,"12,14",no,,,,,,,electronics/ui/Voltage
Electronics > Analog > Power Supplies,Battery,electronics/battery,part-id-prefix,,,,,no,,,,,,,electronics/ui/Voltage
Electronics > Analog > Power Supplies,Battery,electronics/battery,voltage,,double,user-hidden,9,yes,ObserverSpinBox; UnitChooser,,,"{""label"": """", ""values"": [{""key"": """", ""type"": ""value-map"", ""value"": ""0.05e-12 9.999e9""}, {""key"": ""min"", ""type"": ""double"", ""value"": ""0.05e-12""}, {""key"": ""max"", ""type"": ""double"", ""value"": ""9.999e9""}]}",picovolts; nanovolts; microvolts; millivolts; volts; kilovolts; megavolts,volts,electronics/ui/Voltage
Electronics > Analog > Power Supplies,Battery,electronics/battery,user-current,,,proxy,../p[@key=two-terminal-current],no,,,,,,,electronics/ui/Voltage
Electronics > Analog > Power Supplies,Battery,electronics/battery,user-voltage,,,proxy,../p[@key=voltage],no,,,,,,,electronics/ui/Voltage
Electronics > Analog > Power Supplies,Battery,electronics/battery,user-power,,,proxy,../p[@key=two-terminal-power],no,,,,,,,electronics/ui/Voltage
Electronics > Analog > Power Supplies,Variable voltage supply,electronics/vslide,offset,,point,,"6,6",no,,,,,,,electronics/ui/VariableVoltage
Electronics > Analog > Power Supplies,Variable voltage supply,electronics/vslide,part-id-prefix,,,,,no,,,,,,,electronics/ui/VariableVoltage
Electronics > Analog > Power Supplies,Variable voltage supply,electronics/vslide,voltage,,,computed,,yes,ObserverLabel; UnitChooser,,,,,,electronics/ui/VariableVoltage
Electronics > Analog > Power Supplies,Variable voltage supply,electronics/vslide,user-voltage,,,proxy,../p[@key=voltage],no,,,,,,,electronics/ui/VariableVoltage
Electronics > Analog > Power Supplies,Variable voltage supply,electronics/vslide,voltage-max,,double,,10,yes,ObserverSpinBox; UnitChooser,,,"{""label"": """", ""values"": [{""key"": """", ""type"": ""value-map"", ""value"": ""0 9.999e9""}, {""key"": ""min"", ""type"": ""double"", ""value"": ""0""}, {""key"": ""max"", ""type"": ""double"", ""value"": ""9.999e9""}]}",picovolts; nanovolts; microvolts; millivolts; volts; kilovolts; megavolts,volts,electronics/ui/VariableVoltage
Electronics > Analog > Power Supplies,Voltage rail,electronics/voltrail,offset,,point,,"6,6",no,,,,,,,electronics/ui/Voltage
Electronics > Analog > Power Supplies,Voltage rail,electronics/voltrail,part-id-prefix,,,,,no,,,,,,,electronics/ui/Voltage
Electronics > Analog > Power Supplies,Voltage rail,electronics/voltrail,voltage,,double,user-hidden,9,yes,ObserverSpinBox; UnitChooser,,,"{""label"": """", ""values"": [{""key"": """", ""type"": ""value-map"", ""value"": ""-9.999e9 9.999e9""}, {""key"": ""min"", ""type"": ""double"", ""value"": ""-9.999e9""}, {""key"": ""max"", ""type"": ""double"", ""value"": ""9.999e9""}]}",picovolts; nanovolts; microvolts; millivolts; volts; kilovolts; megavolts,volts,electronics/ui/Voltage
Electronics > Analog > Power Supplies,Voltage rail,electronics/voltrail,user-voltage,,,proxy,../p[@key=voltage],no,,,,,,,electronics/ui/Voltage
Electronics > Analog > Power Supplies,Zero volt rail,electronics/vzero,offset,,point,,"6,6",no,,,,,,,
Electronics > Analog > Power Supplies,Zero volt rail,electronics/vzero,part-id-prefix,,,,,no,,,,,,,
Electronics > Analog > Power Supplies,Zero volt rail,electronics/vzero,voltage,,double,,0,no,,,,,,,
Electronics > Analog > Power Supplies,Ground,electronics/earth,offset,,point,,"13,6",no,,,,,,,
Electronics > Analog > Power Supplies,Ground,electronics/earth,part-id-prefix,,,,,no,,,,,,,
Electronics > Analog > Power Supplies,Constant current source,electronics/current,offset,,point,,"8,14",no,,,,,,,electronics/ui/Current
Electronics > Analog > Power Supplies,Constant current source,electronics/current,part-id-prefix,,,,,no,,,,,,,electronics/ui/Current
Electronics > Analog > Power Supplies,Constant current source,electronics/current,current,,double,user-hidden,1,yes,ObserverSpinBox; UnitChooser,,,"{""label"": """", ""values"": [{""key"": """", ""type"": ""value-map"", ""value"": ""0.05e-12 9.999e9""}, {""key"": ""min"", ""type"": ""double"", ""value"": ""0.05e-12""}, {""key"": ""max"", ""type"": ""double"", ""value"": ""9.999e9""}]}",picoampere; nanoampere; microampere; milliampere; ampere; kiloampere; megaampere,ampere,electronics/ui/Current
Electronics > Analog > Power Supplies,Constant current source,electronics/current,user-current,,,proxy,../p[@key=current],no,,,,,,,electronics/ui/Current
Electronics > Analog > Power Supplies,Constant current source,electronics/current,user-voltage,,,proxy,../p[@key=two-terminal-voltage],no,,,,,,,electronics/ui/Current
Electronics > Analog > Power Supplies,Constant current source,electronics/current,user-power,,,proxy,../p[@key=two-terminal-power],no,,,,,,,electronics/ui/Current
Electronics > Analog > Switches,SPST,electronics/spst,offset,,point,,"14,6",no,,,,,,,
Electronics > Analog > Switches,SPST,electronics/spst,max-i,,,,15,no,,,,,,,
Electronics > Analog > Switches,SPST,electronics/spst,max-v,,,,400,no,,,,,,,
Electronics > Analog > Switches,SPST,electronics/spst,max-rv,,,,400,no,,,,,,,
Electronics > Analog > Switches,SPST,electronics/spst,part-id-prefix,,,,,no,,,,,,,
Electronics > Analog > Switches,SPST,electronics/spst,user-current,,,proxy,../p[@key=two-terminal-path-dependent-current],no,,,,,,,
Electronics > Analog > Switches,SPST,electronics/spst,user-voltage,,,proxy,../p[@key=two-terminal-voltage],no,,,,,,,
Electronics > Analog > Switches,SPST,electronics/spst,user-power,,,proxy,../p[@key=two-terminal-power],no,,,,,,,
Electronics > Analog > Switches,SPST,electronics/spst,state,,bool,,false,no,,,,,,,
Electronics > Analog > Switches,Push-to-make switch,electronics/pushmake,offset,,point,,"14,10",no,,,,,,,
Electronics > Analog > Switches,Push-to-make switch,electronics/pushmake,max-i,,,,15,no,,,,,,,
Electronics > Analog > Switches,Push-to-make switch,electronics/pushmake,max-v,,,,400,no,,,,,,,
Electronics > Analog > Switches,Push-to-make switch,electronics/pushmake,max-rv,,,,400,no,,,,,,,
Electronics > Analog > Switches,Push-to-make switch,electronics/pushmake,part-id-prefix,,,,,no,,,,,,,
Electronics > Analog > Switches,Push-to-make switch,electronics/pushmake,user-current,,,proxy,../p[@key=two-terminal-path-dependent-current],no,,,,,,,
Electronics > Analog > Switches,Push-to-make switch,electronics/pushmake,user-voltage,,,proxy,../p[@key=two-terminal-voltage],no,,,,,,,
Electronics > Analog > Switches,Push-to-make switch,electronics/pushmake,user-power,,,proxy,../p[@key=two-terminal-power],no,,,,,,,
Electronics > Analog > Switches,Push-to-make switch,electronics/pushmake,state,,bool,,false,no,,,,,,,
Electronics > Analog > Switches,Push-to-break switch,electronics/pushbreak,offset,,point,,"14,6",no,,,,,,,
Electronics > Analog > Switches,Push-to-break switch,electronics/pushbreak,max-i,,,,15,no,,,,,,,
Electronics > Analog > Switches,Push-to-break switch,electronics/pushbreak,max-v,,,,400,no,,,,,,,
Electronics > Analog > Switches,Push-to-break switch,electronics/pushbreak,max-rv,,,,400,no,,,,,,,
Electronics > Analog > Switches,Push-to-break switch,electronics/pushbreak,part-id-prefix,,,,,no,,,,,,,
Electronics > Analog > Switches,Push-to-break switch,electronics/pushbreak,user-current,,,proxy,../p[@key=two-terminal-path-dependent-current],no,,,,,,,
Electronics > Analog > Switches,Push-to-break switch,electronics/pushbreak,user-voltage,,,proxy,../p[@key=two-terminal-voltage],no,,,,,,,
Electronics > Analog > Switches,Push-to-break switch,electronics/pushbreak,user-power,,,proxy,../p[@key=two-terminal-power],no,,,,,,,
Electronics > Analog > Switches,Push-to-break switch,electronics/pushbreak,state,,bool,,false,no,,,,,,,
Electronics > Analog > Switches,SPDT,electronics/spdt,offset,,point,,"14,14",no,,,,,,,
Electronics > Analog > Switches,SPDT,electronics/spdt,max-i,,,,15,no,,,,,,,
Electronics > Analog > Switches,SPDT,electronics/spdt,max-v,,,,400,no,,,,,,,
Electronics > Analog > Switches,SPDT,electronics/spdt,max-rv,,,,400,no,,,,,,,
Electronics > Analog > Switches,SPDT,electronics/spdt,part-id-prefix,,,,,no,,,,,,,
Electronics > Analog > Switches,SPDT,electronics/spdt,state,,bool,,false,no,,,,,,,
Electronics > Analog > Switches,DPST,electronics/dpst,offset,,point,,"14,14",no,,,,,,,
Electronics > Analog > Switches,DPST,electronics/dpst,max-i,,,,15,no,,,,,,,
Electronics > Analog > Switches,DPST,electronics/dpst,max-v,,,,400,no,,,,,,,
Electronics > Analog > Switches,DPST,electronics/dpst,max-rv,,,,400,no,,,,,,,
Electronics > Analog > Switches,DPST,electronics/dpst,part-id-prefix,,,,,no,,,,,,,
Electronics > Analog > Switches,DPST,electronics/dpst,state,,bool,,false,no,,,,,,,
Electronics > Analog > Switches,DPDT,electronics/dpdt,offset,,point,,"12,28",no,,,,,,,
Electronics > Analog > Switches,DPDT,electronics/dpdt,max-i,,,,15,no,,,,,,,
Electronics > Analog > Switches,DPDT,electronics/dpdt,max-v,,,,400,no,,,,,,,
Electronics > Analog > Switches,DPDT,electronics/dpdt,max-rv,,,,400,no,,,,,,,
Electronics > Analog > Switches,DPDT,electronics/dpdt,part-id-prefix,,,,,no,,,,,,,
Electronics > Analog > Switches,DPDT,electronics/dpdt,state,,bool,,false,no,,,,,,,
Electronics > Analog > Switches,SPDT relay,electronics/spdt-relay,offset,,point,,"24,12",no,,,,,,,
Electronics > Analog > Switches,SPDT relay,electronics/spdt-relay,max-i,,,,5,no,,,,,,,
Electronics > Analog > Switches,SPDT relay,electronics/spdt-relay,max-v,,,,400,no,,,,,,,
Electronics > Analog > Switches,SPDT relay,electronics/spdt-relay,max-rv,,,,400,no,,,,,,,
Electronics > Analog > Switches,SPDT relay,electronics/spdt-relay,max-p,,,,1,no,,,,,,,
Electronics > Analog > Switches,SPDT relay,electronics/spdt-relay,part-id-prefix,,,,,no,,,,,,,
Electronics > Analog > Switches,DPDT relay,electronics/dpdt-relay,offset,,point,,"40,12",no,,,,,,,
Electronics > Analog > Switches,DPDT relay,electronics/dpdt-relay,max-i,,,,5,no,,,,,,,
Electronics > Analog > Switches,DPDT relay,electronics/dpdt-relay,max-v,,,,400,no,,,,,,,
Electronics > Analog > Switches,DPDT relay,electronics/dpdt-relay,max-rv,,,,400,no,,,,,,,
Electronics > Analog > Switches,DPDT relay,electronics/dpdt-relay,max-p,,,,1,no,,,,,,,
Electronics > Analog > Switches,DPDT relay,electronics/dpdt-relay,part-id-prefix,,,,,no,,,,,,,
Electronics > Analog > Input Components,Float switch,electronics/floatswitch,offset,,point,,"14,12",no,,,,,,,
Electronics > Analog > Input Components,Float switch,electronics/floatswitch,orientation-constraint,,,,fixed,no,,,,,,,
Electronics > Analog > Input Components,Float switch,electronics/floatswitch,max-i,,,,1,no,,,,,,,
Electronics > Analog > Input Components,Float switch,electronics/floatswitch,max-v,,,,250,no,,,,,,,
Electronics > Analog > Input Components,Float switch,electronics/floatswitch,max-rv,,,,250,no,,,,,,,
Electronics > Analog > Input Components,Float switch,electronics/floatswitch,part-id-prefix,,,,,no,,,,,,,
Electronics > Analog > Input Components,Float switch,electronics/floatswitch,user-current,,,proxy,../p[@key=two-terminal-path-dependent-current],no,,,,,,,
Electronics > Analog > Input Components,Float switch,electronics/floatswitch,user-voltage,,,proxy,../p[@key=two-terminal-voltage],no,,,,,,,
Electronics > Analog > Input Components,Float switch,electronics/floatswitch,user-power,,,proxy,../p[@key=two-terminal-power],no,,,,,,,
Electronics > Analog > Input Components,Thermistor,electronics/thermistor,offset,,point,,"10,14",no,,,,,,,electronics/ui/Thermistor
Electronics > Analog > Input Components,Thermistor,electronics/thermistor,max-p,,,,0.25,no,,,,,,,electronics/ui/Thermistor
Electronics > Analog > Input Components,Thermistor,electronics/thermistor,part-id-prefix,,,,,no,,,,,,,electronics/ui/Thermistor
Electronics > Analog > Input Components,Thermistor,electronics/thermistor,user-current,,,proxy,../p[@key=two-terminal-path-dependent-current],no,,,,,,,electronics/ui/Thermistor
Electronics > Analog > Input Components,Thermistor,electronics/thermistor,user-voltage,,,proxy,../p[@key=two-terminal-voltage],no,,,,,,,electronics/ui/Thermistor
Electronics > Analog > Input Components,Thermistor,electronics/thermistor,user-power,,,proxy,../p[@key=two-terminal-power],no,,,,,,,electronics/ui/Thermistor
Electronics > Analog > Input Components,Thermistor,electronics/thermistor,resistance,,double,computed,1.5e4,yes,ObserverLabel; UnitChooser,,,,picoohm; nanoohm; microohm; milliohm; ohm; kiloohm; megaohm,kiloohm,electronics/ui/Thermistor
Electronics > Analog > Input Components,Thermistor,electronics/thermistor,resistance-298K,,double,,1.5e4,yes,ObserverSpinBox; UnitChooser,,,"{""label"": """", ""values"": [{""key"": """", ""type"": ""value-map"", ""value"": ""5.0e-14 9.999e9""}, {""key"": ""min"", ""type"": ""double"", ""value"": ""5.0e-14""}, {""key"": ""max"", ""type"": ""double"", ""value"": ""9.999e9""}]}",picoohm; nanoohm; microohm; milliohm; ohm; kiloohm; megaohm,kiloohm,electronics/ui/Thermistor
Electronics > Analog > Input Components,LDR with Lamp,electronics/ldr-with-lamp,offset,,point,,"16,14",no,,,,,,,
Electronics > Analog > Input Components,LDR with Lamp,electronics/ldr-with-lamp,orientation-constraint,,,,fixed,no,,,,,,,
Electronics > Analog > Input Components,LDR with Lamp,electronics/ldr-with-lamp,max-i,,,,0.075,no,,,,,,,
Electronics > Analog > Input Components,LDR with Lamp,electronics/ldr-with-lamp,max-v,,,,320,no,,,,,,,
Electronics > Analog > Input Components,LDR with Lamp,electronics/ldr-with-lamp,max-rv,,,,320,no,,,,,,,
Electronics > Analog > Input Components,LDR with Lamp,electronics/ldr-with-lamp,max-p,,,,0.25,no,,,,,,,
Electronics > Analog > Input Components,LDR with Lamp,electronics/ldr-with-lamp,part-id-prefix,,,,,no,,,,,,,
Electronics > Analog > Input Components,LDR with Lamp,electronics/ldr-with-lamp,user-current,,,proxy,../p[@key=two-terminal-path-dependent-current],no,,,,,,,
Electronics > Analog > Input Components,LDR with Lamp,electronics/ldr-with-lamp,user-voltage,,,proxy,../p[@key=two-terminal-voltage],no,,,,,,,
Electronics > Analog > Input Components,LDR with Lamp,electronics/ldr-with-lamp,user-power,,,proxy,../p[@key=two-terminal-power],no,,,,,,,
Electronics > Analog > Input Components,LDR with Lamp,electronics/ldr-with-lamp,resistance,,double,computed,1e6,no,,,,,picoohm; nanoohm; microohm; milliohm; ohm; kiloohm; megaohm,ohm,
Electronics > Analog > Input Components,LDR and Lamp,electronics/ldr-and-lamp,offset,,point,,"16,14",no,,,,,,,
Electronics > Analog > Input Components,LDR and Lamp,electronics/ldr-and-lamp,max-i,,,,0.075,no,,,,,,,
Electronics > Analog > Input Components,LDR and Lamp,electronics/ldr-and-lamp,max-v,,,,320,no,,,,,,,
Electronics > Analog > Input Components,LDR and Lamp,electronics/ldr-and-lamp,max-rv,,,,320,no,,,,,,,
Electronics > Analog > Input Components,LDR and Lamp,electronics/ldr-and-lamp,max-p,,,,0.25,no,,,,,,,
Electronics > Analog > Input Components,LDR and Lamp,electronics/ldr-and-lamp,part-id-prefix,,,,,no,,,,,,,
Electronics > Analog > Input Components,LDR and Lamp,electronics/ldr-and-lamp,user-current,,,proxy,../p[@key=two-terminal-path-dependent-current],no,,,,,,,
Electronics > Analog > Input Components,LDR and Lamp,electronics/ldr-and-lamp,user-voltage,,,proxy,../p[@key=two-terminal-voltage],no,,,,,,,
Electronics > Analog > Input Components,LDR and Lamp,electronics/ldr-and-lamp,user-power,,,proxy,../p[@key=two-terminal-power],no,,,,,,,
Electronics > Analog > Input Components,LDR and Lamp,electronics/ldr-and-lamp,hide-association-control,,,,true,no,,,,,,,
Electronics > Analog > Input Components,LDR and Lamp,electronics/ldr-and-lamp,incident-flux,,,proxy,../popup[@id='LDR1 - Popup']/part[@id='LA1']/p[@key='flux'],no,,,,,,,
Electronics > Analog > Input Components,Light dependent resistor,electronics/ldr,offset,,point,,"16,14",no,,,,,,,
Electronics > Analog > Input Components,Light dependent resistor,electronics/ldr,max-i,,,,0.075,no,,,,,,,
Electronics > Analog > Input Components,Light dependent resistor,electronics/ldr,max-v,,,,320,no,,,,,,,
Electronics > Analog > Input Components,Light dependent resistor,electronics/ldr,max-rv,,,,320,no,,,,,,,
Electronics > Analog > Input Components,Light dependent resistor,electronics/ldr,max-p,,,,0.25,no,,,,,,,
Electronics > Analog > Input Components,Light dependent resistor,electronics/ldr,part-id-prefix,,,,,no,,,,,,,
Electronics > Analog > Input Components,Light dependent resistor,electronics/ldr,user-current,,,proxy,../p[@key=two-terminal-path-dependent-current],no,,,,,,,
Electronics > Analog > Input Components,Light dependent resistor,electronics/ldr,user-voltage,,,proxy,../p[@key=two-terminal-voltage],no,,,,,,,
Electronics > Analog > Input Components,Light dependent resistor,electronics/ldr,user-power,,,proxy,../p[@key=two-terminal-power],no,,,,,,,
Electronics > Analog > Input Components,Light dependent resistor,electronics/ldr,incident-flux,,,mutable-proxy,0,no,,,,,picowatt; nanowatt; microwatt; milliwatt; watt; kilowatt; megawatt,watt,
Electronics > Analog > Input Components,Photo-transistor with lamp,electronics/phototransistor,offset,,point,,"10,14",no,,,,,,,
Electronics > Analog > Input Components,Photo-transistor with lamp,electronics/phototransistor,orientation-constraint,,,,fixed,no,,,,,,,
Electronics > Analog > Input Components,Photo-transistor with lamp,electronics/phototransistor,max-i,,,,0.05,no,,,,,,,
Electronics > Analog > Input Components,Photo-transistor with lamp,electronics/phototransistor,max-v,,,,35,no,,,,,,,
Electronics > Analog > Input Components,Photo-transistor with lamp,electronics/phototransistor,max-rv,,,,35,no,,,,,,,
Electronics > Analog > Input Components,Photo-transistor with lamp,electronics/phototransistor,part-id-prefix,,,,,no,,,,,,,
Electronics > Analog > Input Components,Photo-transistor with lamp,electronics/phototransistor,user-photocurrent,,,proxy,../p[@key=current],no,,,,,,,
Electronics > Analog > Input Components,Opto-isolator,electronics/optoisolator,offset,,point,,"20,12",no,,,,,,,
Electronics > Analog > Input Components,Opto-isolator,electronics/optoisolator,max-i,,,,0.05,no,,,,,,,
Electronics > Analog > Input Components,Opto-isolator,electronics/optoisolator,max-v,,,,5300,no,,,,,,,
Electronics > Analog > Input Components,Opto-isolator,electronics/optoisolator,max-rv,,,,5300,no,,,,,,,
Electronics > Analog > Input Components,Opto-isolator,electronics/optoisolator,part-id-prefix,,,,,no,,,,,,,
Electronics > Analog > Input Components,Variable resistor,electronics/vresistor,offset,,point,,"10,14",no,,,,,,,electronics/ui/VariableResistor
Electronics > Analog > Input Components,Variable resistor,electronics/vresistor,max-v,,,,400,no,,,,,,,electronics/ui/VariableResistor
Electronics > Analog > Input Components,Variable resistor,electronics/vresistor,max-rv,,,,400,no,,,,,,,electronics/ui/VariableResistor
Electronics > Analog > Input Components,Variable resistor,electronics/vresistor,max-p,,,,5,no,,,,,,,electronics/ui/VariableResistor
Electronics > Analog > Input Components,Variable resistor,electronics/vresistor,part-id-prefix,,,,,no,,,,,,,electronics/ui/VariableResistor
Electronics > Analog > Input Components,Variable resistor,electronics/vresistor,user-current,,,proxy,../p[@key=two-terminal-path-dependent-current],no,,,,,,,electronics/ui/VariableResistor
Electronics > Analog > Input Components,Variable resistor,electronics/vresistor,user-voltage,,,proxy,../p[@key=two-terminal-voltage],no,,,,,,,electronics/ui/VariableResistor
Electronics > Analog > Input Components,Variable resistor,electronics/vresistor,user-power,,,proxy,../p[@key=two-terminal-power],no,,,,,,,electronics/ui/VariableResistor
Electronics > Analog > Input Components,Variable resistor,electronics/vresistor,resistance,,double,computed,250,yes,ObserverLabel; UnitChooser,,,,picoohm; nanoohm; microohm; milliohm; ohm; kiloohm; megaohm,ohm,electronics/ui/VariableResistor
Electronics > Analog > Input Components,Variable resistor,electronics/vresistor,resistance-max,,double,,500,yes,ObserverSpinBox; UnitChooser,,,"{""label"": """", ""values"": [{""key"": """", ""type"": ""value-map"", ""value"": ""0.2e-12 9.999e9""}, {""key"": ""min"", ""type"": ""double"", ""value"": ""0.2e-12""}, {""key"": ""max"", ""type"": ""double"", ""value"": ""9.999e9""}]}",picoohm; nanoohm; microohm; milliohm; ohm; kiloohm; megaohm,ohm,electronics/ui/VariableResistor
Electronics > Analog > Input Components,Potentiometer,electronics/potentiometer,offset,,point,,"20,14",no,,,,,,,electronics/ui/Resistance
Electronics > Analog > Input Components,Potentiometer,electronics/potentiometer,max-v,,,,400,no,,,,,,,electronics/ui/Resistance
Electronics > Analog > Input Components,Potentiometer,electronics/potentiometer,max-rv,,,,400,no,,,,,,,electronics/ui/Resistance
Electronics > Analog > Input Components,Potentiometer,electronics/potentiometer,max-p,,,,5,no,,,,,,,electronics/ui/Resistance
Electronics > Analog > Input Components,Potentiometer,electronics/potentiometer,part-id-prefix,,,,,no,,,,,,,electronics/ui/Resistance
Electronics > Analog > Input Components,Potentiometer,electronics/potentiometer,resistance,,double,,1e4,yes,ObserverSpinBox; UnitChooser,,,"{""label"": """", ""values"": [{""key"": """", ""type"": ""value-map"", ""value"": ""0.2E-12 9.999e9""}, {""key"": ""min"", ""type"": ""double"", ""value"": ""0.2E-12""}, {""key"": ""max"", ""type"": ""double"", ""value"": ""9.999e9""}]}",picoohm; nanoohm; microohm; milliohm; ohm; kiloohm; megaohm,ohm,electronics/ui/Resistance
Electronics > Analog > Input Components,Fuse,electronics/fuse,offset,,point,,"14,6",no,,,,,,,electronics/ui/Fuse
Electronics > Analog > Input Components,Fuse,electronics/fuse,part-id-prefix,,,,,no,,,,,,,electronics/ui/Fuse
Electronics > Analog > Input Components,Fuse,electronics/fuse,user-current,,,proxy,../p[@key=two-terminal-path-dependent-current],no,,,,,,,electronics/ui/Fuse
Electronics > Analog > Input Components,Fuse,electronics/fuse,user-voltage,,,proxy,../p[@key=two-terminal-voltage],no,,,,,,,electronics/ui/Fuse
Electronics > Analog > Input Components,Fuse,electronics/fuse,user-power,,,proxy,../p[@key=two-terminal-power],no,,,,,,,electronics/ui/Fuse
Electronics > Analog > Input Components,Fuse,electronics/fuse,max-current,,double,,13,yes,ObserverSpinBox; UnitChooser,,,"{""label"": """", ""values"": [{""key"": """", ""type"": ""value-map"", ""value"": ""0.1e-12 9999000000""}, {""key"": ""min"", ""type"": ""double"", ""value"": ""0.1e-12""}, {""key"": ""max"", ""type"": ""double"", ""value"": ""9999000000""}]}",picoampere; nanoampere; microampere; milliampere; ampere; kiloampere; megaampere,ampere,electronics/ui/Fuse
Electronics > Analog > Passive Components,Resistor,electronics/resistor,offset,,point,,"4,14",no,,,,,,,electronics/ui/Resistance
Electronics > Analog > Passive Components,Resistor,electronics/resistor,max-v,,,,1200,no,,,,,,,electronics/ui/Resistance
Electronics > Analog > Passive Components,Resistor,electronics/resistor,max-rv,,,,1200,no,,,,,,,electronics/ui/Resistance
Electronics > Analog > Passive Components,Resistor,electronics/resistor,max-p,,,,2,no,,,,,,,electronics/ui/Resistance
Electronics > Analog > Passive Components,Resistor,electronics/resistor,part-id-prefix,,,,,no,,,,,,,electronics/ui/Resistance
Electronics > Analog > Passive Components,Resistor,electronics/resistor,user-current,,,proxy,../p[@key=two-terminal-path-dependent-current],no,,,,,,,electronics/ui/Resistance
Electronics > Analog > Passive Components,Resistor,electronics/resistor,user-voltage,,,proxy,../p[@key=two-terminal-voltage],no,,,,,,,electronics/ui/Resistance
Electronics > Analog > Passive Components,Resistor,electronics/resistor,user-power,,,proxy,../p[@key=two-terminal-power],no,,,,,,,electronics/ui/Resistance
Electronics > Analog > Passive Components,Resistor,electronics/resistor,resistance,,double,,1.0e4,yes,ObserverSpinBox; UnitChooser,,,"{""label"": """", ""values"": [{""key"": """", ""type"": ""value-map"", ""value"": ""0.05e-12 9.999e9""}, {""key"": ""min"", ""type"": ""double"", ""value"": ""0.05e-12""}, {""key"": ""max"", ""type"": ""double"", ""value"": ""9.999e9""}]}",picoohm; nanoohm; microohm; milliohm; ohm; kiloohm; megaohm,kiloohm,electronics/ui/Resistance
Electronics > Analog > Passive Components,8 Resistors,electronics/8-resistors,offset,,point,,"12,60",no,,,,,,,electronics/ui/Resistance
Electronics > Analog > Passive Components,8 Resistors,electronics/8-resistors,max-p,,,,2,no,,,,,,,electronics/ui/Resistance
Electronics > Analog > Passive Components,8 Resistors,electronics/8-resistors,part-id-prefix,,,,,no,,,,,,,electronics/ui/Resistance
Electronics > Analog > Passive Components,8 Resistors,electronics/8-resistors,resistance,,double,,220,yes,ObserverSpinBox; UnitChooser,,,"{""label"": """", ""values"": [{""key"": """", ""type"": ""value-map"", ""value"": ""0.05e-12 9.999e9""}, {""key"": ""min"", ""type"": ""double"", ""value"": ""0.05e-12""}, {""key"": ""max"", ""type"": ""double"", ""value"": ""9.999e9""}]}",picoohm; nanoohm; microohm; milliohm; ohm; kiloohm; megaohm,ohm,electronics/ui/Resistance
Electronics > Analog > Passive Components,Inductor,electronics/inductor,offset,,point,,"2,14",no,,,,,,,electronics/ui/Inductance
Electronics > Analog > Passive Components,Inductor,electronics/inductor,max-i,,,,1,no,,,,,,,electronics/ui/Inductance
Electronics > Analog > Passive Components,Inductor,electronics/inductor,part-id-prefix,,,,,no,,,,,,,electronics/ui/Inductance
Electronics > Analog > Passive Components,Inductor,electronics/inductor,user-current,,,proxy,../p[@key=two-terminal-path-dependent-current],no,,,,,,,electronics/ui/Inductance
Electronics > Analog > Passive Components,Inductor,electronics/inductor,user-voltage,,,proxy,../p[@key=two-terminal-voltage],no,,,,,,,electronics/ui/Inductance
Electronics > Analog > Passive Components,Inductor,electronics/inductor,user-power,,,proxy,../p[@key=two-terminal-power],no,,,,,,,electronics/ui/Inductance
Electronics > Analog > Passive Components,Inductor,electronics/inductor,inductance,,double,,1.0e-2,yes,ObserverSpinBox; UnitChooser,,,"{""label"": """", ""values"": [{""key"": """", ""type"": ""value-map"", ""value"": ""0.05e-12 9.999e9""}, {""key"": ""min"", ""type"": ""double"", ""value"": ""0.05e-12""}, {""key"": ""max"", ""type"": ""double"", ""value"": ""9.999e9""}]}",picohenry; nanohenry; microhenry; millihenry; henry; kilohenry; megahenry,henry,electronics/ui/Inductance
Electronics > Analog > Passive Components,Capacitor,electronics/capacitor,offset,,point,,"12,14",no,,,,,,,electronics/ui/Capacitance
Electronics > Analog > Passive Components,Capacitor,electronics/capacitor,max-v,,,,100,no,,,,,,,electronics/ui/Capacitance
Electronics > Analog > Passive Components,Capacitor,electronics/capacitor,max-rv,,,,100,no,,,,,,,electronics/ui/Capacitance
Electronics > Analog > Passive Components,Capacitor,electronics/capacitor,part-id-prefix,,,,,no,,,,,,,electronics/ui/Capacitance
Electronics > Analog > Passive Components,Capacitor,electronics/capacitor,user-current,,,proxy,../p[@key=two-terminal-path-dependent-current],no,,,,,,,electronics/ui/Capacitance
Electronics > Analog > Passive Components,Capacitor,electronics/capacitor,user-voltage,,,proxy,../p[@key=two-terminal-voltage],no,,,,,,,electronics/ui/Capacitance
Electronics > Analog > Passive Components,Capacitor,electronics/capacitor,user-power,,,proxy,../p[@key=two-terminal-power],no,,,,,,,electronics/ui/Capacitance
Electronics > Analog > Passive Components,Capacitor,electronics/capacitor,capacitance,,double,,1.0e-7,yes,ObserverSpinBox; UnitChooser,,,"{""label"": """", ""values"": [{""key"": """", ""type"": ""value-map"", ""value"": ""0.05e-12 9.999e9""}, {""key"": ""min"", ""type"": ""double"", ""value"": ""0.05e-12""}, {""key"": ""max"", ""type"": ""double"", ""value"": ""9.999e9""}]}",picofarad; nanofarad; microfarad; millifarad; farad; kilofarad; megafarad,microfarad,electronics/ui/Capacitance
Electronics > Analog > Passive Components,Capacitor,electronics/capacitor,charge,,double,,0,yes,ObserverLabel; UnitChooser,,,,picocoulomb; nanocoulomb; microcoulomb; millicoulomb; coulomb; kilocoulomb; megacoulomb,coulomb,electronics/ui/Capacitance
Electronics > Analog > Passive Components,Electrolytic capacitor,electronics/ecapacitor,offset,,point,,"12,14",no,,,,,,,electronics/ui/Capacitance
Electronics > Analog > Passive Components,Electrolytic capacitor,electronics/ecapacitor,max-v,,,,35,no,,,,,,,electronics/ui/Capacitance
Electronics > Analog > Passive Components,Electrolytic capacitor,electronics/ecapacitor,max-rv,,,,3,no,,,,,,,electronics/ui/Capacitance
Electronics > Analog > Passive Components,Electrolytic capacitor,electronics/ecapacitor,part-id-prefix,,,,,no,,,,,,,electronics/ui/Capacitance
Electronics > Analog > Passive Components,Electrolytic capacitor,electronics/ecapacitor,user-current,,,proxy,../p[@key=two-terminal-path-dependent-current],no,,,,,,,electronics/ui/Capacitance
Electronics > Analog > Passive Components,Electrolytic capacitor,electronics/ecapacitor,user-voltage,,,proxy,../p[@key=two-terminal-voltage],no,,,,,,,electronics/ui/Capacitance
Electronics > Analog > Passive Components,Electrolytic capacitor,electronics/ecapacitor,user-power,,,proxy,../p[@key=two-terminal-power],no,,,,,,,electronics/ui/Capacitance
Electronics > Analog > Passive Components,Electrolytic capacitor,electronics/ecapacitor,capacitance,,double,,1.0e-4,yes,ObserverSpinBox; UnitChooser,,,"{""label"": """", ""values"": [{""key"": """", ""type"": ""value-map"", ""value"": ""0.05e-12 9.999e9""}, {""key"": ""min"", ""type"": ""double"", ""value"": ""0.05e-12""}, {""key"": ""max"", ""type"": ""double"", ""value"": ""9.999e9""}]}",picofarad; nanofarad; microfarad; millifarad; farad; kilofarad; megafarad,microfarad,electronics/ui/Capacitance
Electronics > Analog > Passive Components,Electrolytic capacitor,electronics/ecapacitor,charge,,double,,0,yes,ObserverLabel; UnitChooser,,,,picocoulomb; nanocoulomb; microcoulomb; millicoulomb; coulomb; kilocoulomb; megacoulomb,coulomb,electronics/ui/Capacitance
Electronics > Analog > Passive Components,Transformer,electronics/transformer,offset,,point,,"10,14",no,,,,,,,electronics/ui/Ratio
Electronics > Analog > Passive Components,Transformer,electronics/transformer,max-i,,,,10,no,,,,,,,electronics/ui/Ratio
Electronics > Analog > Passive Components,Transformer,electronics/transformer,part-id-prefix,,,,,no,,,,,,,electronics/ui/Ratio
Electronics > Analog > Passive Components,Transformer,electronics/transformer,ratio,,double,,20,yes,ObserverSpinBox,,,"{""label"": """", ""values"": [{""key"": """", ""type"": ""value-map"", ""value"": ""0.05e-12 9.999e9""}, {""key"": ""min"", ""type"": ""double"", ""value"": ""0.05e-12""}, {""key"": ""max"", ""type"": ""double"", ""value"": ""9.999e9""}]}",,,electronics/ui/Ratio
Electronics > Analog > Discrete Semiconductors,Diode,electronics/diode,offset,,point,,"12,14",no,,,,,,,
Electronics > Analog > Discrete Semiconductors,Diode,electronics/diode,max-i,,,,1,no,,,,,,,
Electronics > Analog > Discrete Semiconductors,Diode,electronics/diode,max-rv,,,,400,no,,,,,,,
Electronics > Analog > Discrete Semiconductors,Diode,electronics/diode,part-id-prefix,,,,,no,,,,,,,
Electronics > Analog > Discrete Semiconductors,Diode,electronics/diode,user-current,,,proxy,../p[@key=two-terminal-path-dependent-current],no,,,,,,,
Electronics > Analog > Discrete Semiconductors,Diode,electronics/diode,user-voltage,,,proxy,../p[@key=two-terminal-voltage],no,,,,,,,
Electronics > Analog > Discrete Semiconductors,Diode,electronics/diode,user-power,,,proxy,../p[@key=two-terminal-power],no,,,,,,,
Electronics > Analog > Discrete Semiconductors,Zener,electronics/zener,offset,,point,,"12,14",no,,,,,,,electronics/ui/ZenerDiode
Electronics > Analog > Discrete Semiconductors,Zener,electronics/zener,max-p,,,,5,no,,,,,,,electronics/ui/ZenerDiode
Electronics > Analog > Discrete Semiconductors,Zener,electronics/zener,part-id-prefix,,,,,no,,,,,,,electronics/ui/ZenerDiode
Electronics > Analog > Discrete Semiconductors,Zener,electronics/zener,user-current,,,proxy,../p[@key=two-terminal-path-dependent-current],no,,,,,,,electronics/ui/ZenerDiode
Electronics > Analog > Discrete Semiconductors,Zener,electronics/zener,user-voltage,,,proxy,../p[@key=two-terminal-voltage],no,,,,,,,electronics/ui/ZenerDiode
Electronics > Analog > Discrete Semiconductors,Zener,electronics/zener,user-power,,,proxy,../p[@key=two-terminal-power],no,,,,,,,electronics/ui/ZenerDiode
Electronics > Analog > Discrete Semiconductors,Zener,electronics/zener,user-zener-voltage,,,proxy,../p[@key=voltage],yes,ObserverSpinBox; UnitChooser,,,,,,electronics/ui/ZenerDiode
Electronics > Analog > Discrete Semiconductors,Thyristor,electronics/thyristor,offset,,point,,"14,14",no,,,,,,,
Electronics > Analog > Discrete Semiconductors,Thyristor,electronics/thyristor,max-i,,,,2,no,,,,,,,
Electronics > Analog > Discrete Semiconductors,Thyristor,electronics/thyristor,max-v,,,,400,no,,,,,,,
Electronics > Analog > Discrete Semiconductors,Thyristor,electronics/thyristor,max-rv,,,,400,no,,,,,,,
Electronics > Analog > Discrete Semiconductors,Thyristor,electronics/thyristor,part-id-prefix,,,,,no,,,,,,,
Electronics > Analog > Discrete Semiconductors,N-Channel MOSFET,electronics/mosfetn,offset,,point,,"14,14",no,,,,,,,
Electronics > Analog > Discrete Semiconductors,N-Channel MOSFET,electronics/mosfetn,max-i,,,,20,no,,,,,,,
Electronics > Analog > Discrete Semiconductors,N-Channel MOSFET,electronics/mosfetn,part-id-prefix,,,,,no,,,,,,,
Electronics > Analog > Discrete Semiconductors,N-Channel MOSFET,electronics/mosfetn,threshold-voltage,Gate threshold voltage,double,,1,no,,,,"{""label"": """", ""values"": [{""key"": """", ""type"": ""value-map"", ""value"": ""0.5 5""}, {""key"": ""min"", ""type"": ""double"", ""value"": ""0.5""}, {""key"": ""max"", ""type"": ""double"", ""value"": ""5""}]}",millivolts; volts,volts,
Electronics > Analog > Discrete Semiconductors,P-Channel MOSFET,electronics/mosfetp,offset,,point,,"14,14",no,,,,,,,
Electronics > Analog > Discrete Semiconductors,P-Channel MOSFET,electronics/mosfetp,max-i,,,,20,no,,,,,,,
Electronics > Analog > Discrete Semiconductors,P-Channel MOSFET,electronics/mosfetp,part-id-prefix,,,,,no,,,,,,,
Electronics > Analog > Discrete Semiconductors,P-Channel MOSFET,electronics/mosfetp,threshold-voltage,Gate threshold voltage,double,,1,no,,,,"{""label"": """", ""values"": [{""key"": """", ""type"": ""value-map"", ""value"": ""0.5 5""}, {""key"": ""min"", ""type"": ""double"", ""value"": ""0.5""}, {""key"": ""max"", ""type"": ""double"", ""value"": ""5""}]}",millivolts; volts,volts,
Electronics > Analog > Discrete Semiconductors,NPN transistor,electronics/npn,offset,,point,,"14,14",no,,,,,,,electronics/ui/Transistor
Electronics > Analog > Discrete Semiconductors,NPN transistor,electronics/npn,max-i,,,,2,no,,,,,,,electronics/ui/Transistor
Electronics > Analog > Discrete Semiconductors,NPN transistor,electronics/npn,max-p,,,,1,no,,,,,,,electronics/ui/Transistor
Electronics > Analog > Discrete Semiconductors,NPN transistor,electronics/npn,part-id-prefix,,,,,no,,,,,,,electronics/ui/Transistor
Electronics > Analog > Discrete Semiconductors,NPN transistor,electronics/npn,gain,,double,,100,yes,ObserverSpinBox,,,"{""label"": """", ""values"": [{""key"": """", ""type"": ""value-map"", ""value"": ""0.1 9999""}, {""key"": ""min"", ""type"": ""double"", ""value"": ""0.1""}, {""key"": ""max"", ""type"": ""double"", ""value"": ""9999""}]}",,,electronics/ui/Transistor
Electronics > Analog > Discrete Semiconductors,PNP transistor,electronics/pnp,offset,,point,,"14,14",no,,,,,,,electronics/ui/Transistor
Electronics > Analog > Discrete Semiconductors,PNP transistor,electronics/pnp,max-i,,,,2,no,,,,,,,electronics/ui/Transistor
Electronics > Analog > Discrete Semiconductors,PNP transistor,electronics/pnp,max-p,,,,1,no,,,,,,,electronics/ui/Transistor
Electronics > Analog > Discrete Semiconductors,PNP transistor,electronics/pnp,part-id-prefix,,,,,no,,,,,,,electronics/ui/Transistor
Electronics > Analog > Discrete Semiconductors,PNP transistor,electronics/pnp,gain,,double,,100,yes,ObserverSpinBox,,,"{""label"": """", ""values"": [{""key"": """", ""type"": ""value-map"", ""value"": ""0.1 9999""}, {""key"": ""min"", ""type"": ""double"", ""value"": ""0.1""}, {""key"": ""max"", ""type"": ""double"", ""value"": ""9999""}]}",,,electronics/ui/Transistor
Electronics > Analog > Integrated Circuits,555 Timer,electronics/555-timer,offset,,point,,"12,20",no,,,,,,,
Electronics > Analog > Integrated Circuits,555 Timer,electronics/555-timer,max-v,,double,,16,no,,,,,,,
Electronics > Analog > Integrated Circuits,555 Timer,electronics/555-timer,max-rv,,double,,1,no,,,,,,,
Electronics > Analog > Integrated Circuits,555 Timer,electronics/555-timer,max-p,,double,,0.6,no,,,,,,,
Electronics > Analog > Integrated Circuits,555 Timer,electronics/555-timer,part-id-prefix,,,,,no,,,,,,,
Electronics > Analog > Integrated Circuits,324 Op-amp,electronics/opamp-324,offset,,point,,"14,16",no,,,,,,,electronics/ui/Opamp
Electronics > Analog > Integrated Circuits,324 Op-amp,electronics/opamp-324,part-id-prefix,,,,,no,,,,,,,electronics/ui/Opamp
Electronics > Analog > Integrated Circuits,324 Op-amp,electronics/opamp-324,part-id-group-size,,,,4,no,,,,,,,electronics/ui/Opamp
Electronics > Analog > Integrated Circuits,324 Op-amp,electronics/opamp-324,positive-supply,Positive supply,double,,9,yes,ObserverSpinBox; UnitChooser,,,"{""label"": """", ""values"": [{""key"": """", ""type"": ""value-map"", ""value"": ""0 9999""}, {""key"": ""min"", ""type"": ""double"", ""value"": ""0""}, {""key"": ""max"", ""type"": ""double"", ""value"": ""9999""}]}",volts,volts,electronics/ui/Opamp
Electronics > Analog > Integrated Circuits,324 Op-amp,electronics/opamp-324,negative-supply,,,,0,yes,ObserverSpinBox; UnitChooser,,,"{""label"": """", ""values"": [{""key"": """", ""type"": ""value-map"", ""value"": ""0 0""}, {""key"": ""min"", ""type"": ""double"", ""value"": ""0""}, {""key"": ""max"", ""type"": ""double"", ""value"": ""0""}]}",,,electronics/ui/Opamp
Electronics > Analog > Integrated Circuits,741 Op-amp,electronics/opamp-741,offset,,point,,"14,16",no,,,,,,,electronics/ui/Opamp
Electronics > Analog > Integrated Circuits,741 Op-amp,electronics/opamp-741,part-id-prefix,,,,,no,,,,,,,electronics/ui/Opamp
Electronics > Analog > Integrated Circuits,741 Op-amp,electronics/opamp-741,positive-supply,Positive supply,double,,9,yes,ObserverSpinBox; UnitChooser,,,"{""label"": """", ""values"": [{""key"": """", ""type"": ""value-map"", ""value"": ""0 9999""}, {""key"": ""min"", ""type"": ""double"", ""value"": ""0""}, {""key"": ""max"", ""type"": ""double"", ""value"": ""9999""}]}",volts,volts,electronics/ui/Opamp
Electronics > Analog > Integrated Circuits,741 Op-amp,electronics/opamp-741,negative-supply,,,,-9,yes,ObserverSpinBox; UnitChooser,,,"{""label"": """", ""values"": [{""key"": """", ""type"": ""value-map"", ""value"": ""-9999 0""}, {""key"": ""min"", ""type"": ""double"", ""value"": ""-9999""}, {""key"": ""max"", ""type"": ""double"", ""value"": ""0""}]}",,,electronics/ui/Opamp
Electronics > Analog > Integrated Circuits,Darlington driver,electronics/darlington-driver,offset,,point,,"20,20",no,,,,,,,
Electronics > Analog > Integrated Circuits,Darlington driver,electronics/darlington-driver,max-i,,double,,2,no,,,,,,,
Electronics > Analog > Integrated Circuits,Darlington driver,electronics/darlington-driver,max-p,,double,,1,no,,,,,,,
Electronics > Analog > Integrated Circuits,Darlington driver,electronics/darlington-driver,part-id-prefix,,,,,no,,,,,,,
Electronics > Analog > Integrated Circuits,Darlington driver,electronics/darlington-driver,part-id-group-size,,,,8,no,,,,,,,
Electronics > Analog > Integrated Circuits,Half-H driver,electronics/half-h-driver,offset,,point,,"20,52",no,,,,,,,
Electronics > Analog > Integrated Circuits,Half-H driver,electronics/half-h-driver,max-i,,double,,1.2,no,,,,,,,
Electronics > Analog > Integrated Circuits,Half-H driver,electronics/half-h-driver,max-p,,double,,5,no,,,,,,,
Electronics > Analog > Integrated Circuits,Half-H driver,electronics/half-h-driver,part-id-prefix,,,,,no,,,,,,,
Electronics > Analog > Integrated Circuits,Half-H driver,electronics/half-h-driver,part-id-group-size,,,,2,no,,,,,,,
Electronics > Analog > Signal Generators & Sound,Signal generator,electronics/vpulse,offset,,point,,"12,14",no,,,,,,,electronics/ui/SigGen
Electronics > Analog > Signal Generators & Sound,Signal generator,electronics/vpulse,part-id-prefix,,,,,no,,,,,,,electronics/ui/SigGen
Electronics > Analog > Signal Generators & Sound,Signal generator,electronics/vpulse,user-current,,,proxy,../p[@key=two-terminal-path-dependent-current],no,,,,,,,electronics/ui/SigGen
Electronics > Analog > Signal Generators & Sound,Signal generator,electronics/vpulse,user-voltage,,,proxy,../p[@key=two-terminal-voltage],no,,,,,,,electronics/ui/SigGen
Electronics > Analog > Signal Generators & Sound,Signal generator,electronics/vpulse,user-power,,,proxy,../p[@key=two-terminal-power],no,,,,,,,electronics/ui/SigGen
Electronics > Analog > Signal Generators & Sound,Signal generator,electronics/vpulse,signal-type,,string,,Sinusoidal,yes,ObserverComboBox,,,"{""label"": ""set-validator"", ""values"": [{""key"": """", ""type"": ""string-array"", ""value"": ""Sinusoidal Square Triangular""}, {""key"": """", ""type"": ""string"", ""value"": ""Sinusoidal""}, {""key"": """", ""type"": ""string"", ""value"": ""Square""}, {""key"": """", ""type"": ""string"", ""value"": ""Triangular""}]}",,,electronics/ui/SigGen
Electronics > Analog > Signal Generators & Sound,Signal generator,electronics/vpulse,frequency,,double,,500,yes,ObserverSpinBox; UnitChooser,,,"{""label"": """", ""values"": [{""key"": """", ""type"": ""value-map"", ""value"": ""0.1 9.99e12""}, {""key"": ""min"", ""type"": ""double"", ""value"": ""0.1""}, {""key"": ""max"", ""type"": ""double"", ""value"": ""9.99e12""}]}",hertz; kilohertz; megahertz; gigahertz,hertz,electronics/ui/SigGen
Electronics > Analog > Signal Generators & Sound,Signal generator,electronics/vpulse,amplitude,,double,,5,yes,ObserverSpinBox; UnitChooser,,,"{""label"": """", ""values"": [{""key"": """", ""type"": ""value-map"", ""value"": ""0 1.0e4""}, {""key"": ""min"", ""type"": ""double"", ""value"": ""0""}, {""key"": ""max"", ""type"": ""double"", ""value"": ""1.0e4""}]}",millivolts; volts,volts,electronics/ui/SigGen
Electronics > Analog > Signal Generators & Sound,Signal generator,electronics/vpulse,amplitude-offset,,double,,0,yes,ObserverSpinBox; UnitChooser,,,"{""label"": """", ""values"": [{""key"": """", ""type"": ""value-map"", ""value"": ""-9.99e2 9.99e2""}, {""key"": ""min"", ""type"": ""double"", ""value"": ""-9.99e2""}, {""key"": ""max"", ""type"": ""double"", ""value"": ""9.99e2""}]}",millivolts; volts,volts,electronics/ui/SigGen
Electronics > Analog > Signal Generators & Sound,Signal generator,electronics/vpulse,phase-offset,Phase offset,double,,0,yes,ObserverSpinBox; UnitChooser,,,"{""label"": """", ""values"": [{""key"": """", ""type"": ""value-map"", ""value"": ""-2*PI 2*PI""}, {""key"": ""min"", ""type"": ""double"", ""value"": ""-2*PI""}, {""key"": ""max"", ""type"": ""double"", ""value"": ""2*PI""}]}",degree; radian,degree,electronics/ui/SigGen
Electronics > Analog > Signal Generators & Sound,Buzzer,electronics/buzzer,offset,,point,,"14,14",no,,,,,,,
Electronics > Analog > Signal Generators & Sound,Buzzer,electronics/buzzer,part-id-prefix,,,,,no,,,,,,,
Electronics > Analog > Signal Generators & Sound,Buzzer,electronics/buzzer,user-current,,,proxy,../p[@key=two-terminal-path-dependent-current],no,,,,,,,
Electronics > Analog > Signal Generators & Sound,Buzzer,electronics/buzzer,user-voltage,,,proxy,../p[@key=two-terminal-voltage],no,,,,,,,
Electronics > Analog > Signal Generators & Sound,Buzzer,electronics/buzzer,user-power,,,proxy,../p[@key=two-terminal-power],no,,,,,,,
Electronics > Analog > Signal Generators & Sound,Buzzer,electronics/buzzer,beep,,bool,computed,false,no,,,,,,,
Electronics > Analog > Signal Generators & Sound,Loudspeaker,electronics/loudspeaker,offset,,point,,"14,18",no,,,,,,,electronics/ui/Resistance
Electronics > Analog > Signal Generators & Sound,Loudspeaker,electronics/loudspeaker,part-id-prefix,,,,,no,,,,,,,electronics/ui/Resistance
Electronics > Analog > Signal Generators & Sound,Loudspeaker,electronics/loudspeaker,user-current,,,proxy,../p[@key=two-terminal-path-dependent-current],no,,,,,,,electronics/ui/Resistance
Electronics > Analog > Signal Generators & Sound,Loudspeaker,electronics/loudspeaker,user-voltage,,,proxy,../p[@key=two-terminal-voltage],no,,,,,,,electronics/ui/Resistance
Electronics > Analog > Signal Generators & Sound,Loudspeaker,electronics/loudspeaker,user-power,,,proxy,../p[@key=two-terminal-power],no,,,,,,,electronics/ui/Resistance
Electronics > Analog > Signal Generators & Sound,Loudspeaker,electronics/loudspeaker,resistance,,double,,8,yes,ObserverSpinBox; UnitChooser,,,"{""label"": """", ""values"": [{""key"": """", ""type"": ""value-map"", ""value"": ""0.1e-12 9.999e9""}, {""key"": ""min"", ""type"": ""double"", ""value"": ""0.1e-12""}, {""key"": ""max"", ""type"": ""double"", ""value"": ""9.999e9""}]}",picoohm; nanoohm; microohm; milliohm; ohm; kiloohm; megaohm,ohm,electronics/ui/Resistance
Electronics > Analog > Light Outputs,Signal Lamp,electronics/signal-lamp,offset,,point,,"12,12",no,,,,,,,
Electronics > Analog > Light Outputs,Signal Lamp,electronics/signal-lamp,max-v,,,,9,no,,,,,,,
Electronics > Analog > Light Outputs,Signal Lamp,electronics/signal-lamp,max-rv,,,,9,no,,,,,,,
Electronics > Analog > Light Outputs,Signal Lamp,electronics/signal-lamp,part-id-prefix,,,,,no,,,,,,,
Electronics > Analog > Light Outputs,Signal Lamp,electronics/signal-lamp,user-current,,,proxy,../p[@key=two-terminal-path-dependent-current],no,,,,,,,
Electronics > Analog > Light Outputs,Signal Lamp,electronics/signal-lamp,user-voltage,,,proxy,../p[@key=two-terminal-voltage],no,,,,,,,
Electronics > Analog > Light Outputs,Signal Lamp,electronics/signal-lamp,user-power,,,proxy,../p[@key=two-terminal-power],no,,,,,,,
Electronics > Analog > Light Outputs,Signal Lamp,electronics/signal-lamp,flux,,double,computed,,no,,,,,picowatt; nanowatt; microwatt; milliwatt; watt; kilowatt; megawatt,watt,
Electronics > Analog > Light Outputs,Filament Lamp,electronics/filament-lamp,offset,,point,,"12,12",no,,,,,,,electronics/ui/Power
Electronics > Analog > Light Outputs,Filament Lamp,electronics/filament-lamp,max-v,,,,15,no,,,,,,,electronics/ui/Power
Electronics > Analog > Light Outputs,Filament Lamp,electronics/filament-lamp,max-rv,,,,15,no,,,,,,,electronics/ui/Power
Electronics > Analog > Light Outputs,Filament Lamp,electronics/filament-lamp,part-id-prefix,,,,,no,,,,,,,electronics/ui/Power
Electronics > Analog > Light Outputs,Filament Lamp,electronics/filament-lamp,user-current,,,proxy,../p[@key=two-terminal-path-dependent-current],no,,,,,,,electronics/ui/Power
Electronics > Analog > Light Outputs,Filament Lamp,electronics/filament-lamp,user-voltage,,,proxy,../p[@key=two-terminal-voltage],no,,,,,,,electronics/ui/Power
Electronics > Analog > Light Outputs,Filament Lamp,electronics/filament-lamp,user-power,,,proxy,../p[@key=two-terminal-power],no,,,,,,,electronics/ui/Power
Electronics > Analog > Light Outputs,Filament Lamp,electronics/filament-lamp,power,,double,,10,yes,ObserverSpinBox; UnitChooser,,,"{""label"": """", ""values"": [{""key"": """", ""type"": ""value-map"", ""value"": ""0.1e-12 9.999e9""}, {""key"": ""min"", ""type"": ""double"", ""value"": ""0.1e-12""}, {""key"": ""max"", ""type"": ""double"", ""value"": ""9.999e9""}]}",picowatt; nanowatt; microwatt; milliwatt; watt; kilowatt; megawatt,watt,electronics/ui/Power
Electronics > Analog > Light Outputs,Red LED,electronics/red-led,offset,,point,,"20,14",no,,,,,,,
Electronics > Analog > Light Outputs,Red LED,electronics/red-led,max-i,,,,0.03,no,,,,,,,
Electronics > Analog > Light Outputs,Red LED,electronics/red-led,max-rv,,,,9,no,,,,,,,
Electronics > Analog > Light Outputs,Red LED,electronics/red-led,part-id-prefix,,,,,no,,,,,,,
Electronics > Analog > Light Outputs,Red LED,electronics/red-led,user-current,,,proxy,../p[@key=two-terminal-path-dependent-current],no,,,,,,,
Electronics > Analog > Light Outputs,Red LED,electronics/red-led,user-voltage,,,proxy,../p[@key=two-terminal-voltage],no,,,,,,,
Electronics > Analog > Light Outputs,Red LED,electronics/red-led,user-power,,,proxy,../p[@key=two-terminal-power],no,,,,,,,
Electronics > Analog > Light Outputs,Red LED,electronics/red-led,vf,,,,1.567,no,,,,,,,
Electronics > Analog > Light Outputs,Green LED,electronics/green-led,offset,,point,,"20,14",no,,,,,,,
Electronics > Analog > Light Outputs,Green LED,electronics/green-led,max-i,,,,0.03,no,,,,,,,
Electronics > Analog > Light Outputs,Green LED,electronics/green-led,max-rv,,,,9,no,,,,,,,
Electronics > Analog > Light Outputs,Green LED,electronics/green-led,part-id-prefix,,,,,no,,,,,,,
Electronics > Analog > Light Outputs,Green LED,electronics/green-led,user-current,,,proxy,../p[@key=two-terminal-path-dependent-current],no,,,,,,,
Electronics > Analog > Light Outputs,Green LED,electronics/green-led,user-voltage,,,proxy,../p[@key=two-terminal-voltage],no,,,,,,,
Electronics > Analog > Light Outputs,Green LED,electronics/green-led,user-power,,,proxy,../p[@key=two-terminal-power],no,,,,,,,
Electronics > Analog > Light Outputs,Green LED,electronics/green-led,vf,,,,1.767,no,,,,,,,
Electronics > Analog > Light Outputs,Yellow LED,electronics/yellow-led,offset,,point,,"20,14",no,,,,,,,
Electronics > Analog > Light Outputs,Yellow LED,electronics/yellow-led,max-i,,,,0.03,no,,,,,,,
Electronics > Analog > Light Outputs,Yellow LED,electronics/yellow-led,max-rv,,,,9,no,,,,,,,
Electronics > Analog > Light Outputs,Yellow LED,electronics/yellow-led,part-id-prefix,,,,,no,,,,,,,
Electronics > Analog > Light Outputs,Yellow LED,electronics/yellow-led,user-current,,,proxy,../p[@key=two-terminal-path-dependent-current],no,,,,,,,
Electronics > Analog > Light Outputs,Yellow LED,electronics/yellow-led,user-voltage,,,proxy,../p[@key=two-terminal-voltage],no,,,,,,,
Electronics > Analog > Light Outputs,Yellow LED,electronics/yellow-led,user-power,,,proxy,../p[@key=two-terminal-power],no,,,,,,,
Electronics > Analog > Light Outputs,Yellow LED,electronics/yellow-led,vf,,,,1.667,no,,,,,,,
Electronics > Analog > Light Outputs,Seven segment display,electronics/seven-segment-display,offset,,point,,"28,36",no,,,,,,,
Electronics > Analog > Light Outputs,Seven segment display,electronics/seven-segment-display,part-id-prefix,,,,,no,,,,,,,
Electronics > Analog > Meters,Ammeter,electronics/ammeter,offset,,point,,"12,14",no,,,,,,,
Electronics > Analog > Meters,Ammeter,electronics/ammeter,part-id-prefix,,,,,no,,,,,,,
Electronics > Analog > Meters,Ammeter,electronics/ammeter,export-name,,,,Pads,no,,,,,,,
Electronics > Analog > Meters,Ammeter,electronics/ammeter,user-current,,,proxy,../p[@key=two-terminal-path-dependent-current],no,,,,,,,
Electronics > Analog > Meters,Ammeter,electronics/ammeter,user-voltage,,,proxy,../p[@key=two-terminal-voltage],no,,,,,,,
Electronics > Analog > Meters,Ammeter,electronics/ammeter,user-power,,,proxy,../p[@key=two-terminal-power],no,,,,,,,
Electronics > Analog > Meters,Voltmeter,electronics/voltmeter,offset,,point,,"12,14",no,,,,,,,
Electronics > Analog > Meters,Voltmeter,electronics/voltmeter,part-id-prefix,,,,,no,,,,,,,
Electronics > Analog > Meters,Voltmeter,electronics/voltmeter,export-name,,,,Pads,no,,,,,,,
Electronics > Analog > Meters,Voltmeter,electronics/voltmeter,user-current,,,proxy,../p[@key=two-terminal-path-dependent-current],no,,,,,,,
Electronics > Analog > Meters,Voltmeter,electronics/voltmeter,user-voltage,,,proxy,../p[@key=two-terminal-voltage],no,,,,,,,
Electronics > Analog > Meters,Voltmeter,electronics/voltmeter,user-power,,,proxy,../p[@key=two-terminal-power],no,,,,,,,
Electronics > Pictorial,Battery,electronics/pictorial-battery,offset,,point,,"16,70",no,,,,,,,
Electronics > Pictorial,Battery,electronics/pictorial-battery,pictorial,,,,true,no,,,,,,,
Electronics > Pictorial,Battery,electronics/pictorial-battery,part-id-prefix,,,,,no,,,,,,,
Electronics > Pictorial,Battery,electronics/pictorial-battery,user-current,,,proxy,../p[@key=two-terminal-current],no,,,,,,,
Electronics > Pictorial,Battery,electronics/pictorial-battery,user-voltage,,,proxy,../p[@key=voltage],no,,,,,,,
Electronics > Pictorial,Battery,electronics/pictorial-battery,user-power,,,proxy,../p[@key=two-terminal-power],no,,,,,,,
Electronics > Pictorial,9V battery,electronics/pictorial-battery-9v,offset,,point,,"44,70",no,,,,,,,
Electronics > Pictorial,9V battery,electronics/pictorial-battery-9v,orientation-constraint,,,,fixed,no,,,,,,,
Electronics > Pictorial,9V battery,electronics/pictorial-battery-9v,pictorial,,,,true,no,,,,,,,
Electronics > Pictorial,9V battery,electronics/pictorial-battery-9v,part-id-prefix,,,,,no,,,,,,,
Electronics > Pictorial,9V battery,electronics/pictorial-battery-9v,voltage,,,,9,no,,,,,,,
Electronics > Pictorial,9V battery,electronics/pictorial-battery-9v,user-current,,,proxy,../p[@key=two-terminal-current],no,,,,,,,
Electronics > Pictorial,9V battery,electronics/pictorial-battery-9v,user-voltage,,,proxy,../p[@key=voltage],no,,,,,,,
Electronics > Pictorial,9V battery,electronics/pictorial-battery-9v,user-power,,,proxy,../p[@key=two-terminal-power],no,,,,,,,
Electronics > Pictorial,9V battery,electronics/pictorial-battery-9v,img,,,,electronics/battery9v,no,,,,,,,
Electronics > Pictorial,1A Fuse,electronics/pictorial-fuse,offset,,point,,"30,9",no,,,,,,,
Electronics > Pictorial,1A Fuse,electronics/pictorial-fuse,orientation-constraint,,,,compass-4,no,,,,,,,
Electronics > Pictorial,1A Fuse,electronics/pictorial-fuse,part-id-prefix,,,,,no,,,,,,,
Electronics > Pictorial,1A Fuse,electronics/pictorial-fuse,user-current,,,proxy,../p[@key=two-terminal-path-dependent-current],no,,,,,,,
Electronics > Pictorial,1A Fuse,electronics/pictorial-fuse,user-voltage,,,proxy,../p[@key=two-terminal-voltage],no,,,,,,,
Electronics > Pictorial,1A Fuse,electronics/pictorial-fuse,user-power,,,proxy,../p[@key=two-terminal-power],no,,,,,,,
Electronics > Pictorial,1A Fuse,electronics/pictorial-fuse,max-current,,double,,1,no,,,,"{""label"": """", ""values"": [{""key"": """", ""type"": ""value-map"", ""value"": ""0.1e-12 9999000000""}, {""key"": ""min"", ""type"": ""double"", ""value"": ""0.1e-12""}, {""key"": ""max"", ""type"": ""double"", ""value"": ""9999000000""}]}",picoampere; nanoampere; microampere; milliampere; ampere; kiloampere; megaampere,ampere,
Electronics > Pictorial,SPST,electronics/pictorial-spst,offset,,point,,"48,24",no,,,,,,,
Electronics > Pictorial,SPST,electronics/pictorial-spst,orientation-constraint,,,,fixed,no,,,,,,,
Electronics > Pictorial,SPST,electronics/pictorial-spst,max-i,,,,15,no,,,,,,,
Electronics > Pictorial,SPST,electronics/pictorial-spst,max-v,,,,400,no,,,,,,,
Electronics > Pictorial,SPST,electronics/pictorial-spst,max-rv,,,,400,no,,,,,,,
Electronics > Pictorial,SPST,electronics/pictorial-spst,pictorial,,,,true,no,,,,,,,
Electronics > Pictorial,SPST,electronics/pictorial-spst,part-id-prefix,,,,,no,,,,,,,
Electronics > Pictorial,SPST,electronics/pictorial-spst,user-current,,,proxy,../p[@key=two-terminal-path-dependent-current],no,,,,,,,
Electronics > Pictorial,SPST,electronics/pictorial-spst,user-voltage,,,proxy,../p[@key=two-terminal-voltage],no,,,,,,,
Electronics > Pictorial,SPST,electronics/pictorial-spst,user-power,,,proxy,../p[@key=two-terminal-power],no,,,,,,,
Electronics > Pictorial,SPST,electronics/pictorial-spst,state,,bool,,false,no,,,,,,,
Electronics > Pictorial,SPDT,electronics/pictorial-spdt,offset,,point,,"48,24",no,,,,,,,
Electronics > Pictorial,SPDT,electronics/pictorial-spdt,orientation-constraint,,,,fixed,no,,,,,,,
Electronics > Pictorial,SPDT,electronics/pictorial-spdt,max-i,,,,15,no,,,,,,,
Electronics > Pictorial,SPDT,electronics/pictorial-spdt,max-v,,,,400,no,,,,,,,
Electronics > Pictorial,SPDT,electronics/pictorial-spdt,max-rv,,,,400,no,,,,,,,
Electronics > Pictorial,SPDT,electronics/pictorial-spdt,pictorial,,,,true,no,,,,,,,
Electronics > Pictorial,SPDT,electronics/pictorial-spdt,part-id-prefix,,,,,no,,,,,,,
Electronics > Pictorial,SPDT,electronics/pictorial-spdt,state,,bool,,false,no,,,,,,,
Electronics > Pictorial,Push-to-make switch,electronics/pictorial-pushmake,offset,,point,,"17,26",no,,,,,,,
Electronics > Pictorial,Push-to-make switch,electronics/pictorial-pushmake,orientation-constraint,,,,fixed,no,,,,,,,
Electronics > Pictorial,Push-to-make switch,electronics/pictorial-pushmake,max-i,,,,15,no,,,,,,,
Electronics > Pictorial,Push-to-make switch,electronics/pictorial-pushmake,max-v,,,,400,no,,,,,,,
Electronics > Pictorial,Push-to-make switch,electronics/pictorial-pushmake,max-rv,,,,400,no,,,,,,,
Electronics > Pictorial,Push-to-make switch,electronics/pictorial-pushmake,pictorial,,,,true,no,,,,,,,
Electronics > Pictorial,Push-to-make switch,electronics/pictorial-pushmake,part-id-prefix,,,,,no,,,,,,,
Electronics > Pictorial,Push-to-make switch,electronics/pictorial-pushmake,user-current,,,proxy,../p[@key=two-terminal-path-dependent-current],no,,,,,,,
Electronics > Pictorial,Push-to-make switch,electronics/pictorial-pushmake,user-voltage,,,proxy,../p[@key=two-terminal-voltage],no,,,,,,,
Electronics > Pictorial,Push-to-make switch,electronics/pictorial-pushmake,user-power,,,proxy,../p[@key=two-terminal-power],no,,,,,,,
Electronics > Pictorial,Push-to-make switch,electronics/pictorial-pushmake,state,,bool,,false,no,,,,,,,
Electronics > Pictorial,Variable resistor,electronics/pictorial-vresistor,offset,,point,,"94,13",no,,,,,,,
Electronics > Pictorial,Variable resistor,electronics/pictorial-vresistor,orientation-constraint,,,,fixed,no,,,,,,,
Electronics > Pictorial,Variable resistor,electronics/pictorial-vresistor,max-v,,,,400,no,,,,,,,
Electronics > Pictorial,Variable resistor,electronics/pictorial-vresistor,max-rv,,,,400,no,,,,,,,
Electronics > Pictorial,Variable resistor,electronics/pictorial-vresistor,max-p,,,,5,no,,,,,,,
Electronics > Pictorial,Variable resistor,electronics/pictorial-vresistor,pictorial,,,,true,no,,,,,,,
Electronics > Pictorial,Variable resistor,electronics/pictorial-vresistor,part-id-prefix,,,,,no,,,,,,,
Electronics > Pictorial,Variable resistor,electronics/pictorial-vresistor,user-current,,,proxy,../p[@key=two-terminal-path-dependent-current],no,,,,,,,
Electronics > Pictorial,Variable resistor,electronics/pictorial-vresistor,user-voltage,,,proxy,../p[@key=two-terminal-voltage],no,,,,,,,
Electronics > Pictorial,Variable resistor,electronics/pictorial-vresistor,user-power,,,proxy,../p[@key=two-terminal-power],no,,,,,,,
Electronics > Pictorial,Variable resistor,electronics/pictorial-vresistor,resistance,,double,computed,250,no,,,,,picoohm; nanoohm; microohm; milliohm; ohm; kiloohm; megaohm,ohm,
Electronics > Pictorial,Variable resistor,electronics/pictorial-vresistor,resistance-max,,double,,500,no,,,,"{""label"": """", ""values"": [{""key"": """", ""type"": ""value-map"", ""value"": ""0.2e-12 9.999e9""}, {""key"": ""min"", ""type"": ""double"", ""value"": ""0.2e-12""}, {""key"": ""max"", ""type"": ""double"", ""value"": ""9.999e9""}]}",picoohm; nanoohm; microohm; milliohm; ohm; kiloohm; megaohm,ohm,
Electronics > Pictorial,Resistor,electronics/pictorial-resistor,offset,,point,,"30,9",no,,,,,,,
Electronics > Pictorial,Resistor,electronics/pictorial-resistor,orientation-constraint,,,,fixed,no,,,,,,,
Electronics > Pictorial,Resistor,electronics/pictorial-resistor,max-v,,,,1200,no,,,,,,,
Electronics > Pictorial,Resistor,electronics/pictorial-resistor,max-rv,,,,1200,no,,,,,,,
Electronics > Pictorial,Resistor,electronics/pictorial-resistor,max-p,,,,2,no,,,,,,,
Electronics > Pictorial,Resistor,electronics/pictorial-resistor,pictorial,,,,true,no,,,,,,,
Electronics > Pictorial,Resistor,electronics/pictorial-resistor,part-id-prefix,,,,,no,,,,,,,
Electronics > Pictorial,Resistor,electronics/pictorial-resistor,user-current,,,proxy,../p[@key=two-terminal-path-dependent-current],no,,,,,,,
Electronics > Pictorial,Resistor,electronics/pictorial-resistor,user-voltage,,,proxy,../p[@key=two-terminal-voltage],no,,,,,,,
Electronics > Pictorial,Resistor,electronics/pictorial-resistor,user-power,,,proxy,../p[@key=two-terminal-power],no,,,,,,,
Electronics > Pictorial,Buzzer,electronics/pictorial-buzzer,offset,,point,,"54,54",no,,,,,,,
Electronics > Pictorial,Buzzer,electronics/pictorial-buzzer,part-id-prefix,,,,,no,,,,,,,
Electronics > Pictorial,Buzzer,electronics/pictorial-buzzer,user-current,,,proxy,../p[@key=two-terminal-path-dependent-current],no,,,,,,,
Electronics > Pictorial,Buzzer,electronics/pictorial-buzzer,user-voltage,,,proxy,../p[@key=two-terminal-voltage],no,,,,,,,
Electronics > Pictorial,Buzzer,electronics/pictorial-buzzer,user-power,,,proxy,../p[@key=two-terminal-power],no,,,,,,,
Electronics > Pictorial,Buzzer,electronics/pictorial-buzzer,beep,,bool,computed,false,no,,,,,,,
Electronics > Pictorial,Filament Lamp,electronics/pictorial-filament-lamp,offset,,point,,"54,52",no,,,,,,,
Electronics > Pictorial,Filament Lamp,electronics/pictorial-filament-lamp,orientation-constraint,,,,fixed,no,,,,,,,
Electronics > Pictorial,Filament Lamp,electronics/pictorial-filament-lamp,max-v,,,,15,no,,,,,,,
Electronics > Pictorial,Filament Lamp,electronics/pictorial-filament-lamp,max-rv,,,,15,no,,,,,,,
Electronics > Pictorial,Filament Lamp,electronics/pictorial-filament-lamp,pictorial,,,,true,no,,,,,,,
Electronics > Pictorial,Filament Lamp,electronics/pictorial-filament-lamp,part-id-prefix,,,,,no,,,,,,,
Electronics > Pictorial,Filament Lamp,electronics/pictorial-filament-lamp,user-current,,,proxy,../p[@key=two-terminal-path-dependent-current],no,,,,,,,
Electronics > Pictorial,Filament Lamp,electronics/pictorial-filament-lamp,user-voltage,,,proxy,../p[@key=two-terminal-voltage],no,,,,,,,
Electronics > Pictorial,Filament Lamp,electronics/pictorial-filament-lamp,user-power,,,proxy,../p[@key=two-terminal-power],no,,,,,,,
Electronics > Pictorial,Red LED,electronics/pictorial-red-led,offset,,point,,"15,20",no,,,,,,,
Electronics > Pictorial,Red LED,electronics/pictorial-red-led,orientation-constraint,,,,fixed,no,,,,,,,
Electronics > Pictorial,Red LED,electronics/pictorial-red-led,max-i,,,,0.03,no,,,,,,,
Electronics > Pictorial,Red LED,electronics/pictorial-red-led,max-rv,,,,9,no,,,,,,,
Electronics > Pictorial,Red LED,electronics/pictorial-red-led,pictorial,,,,true,no,,,,,,,
Electronics > Pictorial,Red LED,electronics/pictorial-red-led,part-id-prefix,,,,,no,,,,,,,
Electronics > Pictorial,Red LED,electronics/pictorial-red-led,user-current,,,proxy,../p[@key=two-terminal-path-dependent-current],no,,,,,,,
Electronics > Pictorial,Red LED,electronics/pictorial-red-led,user-voltage,,,proxy,../p[@key=two-terminal-voltage],no,,,,,,,
Electronics > Pictorial,Red LED,electronics/pictorial-red-led,user-power,,,proxy,../p[@key=two-terminal-power],no,,,,,,,
Electronics > Pictorial,Red LED,electronics/pictorial-red-led,vf,,,,1.567,no,,,,,,,
Electronics > Pictorial,Green LED,electronics/pictorial-green-led,offset,,point,,"15,20",no,,,,,,,
Electronics > Pictorial,Green LED,electronics/pictorial-green-led,orientation-constraint,,,,fixed,no,,,,,,,
Electronics > Pictorial,Green LED,electronics/pictorial-green-led,max-i,,,,0.03,no,,,,,,,
Electronics > Pictorial,Green LED,electronics/pictorial-green-led,max-rv,,,,9,no,,,,,,,
Electronics > Pictorial,Green LED,electronics/pictorial-green-led,pictorial,,,,true,no,,,,,,,
Electronics > Pictorial,Green LED,electronics/pictorial-green-led,part-id-prefix,,,,,no,,,,,,,
Electronics > Pictorial,Green LED,electronics/pictorial-green-led,user-current,,,proxy,../p[@key=two-terminal-path-dependent-current],no,,,,,,,
Electronics > Pictorial,Green LED,electronics/pictorial-green-led,user-voltage,,,proxy,../p[@key=two-terminal-voltage],no,,,,,,,
Electronics > Pictorial,Green LED,electronics/pictorial-green-led,user-power,,,proxy,../p[@key=two-terminal-power],no,,,,,,,
Electronics > Pictorial,Green LED,electronics/pictorial-green-led,vf,,,,1.767,no,,,,,,,
Electronics > Pictorial,Yellow LED,electronics/pictorial-yellow-led,offset,,point,,"15,20",no,,,,,,,
Electronics > Pictorial,Yellow LED,electronics/pictorial-yellow-led,orientation-constraint,,,,fixed,no,,,,,,,
Electronics > Pictorial,Yellow LED,electronics/pictorial-yellow-led,max-i,,,,0.03,no,,,,,,,
Electronics > Pictorial,Yellow LED,electronics/pictorial-yellow-led,max-rv,,,,9,no,,,,,,,
Electronics > Pictorial,Yellow LED,electronics/pictorial-yellow-led,pictorial,,,,true,no,,,,,,,
Electronics > Pictorial,Yellow LED,electronics/pictorial-yellow-led,part-id-prefix,,,,,no,,,,,,,
Electronics > Pictorial,Yellow LED,electronics/pictorial-yellow-led,user-current,,,proxy,../p[@key=two-terminal-path-dependent-current],no,,,,,,,
Electronics > Pictorial,Yellow LED,electronics/pictorial-yellow-led,user-voltage,,,proxy,../p[@key=two-terminal-voltage],no,,,,,,,
Electronics > Pictorial,Yellow LED,electronics/pictorial-yellow-led,user-power,,,proxy,../p[@key=two-terminal-power],no,,,,,,,
Electronics > Pictorial,Yellow LED,electronics/pictorial-yellow-led,vf,,,,1.667,no,,,,,,,
Electronics > Pictorial,Motor,electronics/pictorial-motor,offset,,point,,"48,54",no,,,,,,,
Electronics > Pictorial,Motor,electronics/pictorial-motor,orientation-constraint,,string,,fixed,no,,,,,,,
Electronics > Pictorial,Motor,electronics/pictorial-motor,max-i,,,,4,no,,,,,,,
Electronics > Pictorial,Motor,electronics/pictorial-motor,max-v,,,,12,no,,,,,,,
Electronics > Pictorial,Motor,electronics/pictorial-motor,part-id-prefix,,,,,no,,,,,,,
Electronics > Pictorial,Motor,electronics/pictorial-motor,user-current,,,proxy,../p[@key=two-terminal-path-dependent-current],no,,,,,,,
Electronics > Pictorial,Motor,electronics/pictorial-motor,user-voltage,,,proxy,../p[@key=two-terminal-voltage],no,,,,,,,
Electronics > Pictorial,Motor,electronics/pictorial-motor,user-power,,,proxy,../p[@key=two-terminal-power],no,,,,,,,
Electronics > Pictorial,Motor,electronics/pictorial-motor,torque,Torque,double,computed,,no,,,,,newton metre,newton metre,
Electronics > Pictorial,Motor,electronics/pictorial-motor,tooltip-angular-velocity,Angular velocity,double,computed,,no,,,,,revolutions per minute,revolutions per minute,
Electronics > Pictorial,Motor,electronics/pictorial-motor,tooltip-angular-position,Angle,double,computed,,no,,,,,degree,degree,
Electronics > Digital > Logic Gates,7414: Schmitt inverter,electronics/7414,offset,,point,,"14,12",no,,,,,,,
Electronics > Digital > Logic Gates,7414: Schmitt inverter,electronics/7414,max-i,,,,0.05,no,,,,,,,
Electronics > Digital > Logic Gates,7414: Schmitt inverter,electronics/7414,max-rv,,,,1,no,,,,,,,
Electronics > Digital > Logic Gates,7414: Schmitt inverter,electronics/7414,part-id-prefix,,,,,no,,,,,,,
Electronics > Digital > Logic Gates,7414: Schmitt inverter,electronics/7414,export-name,,,,74HC14,no,,,,,,,
Electronics > Digital > Logic Gates,7414: Schmitt inverter,electronics/7414,export-library,,,,Logic Gates (74HC),no,,,,,,,
Electronics > Digital > Logic Gates,7414: Schmitt inverter,electronics/7414,part-id-group-size,,,,6,no,,,,,,,
Electronics > Digital > Logic Gates,7414: Schmitt inverter,electronics/7414,meta-label,,string,,,no,,,,,,,
Electronics > Digital > Logic Gates,7414: Schmitt inverter,electronics/7414,meta-icon,,,,electronics/icons/gates/schmitt_inverter,no,,,,,,,
Electronics > Digital > Logic Gates,7404: Inverter,electronics/7404,offset,,point,,"14,12",no,,,,,,,
Electronics > Digital > Logic Gates,7404: Inverter,electronics/7404,max-i,,,,0.05,no,,,,,,,
Electronics > Digital > Logic Gates,7404: Inverter,electronics/7404,max-rv,,,,1,no,,,,,,,
Electronics > Digital > Logic Gates,7404: Inverter,electronics/7404,part-id-prefix,,,,,no,,,,,,,
Electronics > Digital > Logic Gates,7404: Inverter,electronics/7404,export-name,,,,74HC04,no,,,,,,,
Electronics > Digital > Logic Gates,7404: Inverter,electronics/7404,export-library,,,,Logic Gates (74HC),no,,,,,,,
Electronics > Digital > Logic Gates,7404: Inverter,electronics/7404,part-id-group-size,,,,6,no,,,,,,,
Electronics > Digital > Logic Gates,7404: Inverter,electronics/7404,meta-label,,string,,,no,,,,,,,
Electronics > Digital > Logic Gates,7404: Inverter,electronics/7404,meta-icon,,,,electronics/icons/gates/inverter,no,,,,,,,
Electronics > Digital > Logic Gates,7408: AND gate,electronics/7408,offset,,point,,"14,12",no,,,,,,,
Electronics > Digital > Logic Gates,7408: AND gate,electronics/7408,max-i,,,,0.05,no,,,,,,,
Electronics > Digital > Logic Gates,7408: AND gate,electronics/7408,max-rv,,,,1,no,,,,,,,
Electronics > Digital > Logic Gates,7408: AND gate,electronics/7408,part-id-prefix,,,,,no,,,,,,,
Electronics > Digital > Logic Gates,7408: AND gate,electronics/7408,export-name,,,,74HC08,no,,,,,,,
Electronics > Digital > Logic Gates,7408: AND gate,electronics/7408,export-library,,,,Logic Gates (74HC),no,,,,,,,
Electronics > Digital > Logic Gates,7408: AND gate,electronics/7408,part-id-group-size,,,,4,no,,,,,,,
Electronics > Digital > Logic Gates,7408: AND gate,electronics/7408,meta-label,,string,,,no,,,,,,,
Electronics > Digital > Logic Gates,7408: AND gate,electronics/7408,meta-icon,,,,electronics/icons/gates/and,no,,,,,,,
Electronics > Digital > Logic Gates,7400: NAND gate,electronics/7400,offset,,point,,"14,12",no,,,,,,,
Electronics > Digital > Logic Gates,7400: NAND gate,electronics/7400,max-i,,,,0.05,no,,,,,,,
Electronics > Digital > Logic Gates,7400: NAND gate,electronics/7400,max-rv,,,,1,no,,,,,,,
Electronics > Digital > Logic Gates,7400: NAND gate,electronics/7400,part-id-prefix,,,,,no,,,,,,,
Electronics > Digital > Logic Gates,7400: NAND gate,electronics/7400,export-name,,,,74HC00,no,,,,,,,
Electronics > Digital > Logic Gates,7400: NAND gate,electronics/7400,export-library,,,,Logic Gates (74HC),no,,,,,,,
Electronics > Digital > Logic Gates,7400: NAND gate,electronics/7400,part-id-group-size,,,,4,no,,,,,,,
Electronics > Digital > Logic Gates,7400: NAND gate,electronics/7400,meta-label,,string,,,no,,,,,,,
Electronics > Digital > Logic Gates,7400: NAND gate,electronics/7400,meta-icon,,,,electronics/icons/gates/nand,no,,,,,,,
Electronics > Digital > Logic Gates,7410: 3-input NAND gate,electronics/7410,offset,,point,,"20,20",no,,,,,,,
Electronics > Digital > Logic Gates,7410: 3-input NAND gate,electronics/7410,max-i,,,,0.05,no,,,,,,,
Electronics > Digital > Logic Gates,7410: 3-input NAND gate,electronics/7410,max-rv,,,,1,no,,,,,,,
Electronics > Digital > Logic Gates,7410: 3-input NAND gate,electronics/7410,part-id-prefix,,,,,no,,,,,,,
Electronics > Digital > Logic Gates,7410: 3-input NAND gate,electronics/7410,export-name,,,,74HC10,no,,,,,,,
Electronics > Digital > Logic Gates,7410: 3-input NAND gate,electronics/7410,export-library,,,,Logic Gates (74HC),no,,,,,,,
Electronics > Digital > Logic Gates,7410: 3-input NAND gate,electronics/7410,part-id-group-size,,,,3,no,,,,,,,
Electronics > Digital > Logic Gates,7410: 3-input NAND gate,electronics/7410,meta-label,,string,,,no,,,,,,,
Electronics > Digital > Logic Gates,7410: 3-input NAND gate,electronics/7410,meta-icon,,,,electronics/icons/gates/nand3,no,,,,,,,
Electronics > Digital > Logic Gates,7420: 4-input NAND gate,electronics/7420,offset,,point,,"28,28",no,,,,,,,
Electronics > Digital > Logic Gates,7420: 4-input NAND gate,electronics/7420,max-i,,,,0.05,no,,,,,,,
Electronics > Digital > Logic Gates,7420: 4-input NAND gate,electronics/7420,max-rv,,,,1,no,,,,,,,
Electronics > Digital > Logic Gates,7420: 4-input NAND gate,electronics/7420,part-id-prefix,,,,,no,,,,,,,
Electronics > Digital > Logic Gates,7420: 4-input NAND gate,electronics/7420,export-name,,,,74HC20,no,,,,,,,
Electronics > Digital > Logic Gates,7420: 4-input NAND gate,electronics/7420,export-library,,,,Logic Gates (74HC),no,,,,,,,
Electronics > Digital > Logic Gates,7420: 4-input NAND gate,electronics/7420,part-id-group-size,,,,2,no,,,,,,,
Electronics > Digital > Logic Gates,7420: 4-input NAND gate,electronics/7420,meta-label,,string,,,no,,,,,,,
Electronics > Digital > Logic Gates,7420: 4-input NAND gate,electronics/7420,meta-icon,,,,electronics/icons/gates/nand4,no,,,,,,,
Electronics > Digital > Logic Gates,7432: OR gate,electronics/7432,offset,,point,,"14,12",no,,,,,,,
Electronics > Digital > Logic Gates,7432: OR gate,electronics/7432,max-i,,,,0.05,no,,,,,,,
Electronics > Digital > Logic Gates,7432: OR gate,electronics/7432,max-rv,,,,1,no,,,,,,,
Electronics > Digital > Logic Gates,7432: OR gate,electronics/7432,part-id-prefix,,,,,no,,,,,,,
Electronics > Digital > Logic Gates,7432: OR gate,electronics/7432,export-name,,,,74HC32,no,,,,,,,
Electronics > Digital > Logic Gates,7432: OR gate,electronics/7432,export-library,,,,Logic Gates (74HC),no,,,,,,,
Electronics > Digital > Logic Gates,7432: OR gate,electronics/7432,part-id-group-size,,,,4,no,,,,,,,
Electronics > Digital > Logic Gates,7432: OR gate,electronics/7432,meta-label,,string,,,no,,,,,,,
Electronics > Digital > Logic Gates,7432: OR gate,electronics/7432,meta-icon,,,,electronics/icons/gates/or,no,,,,,,,
Electronics > Digital > Logic Gates,7402: NOR gate,electronics/7402,offset,,point,,"14,12",no,,,,,,,
Electronics > Digital > Logic Gates,7402: NOR gate,electronics/7402,max-i,,,,0.05,no,,,,,,,
Electronics > Digital > Logic Gates,7402: NOR gate,electronics/7402,max-rv,,,,1,no,,,,,,,
Electronics > Digital > Logic Gates,7402: NOR gate,electronics/7402,part-id-prefix,,,,,no,,,,,,,
Electronics > Digital > Logic Gates,7402: NOR gate,electronics/7402,export-name,,,,74HC02,no,,,,,,,
Electronics > Digital > Logic Gates,7402: NOR gate,electronics/7402,export-library,,,,Logic Gates (74HC),no,,,,,,,
Electronics > Digital > Logic Gates,7402: NOR gate,electronics/7402,part-id-group-size,,,,4,no,,,,,,,
Electronics > Digital > Logic Gates,7402: NOR gate,electronics/7402,meta-label,,string,,,no,,,,,,,
Electronics > Digital > Logic Gates,7402: NOR gate,electronics/7402,meta-icon,,,,electronics/icons/gates/nor,no,,,,,,,
Electronics > Digital > Logic Gates,7486: Exclusive-OR gate,electronics/7486,offset,,point,,"14,12",no,,,,,,,
Electronics > Digital > Logic Gates,7486: Exclusive-OR gate,electronics/7486,max-i,,,,0.05,no,,,,,,,
Electronics > Digital > Logic Gates,7486: Exclusive-OR gate,electronics/7486,max-rv,,,,1,no,,,,,,,
Electronics > Digital > Logic Gates,7486: Exclusive-OR gate,electronics/7486,part-id-prefix,,,,,no,,,,,,,
Electronics > Digital > Logic Gates,7486: Exclusive-OR gate,electronics/7486,export-name,,,,74HC86,no,,,,,,,
Electronics > Digital > Logic Gates,7486: Exclusive-OR gate,electronics/7486,export-library,,,,Logic Gates (74HC),no,,,,,,,
Electronics > Digital > Logic Gates,7486: Exclusive-OR gate,electronics/7486,part-id-group-size,,,,4,no,,,,,,,
Electronics > Digital > Logic Gates,7486: Exclusive-OR gate,electronics/7486,meta-label,,string,,,no,,,,,,,
Electronics > Digital > Logic Gates,7486: Exclusive-OR gate,electronics/7486,meta-icon,,,,electronics/icons/gates/xor,no,,,,,,,
Electronics > Digital > Flip-flops,4043: RS flip-flop,electronics/4043-without-enable,max-i,,,,0.05,no,,,,,,,
Electronics > Digital > Flip-flops,4043: RS flip-flop,electronics/4043-without-enable,max-rv,,,,1,no,,,,,,,
Electronics > Digital > Flip-flops,4043: RS flip-flop,electronics/4043-without-enable,part-id-prefix,,,,,no,,,,,,,
Electronics > Digital > Flip-flops,4043: RS flip-flop,electronics/4043-without-enable,export-name,,,,4043B,no,,,,,,,
Electronics > Digital > Flip-flops,4043: RS flip-flop,electronics/4043-without-enable,export-library,,,,Logic Gates (4000),no,,,,,,,
Electronics > Digital > Flip-flops,4043: RS flip-flop,electronics/4043-without-enable,part-id-group-size,,,,4,no,,,,,,,
Electronics > Digital > Flip-flops,7474: D-type flip-flop,electronics/7474,max-i,,,,0.05,no,,,,,,,
Electronics > Digital > Flip-flops,7474: D-type flip-flop,electronics/7474,max-rv,,,,1,no,,,,,,,
Electronics > Digital > Flip-flops,7474: D-type flip-flop,electronics/7474,part-id-prefix,,,,,no,,,,,,,
Electronics > Digital > Flip-flops,7474: D-type flip-flop,electronics/7474,export-name,,,,74HC74,no,,,,,,,
Electronics > Digital > Flip-flops,7474: D-type flip-flop,electronics/7474,export-library,,,,Logic Gates (74HC),no,,,,,,,
Electronics > Digital > Flip-flops,4027: JK flip-flop (with set),electronics/4027,max-i,,,,0.05,no,,,,,,,
Electronics > Digital > Flip-flops,4027: JK flip-flop (with set),electronics/4027,max-rv,,,,1,no,,,,,,,
Electronics > Digital > Flip-flops,4027: JK flip-flop (with set),electronics/4027,part-id-prefix,,,,,no,,,,,,,
Electronics > Digital > Flip-flops,4027: JK flip-flop (with set),electronics/4027,export-name,,,,4027B,no,,,,,,,
Electronics > Digital > Flip-flops,4027: JK flip-flop (with set),electronics/4027,export-library,,,,Logic Gates (4000),no,,,,,,,
Electronics > Digital > Flip-flops,4027: JK flip-flop (with set),electronics/4027,part-id-group-size,,,,2,no,,,,,,,
Electronics > Digital > Flip-flops,7473: JK flip-flop (without set),electronics/7473,max-i,,,,0.05,no,,,,,,,
Electronics > Digital > Flip-flops,7473: JK flip-flop (without set),electronics/7473,max-rv,,,,1,no,,,,,,,
Electronics > Digital > Flip-flops,7473: JK flip-flop (without set),electronics/7473,part-id-prefix,,,,,no,,,,,,,
Electronics > Digital > Flip-flops,7473: JK flip-flop (without set),electronics/7473,export-name,,,,74HC73,no,,,,,,,
Electronics > Digital > Flip-flops,7473: JK flip-flop (without set),electronics/7473,export-library,,,,Logic Gates (74HC),no,,,,,,,
Electronics > Digital > Counters,4518: Decade (÷10) counter,electronics/4518,max-i,,,,0.05,no,,,,,,,
Electronics > Digital > Counters,4518: Decade (÷10) counter,electronics/4518,max-rv,,,,1,no,,,,,,,
Electronics > Digital > Counters,4518: Decade (÷10) counter,electronics/4518,part-id-prefix,,,,,no,,,,,,,
Electronics > Digital > Counters,4518: Decade (÷10) counter,electronics/4518,export-name,,,,4518B,no,,,,,,,
Electronics > Digital > Counters,4518: Decade (÷10) counter,electronics/4518,export-library,,,,Logic Gates (4000),no,,,,,,,
Electronics > Digital > Counters,4518: Decade (÷10) counter,electronics/4518,part-id-group-size,,,,2,no,,,,,,,
Electronics > Digital > Counters,4026: Decade counter and 7-segment decoder,electronics/4026,max-i,,,,0.05,no,,,,,,,
Electronics > Digital > Counters,4026: Decade counter and 7-segment decoder,electronics/4026,max-rv,,,,1,no,,,,,,,
Electronics > Digital > Counters,4026: Decade counter and 7-segment decoder,electronics/4026,part-id-prefix,,,,,no,,,,,,,
Electronics > Digital > Counters,4026: Decade counter and 7-segment decoder,electronics/4026,export-name,,,,4026B,no,,,,,,,
Electronics > Digital > Counters,4026: Decade counter and 7-segment decoder,electronics/4026,export-library,,,,Logic Gates (4000),no,,,,,,,
Electronics > Digital > Counters,4017: Decoded (1-of-10) decade counter,electronics/4017,max-i,,,,0.05,no,,,,,,,
Electronics > Digital > Counters,4017: Decoded (1-of-10) decade counter,electronics/4017,max-rv,,,,1,no,,,,,,,
Electronics > Digital > Counters,4017: Decoded (1-of-10) decade counter,electronics/4017,part-id-prefix,,,,,no,,,,,,,
Electronics > Digital > Counters,4017: Decoded (1-of-10) decade counter,electronics/4017,export-name,,,,4017B,no,,,,,,,
Electronics > Digital > Counters,4017: Decoded (1-of-10) decade counter,electronics/4017,export-library,,,,Logic Gates (4000),no,,,,,,,
Electronics > Digital > Decoders,4028: BCD to decimal (1-of-10) decoder,electronics/4028,max-i,,,,0.05,no,,,,,,,
Electronics > Digital > Decoders,4028: BCD to decimal (1-of-10) decoder,electronics/4028,max-rv,,,,1,no,,,,,,,
Electronics > Digital > Decoders,4028: BCD to decimal (1-of-10) decoder,electronics/4028,part-id-prefix,,,,,no,,,,,,,
Electronics > Digital > Decoders,4028: BCD to decimal (1-of-10) decoder,electronics/4028,export-name,,,,4028B,no,,,,,,,
Electronics > Digital > Decoders,4028: BCD to decimal (1-of-10) decoder,electronics/4028,export-library,,,,Logic Gates (4000),no,,,,,,,
Electronics > Digital > Decoders,4511: BCD to 7-segment display decoder,electronics/4511,max-i,,,,0.05,no,,,,,,,
Electronics > Digital > Decoders,4511: BCD to 7-segment display decoder,electronics/4511,max-rv,,,,1,no,,,,,,,
Electronics > Digital > Decoders,4511: BCD to 7-segment display decoder,electronics/4511,part-id-prefix,,,,,no,,,,,,,
Electronics > Digital > Decoders,4511: BCD to 7-segment display decoder,electronics/4511,export-name,,,,4511B,no,,,,,,,
Electronics > Digital > Decoders,4511: BCD to 7-segment display decoder,electronics/4511,export-library,,,,Logic Gates (4000),no,,,,,,,
Electronics > Digital > Inputs,Clock,electronics/clock,offset,,point,,"12,6",no,,,,,,,
Electronics > Digital > Inputs,Clock,electronics/clock,part-id-prefix,,,,,no,,,,,,,
Electronics > Digital > Inputs,Latching logic input,electronics/latching-logic-input,offset,,point,,"4,6",no,,,,,,,
Electronics > Digital > Inputs,Latching logic input,electronics/latching-logic-input,part-id-prefix,,,,,no,,,,,,,
Electronics > Digital > Inputs,Latching logic input,electronics/latching-logic-input,state,,bool,,false,no,,,,,,,
Electronics > Digital > Inputs,Push button logic input,electronics/push-button-logic-input,offset,,point,,"4,6",no,,,,,,,
Electronics > Digital > Inputs,Push button logic input,electronics/push-button-logic-input,part-id-prefix,,,,,no,,,,,,,
Electronics > Digital > Inputs,Push button logic input,electronics/push-button-logic-input,state,,bool,,false,no,,,,,,,
Electronics > Digital > Inputs,Custom logic input,electronics/new-context-logic-input,show-toolbar,,,,true,no,,,,,,,presentation/ui/button
Electronics > Digital > Inputs,Custom logic input,electronics/new-context-logic-input,value,,,mutable-proxy,../p[@key='local-value'],no,,,,,,,presentation/ui/button
Electronics > Digital > Inputs,Custom logic input,electronics/new-context-logic-input,local-value,,,,false,no,,,,,,,presentation/ui/button
Electronics > Digital > Inputs,Custom logic input,electronics/new-context-logic-input,latch-mode,Latch mode,string,,Switch,no,,,,"{""label"": ""set-validator"", ""values"": [{""key"": """", ""type"": ""string-array"", ""value"": ""Switch Push""}, {""key"": """", ""type"": ""string"", ""value"": ""Switch""}, {""key"": """", ""type"": ""string"", ""value"": ""Push""}]}",,,presentation/ui/button
Electronics > Digital > Inputs,Target logic input,electronics/context-logic-input,offset,,point,,"12,15",no,,,,,,,electronics/ui/context-logic
Electronics > Digital > Inputs,Target logic input,electronics/context-logic-input,orientation-constraint,,,,fixed,no,,,,,,,electronics/ui/context-logic
Electronics > Digital > Inputs,Target logic input,electronics/context-logic-input,part-id-prefix,,,,,no,,,,,,,electronics/ui/context-logic
Electronics > Digital > Inputs,Target logic input,electronics/context-logic-input,digital-value,,bool,,false,no,,,,,,,electronics/ui/context-logic
Electronics > Digital > Inputs,Target logic input,electronics/context-logic-input,hide-association-control,,bool,user-hidden,false,yes,ObserverCheckBox,Hide association control,,,,,electronics/ui/context-logic
Electronics > Digital > Outputs,Logic indicator,electronics/logic-output,offset,,point,,"12,8",no,,,,,,,
Electronics > Digital > Outputs,Logic indicator,electronics/logic-output,orientation-constraint,,,,compass-4,no,,,,,,,
Electronics > Digital > Outputs,Logic indicator,electronics/logic-output,part-id-prefix,,,,,no,,,,,,,
Electronics > Digital > Outputs,Logic indicator,electronics/logic-output,user-state,,bool,,false,no,,,,,,,
Electronics > Digital > Outputs,Custom logic output,electronics/new-context-logic-output,show-toolbar,,,,true,no,,,,,,,presentation/ui/button
Electronics > Digital > Outputs,Custom logic output,electronics/new-context-logic-output,value,Value,,mutable-proxy,../p[@key=local-value],no,,,,,,,presentation/ui/button
Electronics > Digital > Outputs,Custom logic output,electronics/new-context-logic-output,local-value,,,,false,no,,,,,,,presentation/ui/button
Electronics > Digital > Outputs,Custom logic output,electronics/new-context-logic-output,latch-mode,Latch mode,string,,Switch,no,,,,"{""label"": ""set-validator"", ""values"": [{""key"": """", ""type"": ""string-array"", ""value"": ""Switch Push""}, {""key"": """", ""type"": ""string"", ""value"": ""Switch""}, {""key"": """", ""type"": ""string"", ""value"": ""Push""}]}",,,presentation/ui/button
Electronics > Digital > Outputs,Target logic output,electronics/context-logic-output,offset,,point,,"0,0",no,,,,,,,electronics/ui/context-logic
Electronics > Digital > Outputs,Target logic output,electronics/context-logic-output,orientation-constraint,,,,fixed,no,,,,,,,electronics/ui/context-logic
Electronics > Digital > Outputs,Target logic output,electronics/context-logic-output,part-id-prefix,,,,,no,,,,,,,electronics/ui/context-logic
Electronics > Digital > Outputs,Target logic output,electronics/context-logic-output,user-state,,bool,,false,no,,,,,,,electronics/ui/context-logic
Electronics > Digital > Outputs,Target logic output,electronics/context-logic-output,hide-association-control,,bool,user-hidden,false,yes,ObserverCheckBox,Hide association control,,,,,electronics/ui/context-logic
Motion & Forces > Mechanisms,Chain,motion/chain,splittable,,,,false,no,,,,,,,motion/ui/chain
Motion & Forces > Mechanisms,Chain,motion/chain,part-id-prefix,,,,,no,,,,,,,motion/ui/chain
Motion & Forces > Mechanisms,Chain,motion/chain,pad-class,,,,motion/chain-pad,no,,,,,,,motion/ui/chain
Motion & Forces > Mechanisms,Chain,motion/chain,bendable,,,,false,no,,,,,,,motion/ui/chain
Motion & Forces > Mechanisms,Chain,motion/chain,front-facing,,bool,user-hidden,true,yes,ObserverComboBox,,,,,,motion/ui/chain
Motion & Forces > Mechanisms,Chain,motion/chain,user-front-facing,Front view,,proxy,,no,,,,,,,motion/ui/chain
Motion & Forces > Mechanisms,Chain,motion/chain,path,,,,"(0,0),(100,100)",no,,,,,,,motion/ui/chain
Motion & Forces > Mechanisms,Constant speed motor,motion/motor,mass,Mass,double,computed,,no,,,,,gram; kilogram; tonne; ounce; pound; stone; ton,kilogram,motion/ui/motor
Motion & Forces > Mechanisms,Constant speed motor,motion/motor,moment-of-inertia,,double,computed,,no,,,,,gram metres squared; kilogram metres squared,gram metres squared,motion/ui/motor
Motion & Forces > Mechanisms,Constant speed motor,motion/motor,linearly-fixed,,,,true,no,,,,,,,motion/ui/motor
Motion & Forces > Mechanisms,Constant speed motor,motion/motor,rotationally-fixed,,,,true,no,,,,,,,motion/ui/motor
Motion & Forces > Mechanisms,Constant speed motor,motion/motor,user-ang,Angle of rotation,,"proxy,readonly",,no,,,,,,,motion/ui/motor
Motion & Forces > Mechanisms,Constant speed motor,motion/motor,user-angacc,Angular acceleration,,"proxy,readonly",,no,,,,,,,motion/ui/motor
Motion & Forces > Mechanisms,Constant speed motor,motion/motor,user-torque,Torque,double,computed,,no,,,,,,,motion/ui/motor
Motion & Forces > Mechanisms,Constant speed motor,motion/motor,front-facing,,,,,yes,ObserverComboBox,,,,,,motion/ui/motor
Motion & Forces > Mechanisms,Constant speed motor,motion/motor,user-gear-teeth,Gear teeth,,proxy,,no,,,,,,,motion/ui/motor
Motion & Forces > Mechanisms,Constant speed motor,motion/motor,user-front-facing,Front view,,proxy,,no,,,,,,,motion/ui/motor
Motion & Forces > Mechanisms,Constant speed motor,motion/motor,part-id-prefix,,,,,no,,,,,,,motion/ui/motor
Motion & Forces > Mechanisms,Constant speed motor,motion/motor,motor-angvel,Angular velocity,double,,(35/60)*2*PI,yes,ObserverSpinBox; UnitChooser,,,"{""label"": """", ""values"": [{""key"": """", ""type"": ""value-map"", ""value"": ""-4*PI 4*PI""}, {""key"": ""min"", ""type"": ""double"", ""value"": ""-4*PI""}, {""key"": ""max"", ""type"": ""double"", ""value"": ""4*PI""}]}",revolutions per minute; radians per second; degrees per second,revolutions per minute,motion/ui/motor
Motion & Forces > Mechanisms,Flywheel,motion/flywheel-and-gear,mass,Mass,double,computed,,no,,,,,gram; kilogram; tonne; ounce; pound; stone; ton,kilogram,motion/ui/flywheel
Motion & Forces > Mechanisms,Flywheel,motion/flywheel-and-gear,moment-of-inertia,,double,computed,,no,,,,,gram metres squared; kilogram metres squared,gram metres squared,motion/ui/flywheel
Motion & Forces > Mechanisms,Flywheel,motion/flywheel-and-gear,linearly-fixed,,,,true,no,,,,,,,motion/ui/flywheel
Motion & Forces > Mechanisms,Flywheel,motion/flywheel-and-gear,rotationally-fixed,,,,true,no,,,,,,,motion/ui/flywheel
Motion & Forces > Mechanisms,Flywheel,motion/flywheel-and-gear,user-ang,Angle of rotation,,"proxy,readonly",,no,,,,,,,motion/ui/flywheel
Motion & Forces > Mechanisms,Flywheel,motion/flywheel-and-gear,user-angvel,Angular velocity,,"proxy,readonly",,no,,,,,,,motion/ui/flywheel
Motion & Forces > Mechanisms,Flywheel,motion/flywheel-and-gear,user-angacc,Angular acceleration,,"proxy,readonly",,no,,,,,,,motion/ui/flywheel
Motion & Forces > Mechanisms,Flywheel,motion/flywheel-and-gear,user-torque,Torque,double,computed,,no,,,,,,,motion/ui/flywheel
Motion & Forces > Mechanisms,Flywheel,motion/flywheel-and-gear,front-facing,,,,,yes,ObserverComboBox,,,,,,motion/ui/flywheel
Motion & Forces > Mechanisms,Flywheel,motion/flywheel-and-gear,part-id-prefix,,,,,no,,,,,,,motion/ui/flywheel
Motion & Forces > Mechanisms,Flywheel,motion/flywheel-and-gear,user-gear-teeth,Gear teeth,,proxy,,no,,,,,,,motion/ui/flywheel
Motion & Forces > Mechanisms,Flywheel,motion/flywheel-and-gear,user-front-facing,Front view,,proxy,,no,,,,,,,motion/ui/flywheel
Motion & Forces > Mechanisms,Gear,motion/double-gear,mass,Mass,double,computed,,no,,,,,gram; kilogram; tonne; ounce; pound; stone; ton,kilogram,motion/ui/gear
Motion & Forces > Mechanisms,Gear,motion/double-gear,moment-of-inertia,,double,computed,,no,,,,,gram metres squared; kilogram metres squared,gram metres squared,motion/ui/gear
Motion & Forces > Mechanisms,Gear,motion/double-gear,linearly-fixed,,,,true,no,,,,,,,motion/ui/gear
Motion & Forces > Mechanisms,Gear,motion/double-gear,rotationally-fixed,,,,true,no,,,,,,,motion/ui/gear
Motion & Forces > Mechanisms,Gear,motion/double-gear,user-ang,Angle of rotation,,"proxy,readonly",,no,,,,,,,motion/ui/gear
Motion & Forces > Mechanisms,Gear,motion/double-gear,user-angvel,Angular velocity,,"proxy,readonly",,no,,,,,,,motion/ui/gear
Motion & Forces > Mechanisms,Gear,motion/double-gear,user-angacc,,,"proxy,readonly",../subpart[@role='top']/p[@key='angacc'],no,,,,,,,motion/ui/gear
Motion & Forces > Mechanisms,Gear,motion/double-gear,user-torque,Torque,double,computed,,no,,,,,,,motion/ui/gear
Motion & Forces > Mechanisms,Gear,motion/double-gear,front-facing,,,,,yes,ObserverComboBox,,,,,,motion/ui/gear
Motion & Forces > Mechanisms,Gear,motion/double-gear,part-id-prefix,,,,,no,,,,,,,motion/ui/gear
Motion & Forces > Mechanisms,Gear,motion/double-gear,user-bottom-gear-teeth,Primary gear teeth,,proxy,,no,,,,,,,motion/ui/gear
Motion & Forces > Mechanisms,Gear,motion/double-gear,user-top-gear-teeth,Secondary gear teeth,,proxy,,no,,,,,,,motion/ui/gear
Motion & Forces > Mechanisms,Gear,motion/double-gear,user-front-facing,Front view,,proxy,,no,,,,,,,motion/ui/gear
Motion & Forces > Mechanisms,Gear,motion/double-gear,user-top-gear-shown,Display secondary gear,bool,writable-computed,,yes,ObserverCheckBox,Display,,,,,motion/ui/gear
Motion & Forces > Mechanisms,Generator,motion/connected-generator,angvel,Angular velocity,double,user-hidden,0.0,yes,ObserverLabel; UnitChooser,RPM,gear,,revolutions per minute; radians per second; degrees per second,revolutions per minute,motion/ui/generator
Motion & Forces > Mechanisms,Generator,motion/connected-generator,mass,Mass,double,computed,,no,,,,,gram; kilogram; tonne; ounce; pound; stone; ton,kilogram,motion/ui/generator
Motion & Forces > Mechanisms,Generator,motion/connected-generator,moment-of-inertia,,double,computed,,no,,,,,gram metres squared; kilogram metres squared,gram metres squared,motion/ui/generator
Motion & Forces > Mechanisms,Generator,motion/connected-generator,linearly-fixed,,,,true,no,,,,,,,motion/ui/generator
Motion & Forces > Mechanisms,Generator,motion/connected-generator,rotationally-fixed,,,,true,no,,,,,,,motion/ui/generator
Motion & Forces > Mechanisms,Generator,motion/connected-generator,user-ang,Angle of rotation,,"proxy,readonly",,no,,,,,,,motion/ui/generator
Motion & Forces > Mechanisms,Generator,motion/connected-generator,user-angvel,Angular velocity,,"proxy,readonly",,no,,,,,,,motion/ui/generator
Motion & Forces > Mechanisms,Generator,motion/connected-generator,user-angacc,Angular acceleration,,"proxy,readonly",,no,,,,,,,motion/ui/generator
Motion & Forces > Mechanisms,Generator,motion/connected-generator,user-torque,Torque,double,computed,,no,,,,,,,motion/ui/generator
Motion & Forces > Mechanisms,Generator,motion/connected-generator,front-facing,,,,,yes,ObserverComboBox,,,,,,motion/ui/generator
Motion & Forces > Mechanisms,Generator,motion/connected-generator,user-gear-teeth,Gear teeth,,proxy,,no,,,,,,,motion/ui/generator
Motion & Forces > Mechanisms,Generator,motion/connected-generator,user-front-facing,Front view,,proxy,,no,,,,,,,motion/ui/generator
Motion & Forces > Mechanisms,Generator,motion/connected-generator,voltage,,,proxy,../popup[@id='connected-generator-popup']/part[@id='M1']/p[@key='two-terminal-voltage'],no,,,,,,,motion/ui/generator
Motion & Forces > Mechanisms,Generator,motion/connected-generator,electronics-angle,,double,,,no,,,,,,,motion/ui/generator
Motion & Forces > Mechanisms,Generator,motion/connected-generator,exploded,,,proxy,../popup[@id='connected-generator-popup']/part[@id='M1']/p[@key='exploded'],no,,,,,,,motion/ui/generator
Motion & Forces > Mechanisms,Generator,motion/connected-generator,part-id-prefix,,,,,no,,,,,,,motion/ui/generator
Motion & Forces > Mechanisms,Electric motor,motion/connected-electric-motor,angvel,Angular velocity,double,user-hidden,0.0,yes,ObserverLabel; UnitChooser,RPM,gear,,revolutions per minute; radians per second; degrees per second,revolutions per minute,motion/ui/generator
Motion & Forces > Mechanisms,Electric motor,motion/connected-electric-motor,mass,Mass,double,computed,,no,,,,,gram; kilogram; tonne; ounce; pound; stone; ton,kilogram,motion/ui/generator
Motion & Forces > Mechanisms,Electric motor,motion/connected-electric-motor,moment-of-inertia,,double,computed,,no,,,,,gram metres squared; kilogram metres squared,gram metres squared,motion/ui/generator
Motion & Forces > Mechanisms,Electric motor,motion/connected-electric-motor,linearly-fixed,,,,true,no,,,,,,,motion/ui/generator
Motion & Forces > Mechanisms,Electric motor,motion/connected-electric-motor,rotationally-fixed,,,,true,no,,,,,,,motion/ui/generator
Motion & Forces > Mechanisms,Electric motor,motion/connected-electric-motor,user-ang,Angle of rotation,,"proxy,readonly",,no,,,,,,,motion/ui/generator
Motion & Forces > Mechanisms,Electric motor,motion/connected-electric-motor,user-angvel,Angular velocity,,"proxy,readonly",,no,,,,,,,motion/ui/generator
Motion & Forces > Mechanisms,Electric motor,motion/connected-electric-motor,user-angacc,Angular acceleration,,"proxy,readonly",,no,,,,,,,motion/ui/generator
Motion & Forces > Mechanisms,Electric motor,motion/connected-electric-motor,user-torque,Torque,double,computed,,no,,,,,,,motion/ui/generator
Motion & Forces > Mechanisms,Electric motor,motion/connected-electric-motor,front-facing,,,,,yes,ObserverComboBox,,,,,,motion/ui/generator
Motion & Forces > Mechanisms,Electric motor,motion/connected-electric-motor,user-gear-teeth,Gear teeth,,proxy,,no,,,,,,,motion/ui/generator
Motion & Forces > Mechanisms,Electric motor,motion/connected-electric-motor,user-front-facing,Front view,,proxy,,no,,,,,,,motion/ui/generator
Motion & Forces > Mechanisms,Electric motor,motion/connected-electric-motor,voltage,,,proxy,../popup[@id='connected-electric-motor-popup']/part[@id='M1']/p[@key='two-terminal-voltage'],no,,,,,,,motion/ui/generator
Motion & Forces > Mechanisms,Electric motor,motion/connected-electric-motor,electronics-angle,,double,,,no,,,,,,,motion/ui/generator
Motion & Forces > Mechanisms,Electric motor,motion/connected-electric-motor,exploded,,,proxy,../popup[@id='connected-electric-motor-popup']/part[@id='M1']/p[@key='exploded'],no,,,,,,,motion/ui/generator
Motion & Forces > Mechanisms,Electric motor,motion/connected-electric-motor,part-id-prefix,,,,,no,,,,,,,motion/ui/generator
Motion & Forces > Mechanisms,Rack and pinion,motion/rack-and-pinion,mass,Mass,double,computed,,no,,,,,gram; kilogram; tonne; ounce; pound; stone; ton,kilogram,motion/ui/gear
Motion & Forces > Mechanisms,Rack and pinion,motion/rack-and-pinion,moment-of-inertia,,double,computed,,no,,,,,gram metres squared; kilogram metres squared,gram metres squared,motion/ui/gear
Motion & Forces > Mechanisms,Rack and pinion,motion/rack-and-pinion,linearly-fixed,,,,true,no,,,,,,,motion/ui/gear
Motion & Forces > Mechanisms,Rack and pinion,motion/rack-and-pinion,rotationally-fixed,,,,true,no,,,,,,,motion/ui/gear
Motion & Forces > Mechanisms,Rack and pinion,motion/rack-and-pinion,user-ang,Angle of rotation,,"proxy,readonly",,no,,,,,,,motion/ui/gear
Motion & Forces > Mechanisms,Rack and pinion,motion/rack-and-pinion,user-angvel,Angular velocity,,"proxy,readonly",,no,,,,,,,motion/ui/gear
Motion & Forces > Mechanisms,Rack and pinion,motion/rack-and-pinion,user-angacc,Angular acceleration,,"proxy,readonly",,no,,,,,,,motion/ui/gear
Motion & Forces > Mechanisms,Rack and pinion,motion/rack-and-pinion,user-torque,Torque,double,computed,,no,,,,,,,motion/ui/gear
Motion & Forces > Mechanisms,Rack and pinion,motion/rack-and-pinion,front-facing,,,,,yes,ObserverComboBox,,,,,,motion/ui/gear
Motion & Forces > Mechanisms,Rack and pinion,motion/rack-and-pinion,part-id-prefix,,,,,no,,,,,,,motion/ui/gear
Motion & Forces > Mechanisms,Rack and pinion,motion/rack-and-pinion,user-front-facing,Front view,,proxy,,no,,,,,,,motion/ui/gear
Motion & Forces > Mechanisms,Rack and pinion,motion/rack-and-pinion,rack-scalar-vel,Rack linear velocity,double,computed,,no,,,,,metres per second; kilometres per second,metres per second,motion/ui/gear
Motion & Forces > Mechanisms,Rack and pinion,motion/rack-and-pinion,rack-scalar-acc,Rack linear acceleration,double,computed,,no,,,,,,metres per second per second,motion/ui/gear
Motion & Forces > Mechanisms,Rack and pinion,motion/rack-and-pinion,user-bottom-gear-teeth,Primary gear teeth,,proxy,,no,,,,,,,motion/ui/gear
Motion & Forces > Mechanisms,Rack and pinion,motion/rack-and-pinion,user-top-gear-teeth,Secondary gear teeth,,proxy,,no,,,,,,,motion/ui/gear
Motion & Forces > Mechanisms,Rack and pinion,motion/rack-and-pinion,user-top-gear-shown,Display secondary gear,bool,writable-computed,,yes,ObserverCheckBox,Display,,,,,motion/ui/gear
Motion & Forces > Mechanisms,Torque,motion/torque-application,part-id-prefix,,,,,no,,,,,,,motion/ui/torque
Motion & Forces > Mechanisms,Torque,motion/torque-application,torque-value,Torque magnitude,double,,0.1,yes,ObserverSpinBox,,,"{""label"": """", ""values"": [{""key"": """", ""type"": ""value-map"", ""value"": ""0 1000""}, {""key"": ""min"", ""type"": ""double"", ""value"": ""0""}, {""key"": ""max"", ""type"": ""double"", ""value"": ""1000""}]}",newton metre,newton metre,motion/ui/torque
Motion & Forces > Mechanisms,Torque,motion/torque-application,force-value,Force,double,,1,no,,,,,newton; kilonewton,newton,motion/ui/torque
Motion & Forces > Mechanisms,Torque,motion/torque-application,radius,Radius,double,computed,,no,,,,,picometer; nanometer; micrometer; millimeter; centimeter; meter; kilometer,meter,motion/ui/torque
Motion & Forces > Mechanisms,Microswitch,motion/connected-microswitch,linearly-fixed,,,,true,no,,,,,,,
Motion & Forces > Mechanisms,Microswitch,motion/connected-microswitch,rotationally-fixed,,,,true,no,,,,,,,
Motion & Forces > Mechanisms,Microswitch,motion/connected-microswitch,pressed,,,,,no,,,,,,,
Motion & Forces > Mechanisms,Microswitch,motion/connected-microswitch,part-id-prefix,,,,,no,,,,,,,
Motion & Forces > Mechanisms,Solenoid,motion/connected-solenoid,linearly-fixed,,,,true,no,,,,,,,
Motion & Forces > Mechanisms,Solenoid,motion/connected-solenoid,rotationally-fixed,,,,true,no,,,,,,,
Motion & Forces > Mechanisms,Solenoid,motion/connected-solenoid,current,,,proxy,../popup[@id='connected-solenoid-popup']/part[@id='SOL1']/p[@key='two-terminal-current'],no,,,,,,,
Motion & Forces > Mechanisms,Solenoid,motion/connected-solenoid,voltage,,,proxy,../popup[@id='connected-solenoid-popup']/part[@id='SOL1']/p[@key='two-terminal-voltage'],no,,,,,,,
Motion & Forces > Mechanisms,Solenoid,motion/connected-solenoid,part-id-prefix,,,,,no,,,,,,,
Motion & Forces > Motion,Space,motion/space2,width,,,writable-computed,,no,,,,,,,
Motion & Forces > Motion,Space,motion/space2,height,,,writable-computed,,no,,,,,,,
Motion & Forces > Motion,Space,motion/space2,visible-size,,,writable-computed,,no,,,,,,,
Motion & Forces > Motion,Space,motion/space2,visible,,,,true,no,,,,,,,
Motion & Forces > Motion > Grounds,Ideal elastic ground,motion/ideal-elastic-ground,fascia,,,,,yes,ObserverComboBox,,,,,,motion/ui/groundForces; motion/ui/ground
Motion & Forces > Motion > Grounds,Ideal elastic ground,motion/ideal-elastic-ground,left-control-point,,,,"(-100,0)",no,,,,,,,motion/ui/groundForces; motion/ui/ground
Motion & Forces > Motion > Grounds,Ideal elastic ground,motion/ideal-elastic-ground,right-control-point,,,,"(100,0)",no,,,,,,,motion/ui/groundForces; motion/ui/ground
Motion & Forces > Motion > Grounds,Ideal elastic ground,motion/ideal-elastic-ground,gravitational-acceleration,Gravitational acceleration,double,,9.80665,yes,ObserverSpinBox; UnitChooser,,,"{""label"": """", ""values"": [{""key"": """", ""type"": ""value-map"", ""value"": ""0 30""}, {""key"": ""min"", ""type"": ""double"", ""value"": ""0""}, {""key"": ""max"", ""type"": ""double"", ""value"": ""30""}]}",metres per second per second,metres per second per second,motion/ui/groundForces; motion/ui/ground
Motion & Forces > Motion > Grounds,Ideal elastic ground,motion/ideal-elastic-ground,planet,World,string,,Earth,yes,ObserverComboBox,,,"{""label"": ""set-validator"", ""values"": [{""key"": """", ""type"": ""string-array"", ""value"": ""Earth Moon Mercury Venus Mars Jupiter Saturn Uranus Neptune Pluto Other""}, {""key"": """", ""type"": ""string"", ""value"": ""Earth""}, {""key"": """", ""type"": ""string"", ""value"": ""Moon""}, {""key"": """", ""type"": ""string"", ""value"": ""Mercury""}, {""key"": """", ""type"": ""string"", ""value"": ""Venus""}, {""key"": """", ""type"": ""string"", ""value"": ""Mars""}, {""key"": """", ""type"": ""string"", ""value"": ""Jupiter""}, {""key"": """", ""type"": ""string"", ""value"": ""Saturn""}, {""key"": """", ""type"": ""string"", ""value"": ""Uranus""}, {""key"": """", ""type"": ""string"", ""value"": ""Neptune""}, {""key"": """", ""type"": ""string"", ""value"": ""Pluto""}, {""key"": """", ""type"": ""string"", ""value"": ""Other""}]}",,,motion/ui/groundForces; motion/ui/ground
Motion & Forces > Motion > Grounds,Ideal elastic ground,motion/ideal-elastic-ground,material,,,,,yes,ObserverComboBox,,,,,,motion/ui/groundForces; motion/ui/ground
Motion & Forces > Motion > Grounds,Ideal elastic ground,motion/ideal-elastic-ground,static-friction,Static friction,double,,0.0,yes,ObserverSpinBox,,,"{""label"": """", ""values"": [{""key"": """", ""type"": ""value-map"", ""value"": ""0.0 5.0""}, {""key"": ""min"", ""type"": ""double"", ""value"": ""0.0""}, {""key"": ""max"", ""type"": ""double"", ""value"": ""5.0""}]}",,,motion/ui/groundForces; motion/ui/ground
Motion & Forces > Motion > Grounds,Ideal elastic ground,motion/ideal-elastic-ground,dynamic-friction,Kinetic friction,double,,0.0,yes,ObserverSpinBox,,,"{""label"": """", ""values"": [{""key"": """", ""type"": ""value-map"", ""value"": ""0.0 5.0""}, {""key"": ""min"", ""type"": ""double"", ""value"": ""0.0""}, {""key"": ""max"", ""type"": ""double"", ""value"": ""5.0""}]}",,,motion/ui/groundForces; motion/ui/ground
Motion & Forces > Motion > Grounds,Ideal elastic ground,motion/ideal-elastic-ground,coefficient-of-restitution,Elasticity,double,,0.0,yes,ObserverSpinBox,,,"{""label"": """", ""values"": [{""key"": """", ""type"": ""value-map"", ""value"": ""0.0 1.0""}, {""key"": ""min"", ""type"": ""double"", ""value"": ""0.0""}, {""key"": ""max"", ""type"": ""double"", ""value"": ""1.0""}]}",,,motion/ui/groundForces; motion/ui/ground
Motion & Forces > Motion > Grounds,Ideal elastic ground,motion/ideal-elastic-ground,forces-shown,Forces shown,bool,,,yes,ObserverCheckBox,Show forces,,,,,motion/ui/groundForces; motion/ui/ground
Motion & Forces > Motion > Grounds,Ideal elastic ground,motion/ideal-elastic-ground,force-labels-shown,Force label shown,bool,,,yes,ObserverComboBox,,,,,,motion/ui/groundForces; motion/ui/ground
Motion & Forces > Motion > Grounds,Ideal elastic ground,motion/ideal-elastic-ground,gravity-force-shown,Gravitational forces shown,bool,user-hidden,,yes,ObserverCheckBox,Gravity,,,,,motion/ui/groundForces; motion/ui/ground
Motion & Forces > Motion > Grounds,Ideal elastic ground,motion/ideal-elastic-ground,contact-force-shown,Contact forces shown,bool,user-hidden,,yes,ObserverCheckBox,Contact,,,,,motion/ui/groundForces; motion/ui/ground
Motion & Forces > Motion > Grounds,Ideal elastic ground,motion/ideal-elastic-ground,part-id-prefix,,,,,no,,,,,,,motion/ui/groundForces; motion/ui/ground
Motion & Forces > Motion > Grounds,Ideal inelastic ground,motion/ideal-inelastic-ground,fascia,,,,,yes,ObserverComboBox,,,,,,motion/ui/groundForces; motion/ui/ground
Motion & Forces > Motion > Grounds,Ideal inelastic ground,motion/ideal-inelastic-ground,left-control-point,,,,"(-100,0)",no,,,,,,,motion/ui/groundForces; motion/ui/ground
Motion & Forces > Motion > Grounds,Ideal inelastic ground,motion/ideal-inelastic-ground,right-control-point,,,,"(100,0)",no,,,,,,,motion/ui/groundForces; motion/ui/ground
Motion & Forces > Motion > Grounds,Ideal inelastic ground,motion/ideal-inelastic-ground,gravitational-acceleration,Gravitational acceleration,double,,9.80665,yes,ObserverSpinBox; UnitChooser,,,"{""label"": """", ""values"": [{""key"": """", ""type"": ""value-map"", ""value"": ""0 30""}, {""key"": ""min"", ""type"": ""double"", ""value"": ""0""}, {""key"": ""max"", ""type"": ""double"", ""value"": ""30""}]}",metres per second per second,metres per second per second,motion/ui/groundForces; motion/ui/ground
Motion & Forces > Motion > Grounds,Ideal inelastic ground,motion/ideal-inelastic-ground,planet,World,string,,Earth,yes,ObserverComboBox,,,"{""label"": ""set-validator"", ""values"": [{""key"": """", ""type"": ""string-array"", ""value"": ""Earth Moon Mercury Venus Mars Jupiter Saturn Uranus Neptune Pluto Other""}, {""key"": """", ""type"": ""string"", ""value"": ""Earth""}, {""key"": """", ""type"": ""string"", ""value"": ""Moon""}, {""key"": """", ""type"": ""string"", ""value"": ""Mercury""}, {""key"": """", ""type"": ""string"", ""value"": ""Venus""}, {""key"": """", ""type"": ""string"", ""value"": ""Mars""}, {""key"": """", ""type"": ""string"", ""value"": ""Jupiter""}, {""key"": """", ""type"": ""string"", ""value"": ""Saturn""}, {""key"": """", ""type"": ""string"", ""value"": ""Uranus""}, {""key"": """", ""type"": ""string"", ""value"": ""Neptune""}, {""key"": """", ""type"": ""string"", ""value"": ""Pluto""}, {""key"": """", ""type"": ""string"", ""value"": ""Other""}]}",,,motion/ui/groundForces; motion/ui/ground
Motion & Forces > Motion > Grounds,Ideal inelastic ground,motion/ideal-inelastic-ground,material,,,,,yes,ObserverComboBox,,,,,,motion/ui/groundForces; motion/ui/ground
Motion & Forces > Motion > Grounds,Ideal inelastic ground,motion/ideal-inelastic-ground,static-friction,Static friction,double,,0.0,yes,ObserverSpinBox,,,"{""label"": """", ""values"": [{""key"": """", ""type"": ""value-map"", ""value"": ""0.0 5.0""}, {""key"": ""min"", ""type"": ""double"", ""value"": ""0.0""}, {""key"": ""max"", ""type"": ""double"", ""value"": ""5.0""}]}",,,motion/ui/groundForces; motion/ui/ground
Motion & Forces > Motion > Grounds,Ideal inelastic ground,motion/ideal-inelastic-ground,dynamic-friction,Kinetic friction,double,,0.0,yes,ObserverSpinBox,,,"{""label"": """", ""values"": [{""key"": """", ""type"": ""value-map"", ""value"": ""0.0 5.0""}, {""key"": ""min"", ""type"": ""double"", ""value"": ""0.0""}, {""key"": ""max"", ""type"": ""double"", ""value"": ""5.0""}]}",,,motion/ui/groundForces; motion/ui/ground
Motion & Forces > Motion > Grounds,Ideal inelastic ground,motion/ideal-inelastic-ground,coefficient-of-restitution,Elasticity,double,,0.0,yes,ObserverSpinBox,,,"{""label"": """", ""values"": [{""key"": """", ""type"": ""value-map"", ""value"": ""0.0 1.0""}, {""key"": ""min"", ""type"": ""double"", ""value"": ""0.0""}, {""key"": ""max"", ""type"": ""double"", ""value"": ""1.0""}]}",,,motion/ui/groundForces; motion/ui/ground
Motion & Forces > Motion > Grounds,Ideal inelastic ground,motion/ideal-inelastic-ground,forces-shown,Forces shown,bool,,,yes,ObserverCheckBox,Show forces,,,,,motion/ui/groundForces; motion/ui/ground
Motion & Forces > Motion > Grounds,Ideal inelastic ground,motion/ideal-inelastic-ground,force-labels-shown,Force label shown,bool,,,yes,ObserverComboBox,,,,,,motion/ui/groundForces; motion/ui/ground
Motion & Forces > Motion > Grounds,Ideal inelastic ground,motion/ideal-inelastic-ground,gravity-force-shown,Gravitational forces shown,bool,user-hidden,,yes,ObserverCheckBox,Gravity,,,,,motion/ui/groundForces; motion/ui/ground
Motion & Forces > Motion > Grounds,Ideal inelastic ground,motion/ideal-inelastic-ground,contact-force-shown,Contact forces shown,bool,user-hidden,,yes,ObserverCheckBox,Contact,,,,,motion/ui/groundForces; motion/ui/ground
Motion & Forces > Motion > Grounds,Ideal inelastic ground,motion/ideal-inelastic-ground,part-id-prefix,,,,,no,,,,,,,motion/ui/groundForces; motion/ui/ground
Motion & Forces > Motion > Grounds,Wooden ground,motion/wood-ground,fascia,,,,,yes,ObserverComboBox,,,,,,motion/ui/groundForces; motion/ui/ground
Motion & Forces > Motion > Grounds,Wooden ground,motion/wood-ground,left-control-point,,,,"(-100,0)",no,,,,,,,motion/ui/groundForces; motion/ui/ground
Motion & Forces > Motion > Grounds,Wooden ground,motion/wood-ground,right-control-point,,,,"(100,0)",no,,,,,,,motion/ui/groundForces; motion/ui/ground
Motion & Forces > Motion > Grounds,Wooden ground,motion/wood-ground,gravitational-acceleration,Gravitational acceleration,double,,9.80665,yes,ObserverSpinBox; UnitChooser,,,"{""label"": """", ""values"": [{""key"": """", ""type"": ""value-map"", ""value"": ""0 30""}, {""key"": ""min"", ""type"": ""double"", ""value"": ""0""}, {""key"": ""max"", ""type"": ""double"", ""value"": ""30""}]}",metres per second per second,metres per second per second,motion/ui/groundForces; motion/ui/ground
Motion & Forces > Motion > Grounds,Wooden ground,motion/wood-ground,planet,World,string,,Earth,yes,ObserverComboBox,,,"{""label"": ""set-validator"", ""values"": [{""key"": """", ""type"": ""string-array"", ""value"": ""Earth Moon Mercury Venus Mars Jupiter Saturn Uranus Neptune Pluto Other""}, {""key"": """", ""type"": ""string"", ""value"": ""Earth""}, {""key"": """", ""type"": ""string"", ""value"": ""Moon""}, {""key"": """", ""type"": ""string"", ""value"": ""Mercury""}, {""key"": """", ""type"": ""string"", ""value"": ""Venus""}, {""key"": """", ""type"": ""string"", ""value"": ""Mars""}, {""key"": """", ""type"": ""string"", ""value"": ""Jupiter""}, {""key"": """", ""type"": ""string"", ""value"": ""Saturn""}, {""key"": """", ""type"": ""string"", ""value"": ""Uranus""}, {""key"": """", ""type"": ""string"", ""value"": ""Neptune""}, {""key"": """", ""type"": ""string"", ""value"": ""Pluto""}, {""key"": """", ""type"": ""string"", ""value"": ""Other""}]}",,,motion/ui/groundForces; motion/ui/ground
Motion & Forces > Motion > Grounds,Wooden ground,motion/wood-ground,material,,,,,yes,ObserverComboBox,,,,,,motion/ui/groundForces; motion/ui/ground
Motion & Forces > Motion > Grounds,Wooden ground,motion/wood-ground,static-friction,Static friction,double,,0.0,yes,ObserverSpinBox,,,"{""label"": """", ""values"": [{""key"": """", ""type"": ""value-map"", ""value"": ""0.0 5.0""}, {""key"": ""min"", ""type"": ""double"", ""value"": ""0.0""}, {""key"": ""max"", ""type"": ""double"", ""value"": ""5.0""}]}",,,motion/ui/groundForces; motion/ui/ground
Motion & Forces > Motion > Grounds,Wooden ground,motion/wood-ground,dynamic-friction,Kinetic friction,double,,0.0,yes,ObserverSpinBox,,,"{""label"": """", ""values"": [{""key"": """", ""type"": ""value-map"", ""value"": ""0.0 5.0""}, {""key"": ""min"", ""type"": ""double"", ""value"": ""0.0""}, {""key"": ""max"", ""type"": ""double"", ""value"": ""5.0""}]}",,,motion/ui/groundForces; motion/ui/ground
Motion & Forces > Motion > Grounds,Wooden ground,motion/wood-ground,coefficient-of-restitution,Elasticity,double,,0.0,yes,ObserverSpinBox,,,"{""label"": """", ""values"": [{""key"": """", ""type"": ""value-map"", ""value"": ""0.0 1.0""}, {""key"": ""min"", ""type"": ""double"", ""value"": ""0.0""}, {""key"": ""max"", ""type"": ""double"", ""value"": ""1.0""}]}",,,motion/ui/groundForces; motion/ui/ground
Motion & Forces > Motion > Grounds,Wooden ground,motion/wood-ground,forces-shown,Forces shown,bool,,,yes,ObserverCheckBox,Show forces,,,,,motion/ui/groundForces; motion/ui/ground
Motion & Forces > Motion > Grounds,Wooden ground,motion/wood-ground,force-labels-shown,Force label shown,bool,,,yes,ObserverComboBox,,,,,,motion/ui/groundForces; motion/ui/ground
Motion & Forces > Motion > Grounds,Wooden ground,motion/wood-ground,gravity-force-shown,Gravitational forces shown,bool,user-hidden,,yes,ObserverCheckBox,Gravity,,,,,motion/ui/groundForces; motion/ui/ground
Motion & Forces > Motion > Grounds,Wooden ground,motion/wood-ground,contact-force-shown,Contact forces shown,bool,user-hidden,,yes,ObserverCheckBox,Contact,,,,,motion/ui/groundForces; motion/ui/ground
Motion & Forces > Motion > Grounds,Wooden ground,motion/wood-ground,part-id-prefix,,,,,no,,,,,,,motion/ui/groundForces; motion/ui/ground
Motion & Forces > Motion > Grounds,Metal ground,motion/metal-ground,fascia,,,,,yes,ObserverComboBox,,,,,,motion/ui/groundForces; motion/ui/ground
Motion & Forces > Motion > Grounds,Metal ground,motion/metal-ground,left-control-point,,,,"(-100,0)",no,,,,,,,motion/ui/groundForces; motion/ui/ground
Motion & Forces > Motion > Grounds,Metal ground,motion/metal-ground,right-control-point,,,,"(100,0)",no,,,,,,,motion/ui/groundForces; motion/ui/ground
Motion & Forces > Motion > Grounds,Metal ground,motion/metal-ground,gravitational-acceleration,Gravitational acceleration,double,,9.80665,yes,ObserverSpinBox; UnitChooser,,,"{""label"": """", ""values"": [{""key"": """", ""type"": ""value-map"", ""value"": ""0 30""}, {""key"": ""min"", ""type"": ""double"", ""value"": ""0""}, {""key"": ""max"", ""type"": ""double"", ""value"": ""30""}]}",metres per second per second,metres per second per second,motion/ui/groundForces; motion/ui/ground
Motion & Forces > Motion > Grounds,Metal ground,motion/metal-ground,planet,World,string,,Earth,yes,ObserverComboBox,,,"{""label"": ""set-validator"", ""values"": [{""key"": """", ""type"": ""string-array"", ""value"": ""Earth Moon Mercury Venus Mars Jupiter Saturn Uranus Neptune Pluto Other""}, {""key"": """", ""type"": ""string"", ""value"": ""Earth""}, {""key"": """", ""type"": ""string"", ""value"": ""Moon""}, {""key"": """", ""type"": ""string"", ""value"": ""Mercury""}, {""key"": """", ""type"": ""string"", ""value"": ""Venus""}, {""key"": """", ""type"": ""string"", ""value"": ""Mars""}, {""key"": """", ""type"": ""string"", ""value"": ""Jupiter""}, {""key"": """", ""type"": ""string"", ""value"": ""Saturn""}, {""key"": """", ""type"": ""string"", ""value"": ""Uranus""}, {""key"": """", ""type"": ""string"", ""value"": ""Neptune""}, {""key"": """", ""type"": ""string"", ""value"": ""Pluto""}, {""key"": """", ""type"": ""string"", ""value"": ""Other""}]}",,,motion/ui/groundForces; motion/ui/ground
Motion & Forces > Motion > Grounds,Metal ground,motion/metal-ground,material,,,,,yes,ObserverComboBox,,,,,,motion/ui/groundForces; motion/ui/ground
Motion & Forces > Motion > Grounds,Metal ground,motion/metal-ground,static-friction,Static friction,double,,0.0,yes,ObserverSpinBox,,,"{""label"": """", ""values"": [{""key"": """", ""type"": ""value-map"", ""value"": ""0.0 5.0""}, {""key"": ""min"", ""type"": ""double"", ""value"": ""0.0""}, {""key"": ""max"", ""type"": ""double"", ""value"": ""5.0""}]}",,,motion/ui/groundForces; motion/ui/ground
Motion & Forces > Motion > Grounds,Metal ground,motion/metal-ground,dynamic-friction,Kinetic friction,double,,0.0,yes,ObserverSpinBox,,,"{""label"": """", ""values"": [{""key"": """", ""type"": ""value-map"", ""value"": ""0.0 5.0""}, {""key"": ""min"", ""type"": ""double"", ""value"": ""0.0""}, {""key"": ""max"", ""type"": ""double"", ""value"": ""5.0""}]}",,,motion/ui/groundForces; motion/ui/ground
Motion & Forces > Motion > Grounds,Metal ground,motion/metal-ground,coefficient-of-restitution,Elasticity,double,,0.0,yes,ObserverSpinBox,,,"{""label"": """", ""values"": [{""key"": """", ""type"": ""value-map"", ""value"": ""0.0 1.0""}, {""key"": ""min"", ""type"": ""double"", ""value"": ""0.0""}, {""key"": ""max"", ""type"": ""double"", ""value"": ""1.0""}]}",,,motion/ui/groundForces; motion/ui/ground
Motion & Forces > Motion > Grounds,Metal ground,motion/metal-ground,forces-shown,Forces shown,bool,,,yes,ObserverCheckBox,Show forces,,,,,motion/ui/groundForces; motion/ui/ground
Motion & Forces > Motion > Grounds,Metal ground,motion/metal-ground,force-labels-shown,Force label shown,bool,,,yes,ObserverComboBox,,,,,,motion/ui/groundForces; motion/ui/ground
Motion & Forces > Motion > Grounds,Metal ground,motion/metal-ground,gravity-force-shown,Gravitational forces shown,bool,user-hidden,,yes,ObserverCheckBox,Gravity,,,,,motion/ui/groundForces; motion/ui/ground
Motion & Forces > Motion > Grounds,Metal ground,motion/metal-ground,contact-force-shown,Contact forces shown,bool,user-hidden,,yes,ObserverCheckBox,Contact,,,,,motion/ui/groundForces; motion/ui/ground
Motion & Forces > Motion > Grounds,Metal ground,motion/metal-ground,part-id-prefix,,,,,no,,,,,,,motion/ui/groundForces; motion/ui/ground
Motion & Forces > Motion > Grounds,Rubber ground,motion/rubber-ground,fascia,,,,,yes,ObserverComboBox,,,,,,motion/ui/groundForces; motion/ui/ground
Motion & Forces > Motion > Grounds,Rubber ground,motion/rubber-ground,left-control-point,,,,"(-100,0)",no,,,,,,,motion/ui/groundForces; motion/ui/ground
Motion & Forces > Motion > Grounds,Rubber ground,motion/rubber-ground,right-control-point,,,,"(100,0)",no,,,,,,,motion/ui/groundForces; motion/ui/ground
Motion & Forces > Motion > Grounds,Rubber ground,motion/rubber-ground,gravitational-acceleration,Gravitational acceleration,double,,9.80665,yes,ObserverSpinBox; UnitChooser,,,"{""label"": """", ""values"": [{""key"": """", ""type"": ""value-map"", ""value"": ""0 30""}, {""key"": ""min"", ""type"": ""double"", ""value"": ""0""}, {""key"": ""max"", ""type"": ""double"", ""value"": ""30""}]}",metres per second per second,metres per second per second,motion/ui/groundForces; motion/ui/ground
Motion & Forces > Motion > Grounds,Rubber ground,motion/rubber-ground,planet,World,string,,Earth,yes,ObserverComboBox,,,"{""label"": ""set-validator"", ""values"": [{""key"": """", ""type"": ""string-array"", ""value"": ""Earth Moon Mercury Venus Mars Jupiter Saturn Uranus Neptune Pluto Other""}, {""key"": """", ""type"": ""string"", ""value"": ""Earth""}, {""key"": """", ""type"": ""string"", ""value"": ""Moon""}, {""key"": """", ""type"": ""string"", ""value"": ""Mercury""}, {""key"": """", ""type"": ""string"", ""value"": ""Venus""}, {""key"": """", ""type"": ""string"", ""value"": ""Mars""}, {""key"": """", ""type"": ""string"", ""value"": ""Jupiter""}, {""key"": """", ""type"": ""string"", ""value"": ""Saturn""}, {""key"": """", ""type"": ""string"", ""value"": ""Uranus""}, {""key"": """", ""type"": ""string"", ""value"": ""Neptune""}, {""key"": """", ""type"": ""string"", ""value"": ""Pluto""}, {""key"": """", ""type"": ""string"", ""value"": ""Other""}]}",,,motion/ui/groundForces; motion/ui/ground
Motion & Forces > Motion > Grounds,Rubber ground,motion/rubber-ground,material,,,,,yes,ObserverComboBox,,,,,,motion/ui/groundForces; motion/ui/ground
Motion & Forces > Motion > Grounds,Rubber ground,motion/rubber-ground,static-friction,Static friction,double,,0.0,yes,ObserverSpinBox,,,"{""label"": """", ""values"": [{""key"": """", ""type"": ""value-map"", ""value"": ""0.0 5.0""}, {""key"": ""min"", ""type"": ""double"", ""value"": ""0.0""}, {""key"": ""max"", ""type"": ""double"", ""value"": ""5.0""}]}",,,motion/ui/groundForces; motion/ui/ground
Motion & Forces > Motion > Grounds,Rubber ground,motion/rubber-ground,dynamic-friction,Kinetic friction,double,,0.0,yes,ObserverSpinBox,,,"{""label"": """", ""values"": [{""key"": """", ""type"": ""value-map"", ""value"": ""0.0 5.0""}, {""key"": ""min"", ""type"": ""double"", ""value"": ""0.0""}, {""key"": ""max"", ""type"": ""double"", ""value"": ""5.0""}]}",,,motion/ui/groundForces; motion/ui/ground
Motion & Forces > Motion > Grounds,Rubber ground,motion/rubber-ground,coefficient-of-restitution,Elasticity,double,,0.0,yes,ObserverSpinBox,,,"{""label"": """", ""values"": [{""key"": """", ""type"": ""value-map"", ""value"": ""0.0 1.0""}, {""key"": ""min"", ""type"": ""double"", ""value"": ""0.0""}, {""key"": ""max"", ""type"": ""double"", ""value"": ""1.0""}]}",,,motion/ui/groundForces; motion/ui/ground
Motion & Forces > Motion > Grounds,Rubber ground,motion/rubber-ground,forces-shown,Forces shown,bool,,,yes,ObserverCheckBox,Show forces,,,,,motion/ui/groundForces; motion/ui/ground
Motion & Forces > Motion > Grounds,Rubber ground,motion/rubber-ground,force-labels-shown,Force label shown,bool,,,yes,ObserverComboBox,,,,,,motion/ui/groundForces; motion/ui/ground
Motion & Forces > Motion > Grounds,Rubber ground,motion/rubber-ground,gravity-force-shown,Gravitational forces shown,bool,user-hidden,,yes,ObserverCheckBox,Gravity,,,,,motion/ui/groundForces; motion/ui/ground
Motion & Forces > Motion > Grounds,Rubber ground,motion/rubber-ground,contact-force-shown,Contact forces shown,bool,user-hidden,,yes,ObserverCheckBox,Contact,,,,,motion/ui/groundForces; motion/ui/ground
Motion & Forces > Motion > Grounds,Rubber ground,motion/rubber-ground,part-id-prefix,,,,,no,,,,,,,motion/ui/groundForces; motion/ui/ground
Motion & Forces > Motion > Grounds,Glass ground,motion/glass-ground,fascia,,,,,yes,ObserverComboBox,,,,,,motion/ui/groundForces; motion/ui/ground
Motion & Forces > Motion > Grounds,Glass ground,motion/glass-ground,left-control-point,,,,"(-100,0)",no,,,,,,,motion/ui/groundForces; motion/ui/ground
Motion & Forces > Motion > Grounds,Glass ground,motion/glass-ground,right-control-point,,,,"(100,0)",no,,,,,,,motion/ui/groundForces; motion/ui/ground
Motion & Forces > Motion > Grounds,Glass ground,motion/glass-ground,gravitational-acceleration,Gravitational acceleration,double,,9.80665,yes,ObserverSpinBox; UnitChooser,,,"{""label"": """", ""values"": [{""key"": """", ""type"": ""value-map"", ""value"": ""0 30""}, {""key"": ""min"", ""type"": ""double"", ""value"": ""0""}, {""key"": ""max"", ""type"": ""double"", ""value"": ""30""}]}",metres per second per second,metres per second per second,motion/ui/groundForces; motion/ui/ground
Motion & Forces > Motion > Grounds,Glass ground,motion/glass-ground,planet,World,string,,Earth,yes,ObserverComboBox,,,"{""label"": ""set-validator"", ""values"": [{""key"": """", ""type"": ""string-array"", ""value"": ""Earth Moon Mercury Venus Mars Jupiter Saturn Uranus Neptune Pluto Other""}, {""key"": """", ""type"": ""string"", ""value"": ""Earth""}, {""key"": """", ""type"": ""string"", ""value"": ""Moon""}, {""key"": """", ""type"": ""string"", ""value"": ""Mercury""}, {""key"": """", ""type"": ""string"", ""value"": ""Venus""}, {""key"": """", ""type"": ""string"", ""value"": ""Mars""}, {""key"": """", ""type"": ""string"", ""value"": ""Jupiter""}, {""key"": """", ""type"": ""string"", ""value"": ""Saturn""}, {""key"": """", ""type"": ""string"", ""value"": ""Uranus""}, {""key"": """", ""type"": ""string"", ""value"": ""Neptune""}, {""key"": """", ""type"": ""string"", ""value"": ""Pluto""}, {""key"": """", ""type"": ""string"", ""value"": ""Other""}]}",,,motion/ui/groundForces; motion/ui/ground
Motion & Forces > Motion > Grounds,Glass ground,motion/glass-ground,material,,,,,yes,ObserverComboBox,,,,,,motion/ui/groundForces; motion/ui/ground
Motion & Forces > Motion > Grounds,Glass ground,motion/glass-ground,static-friction,Static friction,double,,0.0,yes,ObserverSpinBox,,,"{""label"": """", ""values"": [{""key"": """", ""type"": ""value-map"", ""value"": ""0.0 5.0""}, {""key"": ""min"", ""type"": ""double"", ""value"": ""0.0""}, {""key"": ""max"", ""type"": ""double"", ""value"": ""5.0""}]}",,,motion/ui/groundForces; motion/ui/ground
Motion & Forces > Motion > Grounds,Glass ground,motion/glass-ground,dynamic-friction,Kinetic friction,double,,0.0,yes,ObserverSpinBox,,,"{""label"": """", ""values"": [{""key"": """", ""type"": ""value-map"", ""value"": ""0.0 5.0""}, {""key"": ""min"", ""type"": ""double"", ""value"": ""0.0""}, {""key"": ""max"", ""type"": ""double"", ""value"": ""5.0""}]}",,,motion/ui/groundForces; motion/ui/ground
Motion & Forces > Motion > Grounds,Glass ground,motion/glass-ground,coefficient-of-restitution,Elasticity,double,,0.0,yes,ObserverSpinBox,,,"{""label"": """", ""values"": [{""key"": """", ""type"": ""value-map"", ""value"": ""0.0 1.0""}, {""key"": ""min"", ""type"": ""double"", ""value"": ""0.0""}, {""key"": ""max"", ""type"": ""double"", ""value"": ""1.0""}]}",,,motion/ui/groundForces; motion/ui/ground
Motion & Forces > Motion > Grounds,Glass ground,motion/glass-ground,forces-shown,Forces shown,bool,,,yes,ObserverCheckBox,Show forces,,,,,motion/ui/groundForces; motion/ui/ground
Motion & Forces > Motion > Grounds,Glass ground,motion/glass-ground,force-labels-shown,Force label shown,bool,,,yes,ObserverComboBox,,,,,,motion/ui/groundForces; motion/ui/ground
Motion & Forces > Motion > Grounds,Glass ground,motion/glass-ground,gravity-force-shown,Gravitational forces shown,bool,user-hidden,,yes,ObserverCheckBox,Gravity,,,,,motion/ui/groundForces; motion/ui/ground
Motion & Forces > Motion > Grounds,Glass ground,motion/glass-ground,contact-force-shown,Contact forces shown,bool,user-hidden,,yes,ObserverCheckBox,Contact,,,,,motion/ui/groundForces; motion/ui/ground
Motion & Forces > Motion > Grounds,Glass ground,motion/glass-ground,part-id-prefix,,,,,no,,,,,,,motion/ui/groundForces; motion/ui/ground
Motion & Forces > Motion > Grounds,Ice ground,motion/ice-ground,fascia,,,,,yes,ObserverComboBox,,,,,,motion/ui/groundForces; motion/ui/ground
Motion & Forces > Motion > Grounds,Ice ground,motion/ice-ground,left-control-point,,,,"(-100,0)",no,,,,,,,motion/ui/groundForces; motion/ui/ground
Motion & Forces > Motion > Grounds,Ice ground,motion/ice-ground,right-control-point,,,,"(100,0)",no,,,,,,,motion/ui/groundForces; motion/ui/ground
Motion & Forces > Motion > Grounds,Ice ground,motion/ice-ground,gravitational-acceleration,Gravitational acceleration,double,,9.80665,yes,ObserverSpinBox; UnitChooser,,,"{""label"": """", ""values"": [{""key"": """", ""type"": ""value-map"", ""value"": ""0 30""}, {""key"": ""min"", ""type"": ""double"", ""value"": ""0""}, {""key"": ""max"", ""type"": ""double"", ""value"": ""30""}]}",metres per second per second,metres per second per second,motion/ui/groundForces; motion/ui/ground
Motion & Forces > Motion > Grounds,Ice ground,motion/ice-ground,planet,World,string,,Earth,yes,ObserverComboBox,,,"{""label"": ""set-validator"", ""values"": [{""key"": """", ""type"": ""string-array"", ""value"": ""Earth Moon Mercury Venus Mars Jupiter Saturn Uranus Neptune Pluto Other""}, {""key"": """", ""type"": ""string"", ""value"": ""Earth""}, {""key"": """", ""type"": ""string"", ""value"": ""Moon""}, {""key"": """", ""type"": ""string"", ""value"": ""Mercury""}, {""key"": """", ""type"": ""string"", ""value"": ""Venus""}, {""key"": """", ""type"": ""string"", ""value"": ""Mars""}, {""key"": """", ""type"": ""string"", ""value"": ""Jupiter""}, {""key"": """", ""type"": ""string"", ""value"": ""Saturn""}, {""key"": """", ""type"": ""string"", ""value"": ""Uranus""}, {""key"": """", ""type"": ""string"", ""value"": ""Neptune""}, {""key"": """", ""type"": ""string"", ""value"": ""Pluto""}, {""key"": """", ""type"": ""string"", ""value"": ""Other""}]}",,,motion/ui/groundForces; motion/ui/ground
Motion & Forces > Motion > Grounds,Ice ground,motion/ice-ground,material,,,,,yes,ObserverComboBox,,,,,,motion/ui/groundForces; motion/ui/ground
Motion & Forces > Motion > Grounds,Ice ground,motion/ice-ground,static-friction,Static friction,double,,0.0,yes,ObserverSpinBox,,,"{""label"": """", ""values"": [{""key"": """", ""type"": ""value-map"", ""value"": ""0.0 5.0""}, {""key"": ""min"", ""type"": ""double"", ""value"": ""0.0""}, {""key"": ""max"", ""type"": ""double"", ""value"": ""5.0""}]}",,,motion/ui/groundForces; motion/ui/ground
Motion & Forces > Motion > Grounds,Ice ground,motion/ice-ground,dynamic-friction,Kinetic friction,double,,0.0,yes,ObserverSpinBox,,,"{""label"": """", ""values"": [{""key"": """", ""type"": ""value-map"", ""value"": ""0.0 5.0""}, {""key"": ""min"", ""type"": ""double"", ""value"": ""0.0""}, {""key"": ""max"", ""type"": ""double"", ""value"": ""5.0""}]}",,,motion/ui/groundForces; motion/ui/ground
Motion & Forces > Motion > Grounds,Ice ground,motion/ice-ground,coefficient-of-restitution,Elasticity,double,,0.0,yes,ObserverSpinBox,,,"{""label"": """", ""values"": [{""key"": """", ""type"": ""value-map"", ""value"": ""0.0 1.0""}, {""key"": ""min"", ""type"": ""double"", ""value"": ""0.0""}, {""key"": ""max"", ""type"": ""double"", ""value"": ""1.0""}]}",,,motion/ui/groundForces; motion/ui/ground
Motion & Forces > Motion > Grounds,Ice ground,motion/ice-ground,forces-shown,Forces shown,bool,,,yes,ObserverCheckBox,Show forces,,,,,motion/ui/groundForces; motion/ui/ground
Motion & Forces > Motion > Grounds,Ice ground,motion/ice-ground,force-labels-shown,Force label shown,bool,,,yes,ObserverComboBox,,,,,,motion/ui/groundForces; motion/ui/ground
Motion & Forces > Motion > Grounds,Ice ground,motion/ice-ground,gravity-force-shown,Gravitational forces shown,bool,user-hidden,,yes,ObserverCheckBox,Gravity,,,,,motion/ui/groundForces; motion/ui/ground
Motion & Forces > Motion > Grounds,Ice ground,motion/ice-ground,contact-force-shown,Contact forces shown,bool,user-hidden,,yes,ObserverCheckBox,Contact,,,,,motion/ui/groundForces; motion/ui/ground
Motion & Forces > Motion > Grounds,Ice ground,motion/ice-ground,part-id-prefix,,,,,no,,,,,,,motion/ui/groundForces; motion/ui/ground
Motion & Forces > Motion > Grounds,Concrete ground,motion/concrete-ground,fascia,,,,,yes,ObserverComboBox,,,,,,motion/ui/groundForces; motion/ui/ground
Motion & Forces > Motion > Grounds,Concrete ground,motion/concrete-ground,left-control-point,,,,"(-100,0)",no,,,,,,,motion/ui/groundForces; motion/ui/ground
Motion & Forces > Motion > Grounds,Concrete ground,motion/concrete-ground,right-control-point,,,,"(100,0)",no,,,,,,,motion/ui/groundForces; motion/ui/ground
Motion & Forces > Motion > Grounds,Concrete ground,motion/concrete-ground,gravitational-acceleration,Gravitational acceleration,double,,9.80665,yes,ObserverSpinBox; UnitChooser,,,"{""label"": """", ""values"": [{""key"": """", ""type"": ""value-map"", ""value"": ""0 30""}, {""key"": ""min"", ""type"": ""double"", ""value"": ""0""}, {""key"": ""max"", ""type"": ""double"", ""value"": ""30""}]}",metres per second per second,metres per second per second,motion/ui/groundForces; motion/ui/ground
Motion & Forces > Motion > Grounds,Concrete ground,motion/concrete-ground,planet,World,string,,Earth,yes,ObserverComboBox,,,"{""label"": ""set-validator"", ""values"": [{""key"": """", ""type"": ""string-array"", ""value"": ""Earth Moon Mercury Venus Mars Jupiter Saturn Uranus Neptune Pluto Other""}, {""key"": """", ""type"": ""string"", ""value"": ""Earth""}, {""key"": """", ""type"": ""string"", ""value"": ""Moon""}, {""key"": """", ""type"": ""string"", ""value"": ""Mercury""}, {""key"": """", ""type"": ""string"", ""value"": ""Venus""}, {""key"": """", ""type"": ""string"", ""value"": ""Mars""}, {""key"": """", ""type"": ""string"", ""value"": ""Jupiter""}, {""key"": """", ""type"": ""string"", ""value"": ""Saturn""}, {""key"": """", ""type"": ""string"", ""value"": ""Uranus""}, {""key"": """", ""type"": ""string"", ""value"": ""Neptune""}, {""key"": """", ""type"": ""string"", ""value"": ""Pluto""}, {""key"": """", ""type"": ""string"", ""value"": ""Other""}]}",,,motion/ui/groundForces; motion/ui/ground
Motion & Forces > Motion > Grounds,Concrete ground,motion/concrete-ground,material,,,,,yes,ObserverComboBox,,,,,,motion/ui/groundForces; motion/ui/ground
Motion & Forces > Motion > Grounds,Concrete ground,motion/concrete-ground,static-friction,Static friction,double,,0.0,yes,ObserverSpinBox,,,"{""label"": """", ""values"": [{""key"": """", ""type"": ""value-map"", ""value"": ""0.0 5.0""}, {""key"": ""min"", ""type"": ""double"", ""value"": ""0.0""}, {""key"": ""max"", ""type"": ""double"", ""value"": ""5.0""}]}",,,motion/ui/groundForces; motion/ui/ground
Motion & Forces > Motion > Grounds,Concrete ground,motion/concrete-ground,dynamic-friction,Kinetic friction,double,,0.0,yes,ObserverSpinBox,,,"{""label"": """", ""values"": [{""key"": """", ""type"": ""value-map"", ""value"": ""0.0 5.0""}, {""key"": ""min"", ""type"": ""double"", ""value"": ""0.0""}, {""key"": ""max"", ""type"": ""double"", ""value"": ""5.0""}]}",,,motion/ui/groundForces; motion/ui/ground
Motion & Forces > Motion > Grounds,Concrete ground,motion/concrete-ground,coefficient-of-restitution,Elasticity,double,,0.0,yes,ObserverSpinBox,,,"{""label"": """", ""values"": [{""key"": """", ""type"": ""value-map"", ""value"": ""0.0 1.0""}, {""key"": ""min"", ""type"": ""double"", ""value"": ""0.0""}, {""key"": ""max"", ""type"": ""double"", ""value"": ""1.0""}]}",,,motion/ui/groundForces; motion/ui/ground
Motion & Forces > Motion > Grounds,Concrete ground,motion/concrete-ground,forces-shown,Forces shown,bool,,,yes,ObserverCheckBox,Show forces,,,,,motion/ui/groundForces; motion/ui/ground
Motion & Forces > Motion > Grounds,Concrete ground,motion/concrete-ground,force-labels-shown,Force label shown,bool,,,yes,ObserverComboBox,,,,,,motion/ui/groundForces; motion/ui/ground
Motion & Forces > Motion > Grounds,Concrete ground,motion/concrete-ground,gravity-force-shown,Gravitational forces shown,bool,user-hidden,,yes,ObserverCheckBox,Gravity,,,,,motion/ui/groundForces; motion/ui/ground
Motion & Forces > Motion > Grounds,Concrete ground,motion/concrete-ground,contact-force-shown,Contact forces shown,bool,user-hidden,,yes,ObserverCheckBox,Contact,,,,,motion/ui/groundForces; motion/ui/ground
Motion & Forces > Motion > Grounds,Concrete ground,motion/concrete-ground,part-id-prefix,,,,,no,,,,,,,motion/ui/groundForces; motion/ui/ground
Motion & Forces > Motion > Slopes,Ideal elastic slope,motion/ideal-elastic-slope,fascia,,,,,yes,ObserverComboBox,,,,,,motion/ui/groundForces; motion/ui/slope
Motion & Forces > Motion > Slopes,Ideal elastic slope,motion/ideal-elastic-slope,slope-angle,Angle of slope,double,writable-computed,,yes,ObserverSpinBox; UnitChooser,,,"{""label"": """", ""values"": [{""key"": """", ""type"": ""value-map"", ""value"": ""-PI/2 PI/2""}, {""key"": ""min"", ""type"": ""double"", ""value"": ""-PI/2""}, {""key"": ""max"", ""type"": ""double"", ""value"": ""PI/2""}]}",radian; degree,degree,motion/ui/groundForces; motion/ui/slope
Motion & Forces > Motion > Slopes,Ideal elastic slope,motion/ideal-elastic-slope,display-slope-angle,Display slope angle,bool,,true,yes,ObserverCheckBox,Show angle on slope,,,,,motion/ui/groundForces; motion/ui/slope
Motion & Forces > Motion > Slopes,Ideal elastic slope,motion/ideal-elastic-slope,display-controls,,bool,user-hidden,true,yes,ObserverCheckBox,Show angle controls,,,,,motion/ui/groundForces; motion/ui/slope
Motion & Forces > Motion > Slopes,Ideal elastic slope,motion/ideal-elastic-slope,gravitational-acceleration,Gravitational acceleration,double,,9.80665,yes,ObserverSpinBox; UnitChooser,,,"{""label"": """", ""values"": [{""key"": """", ""type"": ""value-map"", ""value"": ""0 30""}, {""key"": ""min"", ""type"": ""double"", ""value"": ""0""}, {""key"": ""max"", ""type"": ""double"", ""value"": ""30""}]}",metres per second per second,metres per second per second,motion/ui/groundForces; motion/ui/slope
Motion & Forces > Motion > Slopes,Ideal elastic slope,motion/ideal-elastic-slope,planet,World,string,,Earth,yes,ObserverComboBox,,,"{""label"": ""set-validator"", ""values"": [{""key"": """", ""type"": ""string-array"", ""value"": ""Earth Moon Mercury Venus Mars Jupiter Saturn Uranus Neptune Pluto Other""}, {""key"": """", ""type"": ""string"", ""value"": ""Earth""}, {""key"": """", ""type"": ""string"", ""value"": ""Moon""}, {""key"": """", ""type"": ""string"", ""value"": ""Mercury""}, {""key"": """", ""type"": ""string"", ""value"": ""Venus""}, {""key"": """", ""type"": ""string"", ""value"": ""Mars""}, {""key"": """", ""type"": ""string"", ""value"": ""Jupiter""}, {""key"": """", ""type"": ""string"", ""value"": ""Saturn""}, {""key"": """", ""type"": ""string"", ""value"": ""Uranus""}, {""key"": """", ""type"": ""string"", ""value"": ""Neptune""}, {""key"": """", ""type"": ""string"", ""value"": ""Pluto""}, {""key"": """", ""type"": ""string"", ""value"": ""Other""}]}",,,motion/ui/groundForces; motion/ui/slope
Motion & Forces > Motion > Slopes,Ideal elastic slope,motion/ideal-elastic-slope,material,,,,,yes,ObserverComboBox,,,,,,motion/ui/groundForces; motion/ui/slope
Motion & Forces > Motion > Slopes,Ideal elastic slope,motion/ideal-elastic-slope,static-friction,Static friction,double,,0.0,yes,ObserverSpinBox,,,"{""label"": """", ""values"": [{""key"": """", ""type"": ""value-map"", ""value"": ""0.0 5.0""}, {""key"": ""min"", ""type"": ""double"", ""value"": ""0.0""}, {""key"": ""max"", ""type"": ""double"", ""value"": ""5.0""}]}",,,motion/ui/groundForces; motion/ui/slope
Motion & Forces > Motion > Slopes,Ideal elastic slope,motion/ideal-elastic-slope,dynamic-friction,Kinetic friction,double,,0.0,yes,ObserverSpinBox,,,"{""label"": """", ""values"": [{""key"": """", ""type"": ""value-map"", ""value"": ""0.0 5.0""}, {""key"": ""min"", ""type"": ""double"", ""value"": ""0.0""}, {""key"": ""max"", ""type"": ""double"", ""value"": ""5.0""}]}",,,motion/ui/groundForces; motion/ui/slope
Motion & Forces > Motion > Slopes,Ideal elastic slope,motion/ideal-elastic-slope,coefficient-of-restitution,Elasticity,double,,0.0,yes,ObserverSpinBox,,,"{""label"": """", ""values"": [{""key"": """", ""type"": ""value-map"", ""value"": ""0.0 1.0""}, {""key"": ""min"", ""type"": ""double"", ""value"": ""0.0""}, {""key"": ""max"", ""type"": ""double"", ""value"": ""1.0""}]}",,,motion/ui/groundForces; motion/ui/slope
Motion & Forces > Motion > Slopes,Ideal elastic slope,motion/ideal-elastic-slope,forces-shown,Forces shown,bool,,,yes,ObserverCheckBox,Show forces,,,,,motion/ui/groundForces; motion/ui/slope
Motion & Forces > Motion > Slopes,Ideal elastic slope,motion/ideal-elastic-slope,force-labels-shown,Force label shown,bool,,,yes,ObserverComboBox,,,,,,motion/ui/groundForces; motion/ui/slope
Motion & Forces > Motion > Slopes,Ideal elastic slope,motion/ideal-elastic-slope,gravity-force-shown,Gravitational forces shown,bool,user-hidden,,yes,ObserverCheckBox,Gravity,,,,,motion/ui/groundForces; motion/ui/slope
Motion & Forces > Motion > Slopes,Ideal elastic slope,motion/ideal-elastic-slope,contact-force-shown,Contact forces shown,bool,user-hidden,,yes,ObserverCheckBox,Contact,,,,,motion/ui/groundForces; motion/ui/slope
Motion & Forces > Motion > Slopes,Ideal elastic slope,motion/ideal-elastic-slope,part-id-prefix,,,,,no,,,,,,,motion/ui/groundForces; motion/ui/slope
Motion & Forces > Motion > Slopes,Ideal inelastic slope,motion/ideal-inelastic-slope,fascia,,,,,yes,ObserverComboBox,,,,,,motion/ui/groundForces; motion/ui/slope
Motion & Forces > Motion > Slopes,Ideal inelastic slope,motion/ideal-inelastic-slope,slope-angle,Angle of slope,double,writable-computed,,yes,ObserverSpinBox; UnitChooser,,,"{""label"": """", ""values"": [{""key"": """", ""type"": ""value-map"", ""value"": ""-PI/2 PI/2""}, {""key"": ""min"", ""type"": ""double"", ""value"": ""-PI/2""}, {""key"": ""max"", ""type"": ""double"", ""value"": ""PI/2""}]}",radian; degree,degree,motion/ui/groundForces; motion/ui/slope
Motion & Forces > Motion > Slopes,Ideal inelastic slope,motion/ideal-inelastic-slope,display-slope-angle,Display slope angle,bool,,true,yes,ObserverCheckBox,Show angle on slope,,,,,motion/ui/groundForces; motion/ui/slope
Motion & Forces > Motion > Slopes,Ideal inelastic slope,motion/ideal-inelastic-slope,display-controls,,bool,user-hidden,true,yes,ObserverCheckBox,Show angle controls,,,,,motion/ui/groundForces; motion/ui/slope
Motion & Forces > Motion > Slopes,Ideal inelastic slope,motion/ideal-inelastic-slope,gravitational-acceleration,Gravitational acceleration,double,,9.80665,yes,ObserverSpinBox; UnitChooser,,,"{""label"": """", ""values"": [{""key"": """", ""type"": ""value-map"", ""value"": ""0 30""}, {""key"": ""min"", ""type"": ""double"", ""value"": ""0""}, {""key"": ""max"", ""type"": ""double"", ""value"": ""30""}]}",metres per second per second,metres per second per second,motion/ui/groundForces; motion/ui/slope
Motion & Forces > Motion > Slopes,Ideal inelastic slope,motion/ideal-inelastic-slope,planet,World,string,,Earth,yes,ObserverComboBox,,,"{""label"": ""set-validator"", ""values"": [{""key"": """", ""type"": ""string-array"", ""value"": ""Earth Moon Mercury Venus Mars Jupiter Saturn Uranus Neptune Pluto Other""}, {""key"": """", ""type"": ""string"", ""value"": ""Earth""}, {""key"": """", ""type"": ""string"", ""value"": ""Moon""}, {""key"": """", ""type"": ""string"", ""value"": ""Mercury""}, {""key"": """", ""type"": ""string"", ""value"": ""Venus""}, {""key"": """", ""type"": ""string"", ""value"": ""Mars""}, {""key"": """", ""type"": ""string"", ""value"": ""Jupiter""}, {""key"": """", ""type"": ""string"", ""value"": ""Saturn""}, {""key"": """", ""type"": ""string"", ""value"": ""Uranus""}, {""key"": """", ""type"": ""string"", ""value"": ""Neptune""}, {""key"": """", ""type"": ""string"", ""value"": ""Pluto""}, {""key"": """", ""type"": ""string"", ""value"": ""Other""}]}",,,motion/ui/groundForces; motion/ui/slope
Motion & Forces > Motion > Slopes,Ideal inelastic slope,motion/ideal-inelastic-slope,material,,,,,yes,ObserverComboBox,,,,,,motion/ui/groundForces; motion/ui/slope
Motion & Forces > Motion > Slopes,Ideal inelastic slope,motion/ideal-inelastic-slope,static-friction,Static friction,double,,0.0,yes,ObserverSpinBox,,,"{""label"": """", ""values"": [{""key"": """", ""type"": ""value-map"", ""value"": ""0.0 5.0""}, {""key"": ""min"", ""type"": ""double"", ""value"": ""0.0""}, {""key"": ""max"", ""type"": ""double"", ""value"": ""5.0""}]}",,,motion/ui/groundForces; motion/ui/slope
Motion & Forces > Motion > Slopes,Ideal inelastic slope,motion/ideal-inelastic-slope,dynamic-friction,Kinetic friction,double,,0.0,yes,ObserverSpinBox,,,"{""label"": """", ""values"": [{""key"": """", ""type"": ""value-map"", ""value"": ""0.0 5.0""}, {""key"": ""min"", ""type"": ""double"", ""value"": ""0.0""}, {""key"": ""max"", ""type"": ""double"", ""value"": ""5.0""}]}",,,motion/ui/groundForces; motion/ui/slope
Motion & Forces > Motion > Slopes,Ideal inelastic slope,motion/ideal-inelastic-slope,coefficient-of-restitution,Elasticity,double,,0.0,yes,ObserverSpinBox,,,"{""label"": """", ""values"": [{""key"": """", ""type"": ""value-map"", ""value"": ""0.0 1.0""}, {""key"": ""min"", ""type"": ""double"", ""value"": ""0.0""}, {""key"": ""max"", ""type"": ""double"", ""value"": ""1.0""}]}",,,motion/ui/groundForces; motion/ui/slope
Motion & Forces > Motion > Slopes,Ideal inelastic slope,motion/ideal-inelastic-slope,forces-shown,Forces shown,bool,,,yes,ObserverCheckBox,Show forces,,,,,motion/ui/groundForces; motion/ui/slope
Motion & Forces > Motion > Slopes,Ideal inelastic slope,motion/ideal-inelastic-slope,force-labels-shown,Force label shown,bool,,,yes,ObserverComboBox,,,,,,motion/ui/groundForces; motion/ui/slope
Motion & Forces > Motion > Slopes,Ideal inelastic slope,motion/ideal-inelastic-slope,gravity-force-shown,Gravitational forces shown,bool,user-hidden,,yes,ObserverCheckBox,Gravity,,,,,motion/ui/groundForces; motion/ui/slope
Motion & Forces > Motion > Slopes,Ideal inelastic slope,motion/ideal-inelastic-slope,contact-force-shown,Contact forces shown,bool,user-hidden,,yes,ObserverCheckBox,Contact,,,,,motion/ui/groundForces; motion/ui/slope
Motion & Forces > Motion > Slopes,Ideal inelastic slope,motion/ideal-inelastic-slope,part-id-prefix,,,,,no,,,,,,,motion/ui/groundForces; motion/ui/slope
Motion & Forces > Motion > Slopes,Wooden slope,motion/wood-slope,fascia,,,,,yes,ObserverComboBox,,,,,,motion/ui/groundForces; motion/ui/slope
Motion & Forces > Motion > Slopes,Wooden slope,motion/wood-slope,slope-angle,Angle of slope,double,writable-computed,,yes,ObserverSpinBox; UnitChooser,,,"{""label"": """", ""values"": [{""key"": """", ""type"": ""value-map"", ""value"": ""-PI/2 PI/2""}, {""key"": ""min"", ""type"": ""double"", ""value"": ""-PI/2""}, {""key"": ""max"", ""type"": ""double"", ""value"": ""PI/2""}]}",radian; degree,degree,motion/ui/groundForces; motion/ui/slope
Motion & Forces > Motion > Slopes,Wooden slope,motion/wood-slope,display-slope-angle,Display slope angle,bool,,true,yes,ObserverCheckBox,Show angle on slope,,,,,motion/ui/groundForces; motion/ui/slope
Motion & Forces > Motion > Slopes,Wooden slope,motion/wood-slope,display-controls,,bool,user-hidden,true,yes,ObserverCheckBox,Show angle controls,,,,,motion/ui/groundForces; motion/ui/slope
Motion & Forces > Motion > Slopes,Wooden slope,motion/wood-slope,gravitational-acceleration,Gravitational acceleration,double,,9.80665,yes,ObserverSpinBox; UnitChooser,,,"{""label"": """", ""values"": [{""key"": """", ""type"": ""value-map"", ""value"": ""0 30""}, {""key"": ""min"", ""type"": ""double"", ""value"": ""0""}, {""key"": ""max"", ""type"": ""double"", ""value"": ""30""}]}",metres per second per second,metres per second per second,motion/ui/groundForces; motion/ui/slope
Motion & Forces > Motion > Slopes,Wooden slope,motion/wood-slope,planet,World,string,,Earth,yes,ObserverComboBox,,,"{""label"": ""set-validator"", ""values"": [{""key"": """", ""type"": ""string-array"", ""value"": ""Earth Moon Mercury Venus Mars Jupiter Saturn Uranus Neptune Pluto Other""}, {""key"": """", ""type"": ""string"", ""value"": ""Earth""}, {""key"": """", ""type"": ""string"", ""value"": ""Moon""}, {""key"": """", ""type"": ""string"", ""value"": ""Mercury""}, {""key"": """", ""type"": ""string"", ""value"": ""Venus""}, {""key"": """", ""type"": ""string"", ""value"": ""Mars""}, {""key"": """", ""type"": ""string"", ""value"": ""Jupiter""}, {""key"": """", ""type"": ""string"", ""value"": ""Saturn""}, {""key"": """", ""type"": ""string"", ""value"": ""Uranus""}, {""key"": """", ""type"": ""string"", ""value"": ""Neptune""}, {""key"": """", ""type"": ""string"", ""value"": ""Pluto""}, {""key"": """", ""type"": ""string"", ""value"": ""Other""}]}",,,motion/ui/groundForces; motion/ui/slope
Motion & Forces > Motion > Slopes,Wooden slope,motion/wood-slope,material,,,,,yes,ObserverComboBox,,,,,,motion/ui/groundForces; motion/ui/slope
Motion & Forces > Motion > Slopes,Wooden slope,motion/wood-slope,static-friction,Static friction,double,,0.0,yes,ObserverSpinBox,,,"{""label"": """", ""values"": [{""key"": """", ""type"": ""value-map"", ""value"": ""0.0 5.0""}, {""key"": ""min"", ""type"": ""double"", ""value"": ""0.0""}, {""key"": ""max"", ""type"": ""double"", ""value"": ""5.0""}]}",,,motion/ui/groundForces; motion/ui/slope
Motion & Forces > Motion > Slopes,Wooden slope,motion/wood-slope,dynamic-friction,Kinetic friction,double,,0.0,yes,ObserverSpinBox,,,"{""label"": """", ""values"": [{""key"": """", ""type"": ""value-map"", ""value"": ""0.0 5.0""}, {""key"": ""min"", ""type"": ""double"", ""value"": ""0.0""}, {""key"": ""max"", ""type"": ""double"", ""value"": ""5.0""}]}",,,motion/ui/groundForces; motion/ui/slope
Motion & Forces > Motion > Slopes,Wooden slope,motion/wood-slope,coefficient-of-restitution,Elasticity,double,,0.0,yes,ObserverSpinBox,,,"{""label"": """", ""values"": [{""key"": """", ""type"": ""value-map"", ""value"": ""0.0 1.0""}, {""key"": ""min"", ""type"": ""double"", ""value"": ""0.0""}, {""key"": ""max"", ""type"": ""double"", ""value"": ""1.0""}]}",,,motion/ui/groundForces; motion/ui/slope
Motion & Forces > Motion > Slopes,Wooden slope,motion/wood-slope,forces-shown,Forces shown,bool,,,yes,ObserverCheckBox,Show forces,,,,,motion/ui/groundForces; motion/ui/slope
Motion & Forces > Motion > Slopes,Wooden slope,motion/wood-slope,force-labels-shown,Force label shown,bool,,,yes,ObserverComboBox,,,,,,motion/ui/groundForces; motion/ui/slope
Motion & Forces > Motion > Slopes,Wooden slope,motion/wood-slope,gravity-force-shown,Gravitational forces shown,bool,user-hidden,,yes,ObserverCheckBox,Gravity,,,,,motion/ui/groundForces; motion/ui/slope
Motion & Forces > Motion > Slopes,Wooden slope,motion/wood-slope,contact-force-shown,Contact forces shown,bool,user-hidden,,yes,ObserverCheckBox,Contact,,,,,motion/ui/groundForces; motion/ui/slope
Motion & Forces > Motion > Slopes,Wooden slope,motion/wood-slope,part-id-prefix,,,,,no,,,,,,,motion/ui/groundForces; motion/ui/slope
Motion & Forces > Motion > Slopes,Metal slope,motion/metal-slope,fascia,,,,,yes,ObserverComboBox,,,,,,motion/ui/groundForces; motion/ui/slope
Motion & Forces > Motion > Slopes,Metal slope,motion/metal-slope,slope-angle,Angle of slope,double,writable-computed,,yes,ObserverSpinBox; UnitChooser,,,"{""label"": """", ""values"": [{""key"": """", ""type"": ""value-map"", ""value"": ""-PI/2 PI/2""}, {""key"": ""min"", ""type"": ""double"", ""value"": ""-PI/2""}, {""key"": ""max"", ""type"": ""double"", ""value"": ""PI/2""}]}",radian; degree,degree,motion/ui/groundForces; motion/ui/slope
Motion & Forces > Motion > Slopes,Metal slope,motion/metal-slope,display-slope-angle,Display slope angle,bool,,true,yes,ObserverCheckBox,Show angle on slope,,,,,motion/ui/groundForces; motion/ui/slope
Motion & Forces > Motion > Slopes,Metal slope,motion/metal-slope,display-controls,,bool,user-hidden,true,yes,ObserverCheckBox,Show angle controls,,,,,motion/ui/groundForces; motion/ui/slope
Motion & Forces > Motion > Slopes,Metal slope,motion/metal-slope,gravitational-acceleration,Gravitational acceleration,double,,9.80665,yes,ObserverSpinBox; UnitChooser,,,"{""label"": """", ""values"": [{""key"": """", ""type"": ""value-map"", ""value"": ""0 30""}, {""key"": ""min"", ""type"": ""double"", ""value"": ""0""}, {""key"": ""max"", ""type"": ""double"", ""value"": ""30""}]}",metres per second per second,metres per second per second,motion/ui/groundForces; motion/ui/slope
Motion & Forces > Motion > Slopes,Metal slope,motion/metal-slope,planet,World,string,,Earth,yes,ObserverComboBox,,,"{""label"": ""set-validator"", ""values"": [{""key"": """", ""type"": ""string-array"", ""value"": ""Earth Moon Mercury Venus Mars Jupiter Saturn Uranus Neptune Pluto Other""}, {""key"": """", ""type"": ""string"", ""value"": ""Earth""}, {""key"": """", ""type"": ""string"", ""value"": ""Moon""}, {""key"": """", ""type"": ""string"", ""value"": ""Mercury""}, {""key"": """", ""type"": ""string"", ""value"": ""Venus""}, {""key"": """", ""type"": ""string"", ""value"": ""Mars""}, {""key"": """", ""type"": ""string"", ""value"": ""Jupiter""}, {""key"": """", ""type"": ""string"", ""value"": ""Saturn""}, {""key"": """", ""type"": ""string"", ""value"": ""Uranus""}, {""key"": """", ""type"": ""string"", ""value"": ""Neptune""}, {""key"": """", ""type"": ""string"", ""value"": ""Pluto""}, {""key"": """", ""type"": ""string"", ""value"": ""Other""}]}",,,motion/ui/groundForces; motion/ui/slope
Motion & Forces > Motion > Slopes,Metal slope,motion/metal-slope,material,,,,,yes,ObserverComboBox,,,,,,motion/ui/groundForces; motion/ui/slope
Motion & Forces > Motion > Slopes,Metal slope,motion/metal-slope,static-friction,Static friction,double,,0.0,yes,ObserverSpinBox,,,"{""label"": """", ""values"": [{""key"": """", ""type"": ""value-map"", ""value"": ""0.0 5.0""}, {""key"": ""min"", ""type"": ""double"", ""value"": ""0.0""}, {""key"": ""max"", ""type"": ""double"", ""value"": ""5.0""}]}",,,motion/ui/groundForces; motion/ui/slope
Motion & Forces > Motion > Slopes,Metal slope,motion/metal-slope,dynamic-friction,Kinetic friction,double,,0.0,yes,ObserverSpinBox,,,"{""label"": """", ""values"": [{""key"": """", ""type"": ""value-map"", ""value"": ""0.0 5.0""}, {""key"": ""min"", ""type"": ""double"", ""value"": ""0.0""}, {""key"": ""max"", ""type"": ""double"", ""value"": ""5.0""}]}",,,motion/ui/groundForces; motion/ui/slope
Motion & Forces > Motion > Slopes,Metal slope,motion/metal-slope,coefficient-of-restitution,Elasticity,double,,0.0,yes,ObserverSpinBox,,,"{""label"": """", ""values"": [{""key"": """", ""type"": ""value-map"", ""value"": ""0.0 1.0""}, {""key"": ""min"", ""type"": ""double"", ""value"": ""0.0""}, {""key"": ""max"", ""type"": ""double"", ""value"": ""1.0""}]}",,,motion/ui/groundForces; motion/ui/slope
Motion & Forces > Motion > Slopes,Metal slope,motion/metal-slope,forces-shown,Forces shown,bool,,,yes,ObserverCheckBox,Show forces,,,,,motion/ui/groundForces; motion/ui/slope
Motion & Forces > Motion > Slopes,Metal slope,motion/metal-slope,force-labels-shown,Force label shown,bool,,,yes,ObserverComboBox,,,,,,motion/ui/groundForces; motion/ui/slope
Motion & Forces > Motion > Slopes,Metal slope,motion/metal-slope,gravity-force-shown,Gravitational forces shown,bool,user-hidden,,yes,ObserverCheckBox,Gravity,,,,,motion/ui/groundForces; motion/ui/slope
Motion & Forces > Motion > Slopes,Metal slope,motion/metal-slope,contact-force-shown,Contact forces shown,bool,user-hidden,,yes,ObserverCheckBox,Contact,,,,,motion/ui/groundForces; motion/ui/slope
Motion & Forces > Motion > Slopes,Metal slope,motion/metal-slope,part-id-prefix,,,,,no,,,,,,,motion/ui/groundForces; motion/ui/slope
Motion & Forces > Motion > Slopes,Rubber slope,motion/rubber-slope,fascia,,,,,yes,ObserverComboBox,,,,,,motion/ui/groundForces; motion/ui/slope
Motion & Forces > Motion > Slopes,Rubber slope,motion/rubber-slope,slope-angle,Angle of slope,double,writable-computed,,yes,ObserverSpinBox; UnitChooser,,,"{""label"": """", ""values"": [{""key"": """", ""type"": ""value-map"", ""value"": ""-PI/2 PI/2""}, {""key"": ""min"", ""type"": ""double"", ""value"": ""-PI/2""}, {""key"": ""max"", ""type"": ""double"", ""value"": ""PI/2""}]}",radian; degree,degree,motion/ui/groundForces; motion/ui/slope
Motion & Forces > Motion > Slopes,Rubber slope,motion/rubber-slope,display-slope-angle,Display slope angle,bool,,true,yes,ObserverCheckBox,Show angle on slope,,,,,motion/ui/groundForces; motion/ui/slope
Motion & Forces > Motion > Slopes,Rubber slope,motion/rubber-slope,display-controls,,bool,user-hidden,true,yes,ObserverCheckBox,Show angle controls,,,,,motion/ui/groundForces; motion/ui/slope
Motion & Forces > Motion > Slopes,Rubber slope,motion/rubber-slope,gravitational-acceleration,Gravitational acceleration,double,,9.80665,yes,ObserverSpinBox; UnitChooser,,,"{""label"": """", ""values"": [{""key"": """", ""type"": ""value-map"", ""value"": ""0 30""}, {""key"": ""min"", ""type"": ""double"", ""value"": ""0""}, {""key"": ""max"", ""type"": ""double"", ""value"": ""30""}]}",metres per second per second,metres per second per second,motion/ui/groundForces; motion/ui/slope
Motion & Forces > Motion > Slopes,Rubber slope,motion/rubber-slope,planet,World,string,,Earth,yes,ObserverComboBox,,,"{""label"": ""set-validator"", ""values"": [{""key"": """", ""type"": ""string-array"", ""value"": ""Earth Moon Mercury Venus Mars Jupiter Saturn Uranus Neptune Pluto Other""}, {""key"": """", ""type"": ""string"", ""value"": ""Earth""}, {""key"": """", ""type"": ""string"", ""value"": ""Moon""}, {""key"": """", ""type"": ""string"", ""value"": ""Mercury""}, {""key"": """", ""type"": ""string"", ""value"": ""Venus""}, {""key"": """", ""type"": ""string"", ""value"": ""Mars""}, {""key"": """", ""type"": ""string"", ""value"": ""Jupiter""}, {""key"": """", ""type"": ""string"", ""value"": ""Saturn""}, {""key"": """", ""type"": ""string"", ""value"": ""Uranus""}, {""key"": """", ""type"": ""string"", ""value"": ""Neptune""}, {""key"": """", ""type"": ""string"", ""value"": ""Pluto""}, {""key"": """", ""type"": ""string"", ""value"": ""Other""}]}",,,motion/ui/groundForces; motion/ui/slope
Motion & Forces > Motion > Slopes,Rubber slope,motion/rubber-slope,material,,,,,yes,ObserverComboBox,,,,,,motion/ui/groundForces; motion/ui/slope
Motion & Forces > Motion > Slopes,Rubber slope,motion/rubber-slope,static-friction,Static friction,double,,0.0,yes,ObserverSpinBox,,,"{""label"": """", ""values"": [{""key"": """", ""type"": ""value-map"", ""value"": ""0.0 5.0""}, {""key"": ""min"", ""type"": ""double"", ""value"": ""0.0""}, {""key"": ""max"", ""type"": ""double"", ""value"": ""5.0""}]}",,,motion/ui/groundForces; motion/ui/slope
Motion & Forces > Motion > Slopes,Rubber slope,motion/rubber-slope,dynamic-friction,Kinetic friction,double,,0.0,yes,ObserverSpinBox,,,"{""label"": """", ""values"": [{""key"": """", ""type"": ""value-map"", ""value"": ""0.0 5.0""}, {""key"": ""min"", ""type"": ""double"", ""value"": ""0.0""}, {""key"": ""max"", ""type"": ""double"", ""value"": ""5.0""}]}",,,motion/ui/groundForces; motion/ui/slope
Motion & Forces > Motion > Slopes,Rubber slope,motion/rubber-slope,coefficient-of-restitution,Elasticity,double,,0.0,yes,ObserverSpinBox,,,"{""label"": """", ""values"": [{""key"": """", ""type"": ""value-map"", ""value"": ""0.0 1.0""}, {""key"": ""min"", ""type"": ""double"", ""value"": ""0.0""}, {""key"": ""max"", ""type"": ""double"", ""value"": ""1.0""}]}",,,motion/ui/groundForces; motion/ui/slope
Motion & Forces > Motion > Slopes,Rubber slope,motion/rubber-slope,forces-shown,Forces shown,bool,,,yes,ObserverCheckBox,Show forces,,,,,motion/ui/groundForces; motion/ui/slope
Motion & Forces > Motion > Slopes,Rubber slope,motion/rubber-slope,force-labels-shown,Force label shown,bool,,,yes,ObserverComboBox,,,,,,motion/ui/groundForces; motion/ui/slope
Motion & Forces > Motion > Slopes,Rubber slope,motion/rubber-slope,gravity-force-shown,Gravitational forces shown,bool,user-hidden,,yes,ObserverCheckBox,Gravity,,,,,motion/ui/groundForces; motion/ui/slope
Motion & Forces > Motion > Slopes,Rubber slope,motion/rubber-slope,contact-force-shown,Contact forces shown,bool,user-hidden,,yes,ObserverCheckBox,Contact,,,,,motion/ui/groundForces; motion/ui/slope
Motion & Forces > Motion > Slopes,Rubber slope,motion/rubber-slope,part-id-prefix,,,,,no,,,,,,,motion/ui/groundForces; motion/ui/slope
Motion & Forces > Motion > Slopes,Glass slope,motion/glass-slope,fascia,,,,,yes,ObserverComboBox,,,,,,motion/ui/groundForces; motion/ui/slope
Motion & Forces > Motion > Slopes,Glass slope,motion/glass-slope,slope-angle,Angle of slope,double,writable-computed,,yes,ObserverSpinBox; UnitChooser,,,"{""label"": """", ""values"": [{""key"": """", ""type"": ""value-map"", ""value"": ""-PI/2 PI/2""}, {""key"": ""min"", ""type"": ""double"", ""value"": ""-PI/2""}, {""key"": ""max"", ""type"": ""double"", ""value"": ""PI/2""}]}",radian; degree,degree,motion/ui/groundForces; motion/ui/slope
Motion & Forces > Motion > Slopes,Glass slope,motion/glass-slope,display-slope-angle,Display slope angle,bool,,true,yes,ObserverCheckBox,Show angle on slope,,,,,motion/ui/groundForces; motion/ui/slope
Motion & Forces > Motion > Slopes,Glass slope,motion/glass-slope,display-controls,,bool,user-hidden,true,yes,ObserverCheckBox,Show angle controls,,,,,motion/ui/groundForces; motion/ui/slope
Motion & Forces > Motion > Slopes,Glass slope,motion/glass-slope,gravitational-acceleration,Gravitational acceleration,double,,9.80665,yes,ObserverSpinBox; UnitChooser,,,"{""label"": """", ""values"": [{""key"": """", ""type"": ""value-map"", ""value"": ""0 30""}, {""key"": ""min"", ""type"": ""double"", ""value"": ""0""}, {""key"": ""max"", ""type"": ""double"", ""value"": ""30""}]}",metres per second per second,metres per second per second,motion/ui/groundForces; motion/ui/slope
Motion & Forces > Motion > Slopes,Glass slope,motion/glass-slope,planet,World,string,,Earth,yes,ObserverComboBox,,,"{""label"": ""set-validator"", ""values"": [{""key"": """", ""type"": ""string-array"", ""value"": ""Earth Moon Mercury Venus Mars Jupiter Saturn Uranus Neptune Pluto Other""}, {""key"": """", ""type"": ""string"", ""value"": ""Earth""}, {""key"": """", ""type"": ""string"", ""value"": ""Moon""}, {""key"": """", ""type"": ""string"", ""value"": ""Mercury""}, {""key"": """", ""type"": ""string"", ""value"": ""Venus""}, {""key"": """", ""type"": ""string"", ""value"": ""Mars""}, {""key"": """", ""type"": ""string"", ""value"": ""Jupiter""}, {""key"": """", ""type"": ""string"", ""value"": ""Saturn""}, {""key"": """", ""type"": ""string"", ""value"": ""Uranus""}, {""key"": """", ""type"": ""string"", ""value"": ""Neptune""}, {""key"": """", ""type"": ""string"", ""value"": ""Pluto""}, {""key"": """", ""type"": ""string"", ""value"": ""Other""}]}",,,motion/ui/groundForces; motion/ui/slope
Motion & Forces > Motion > Slopes,Glass slope,motion/glass-slope,material,,,,,yes,ObserverComboBox,,,,,,motion/ui/groundForces; motion/ui/slope
Motion & Forces > Motion > Slopes,Glass slope,motion/glass-slope,static-friction,Static friction,double,,0.0,yes,ObserverSpinBox,,,"{""label"": """", ""values"": [{""key"": """", ""type"": ""value-map"", ""value"": ""0.0 5.0""}, {""key"": ""min"", ""type"": ""double"", ""value"": ""0.0""}, {""key"": ""max"", ""type"": ""double"", ""value"": ""5.0""}]}",,,motion/ui/groundForces; motion/ui/slope
Motion & Forces > Motion > Slopes,Glass slope,motion/glass-slope,dynamic-friction,Kinetic friction,double,,0.0,yes,ObserverSpinBox,,,"{""label"": """", ""values"": [{""key"": """", ""type"": ""value-map"", ""value"": ""0.0 5.0""}, {""key"": ""min"", ""type"": ""double"", ""value"": ""0.0""}, {""key"": ""max"", ""type"": ""double"", ""value"": ""5.0""}]}",,,motion/ui/groundForces; motion/ui/slope
Motion & Forces > Motion > Slopes,Glass slope,motion/glass-slope,coefficient-of-restitution,Elasticity,double,,0.0,yes,ObserverSpinBox,,,"{""label"": """", ""values"": [{""key"": """", ""type"": ""value-map"", ""value"": ""0.0 1.0""}, {""key"": ""min"", ""type"": ""double"", ""value"": ""0.0""}, {""key"": ""max"", ""type"": ""double"", ""value"": ""1.0""}]}",,,motion/ui/groundForces; motion/ui/slope
Motion & Forces > Motion > Slopes,Glass slope,motion/glass-slope,forces-shown,Forces shown,bool,,,yes,ObserverCheckBox,Show forces,,,,,motion/ui/groundForces; motion/ui/slope
Motion & Forces > Motion > Slopes,Glass slope,motion/glass-slope,force-labels-shown,Force label shown,bool,,,yes,ObserverComboBox,,,,,,motion/ui/groundForces; motion/ui/slope
Motion & Forces > Motion > Slopes,Glass slope,motion/glass-slope,gravity-force-shown,Gravitational forces shown,bool,user-hidden,,yes,ObserverCheckBox,Gravity,,,,,motion/ui/groundForces; motion/ui/slope
Motion & Forces > Motion > Slopes,Glass slope,motion/glass-slope,contact-force-shown,Contact forces shown,bool,user-hidden,,yes,ObserverCheckBox,Contact,,,,,motion/ui/groundForces; motion/ui/slope
Motion & Forces > Motion > Slopes,Glass slope,motion/glass-slope,part-id-prefix,,,,,no,,,,,,,motion/ui/groundForces; motion/ui/slope
Motion & Forces > Motion > Slopes,Ice slope,motion/ice-slope,fascia,,,,,yes,ObserverComboBox,,,,,,motion/ui/groundForces; motion/ui/slope
Motion & Forces > Motion > Slopes,Ice slope,motion/ice-slope,slope-angle,Angle of slope,double,writable-computed,,yes,ObserverSpinBox; UnitChooser,,,"{""label"": """", ""values"": [{""key"": """", ""type"": ""value-map"", ""value"": ""-PI/2 PI/2""}, {""key"": ""min"", ""type"": ""double"", ""value"": ""-PI/2""}, {""key"": ""max"", ""type"": ""double"", ""value"": ""PI/2""}]}",radian; degree,degree,motion/ui/groundForces; motion/ui/slope
Motion & Forces > Motion > Slopes,Ice slope,motion/ice-slope,display-slope-angle,Display slope angle,bool,,true,yes,ObserverCheckBox,Show angle on slope,,,,,motion/ui/groundForces; motion/ui/slope
Motion & Forces > Motion > Slopes,Ice slope,motion/ice-slope,display-controls,,bool,user-hidden,true,yes,ObserverCheckBox,Show angle controls,,,,,motion/ui/groundForces; motion/ui/slope
Motion & Forces > Motion > Slopes,Ice slope,motion/ice-slope,gravitational-acceleration,Gravitational acceleration,double,,9.80665,yes,ObserverSpinBox; UnitChooser,,,"{""label"": """", ""values"": [{""key"": """", ""type"": ""value-map"", ""value"": ""0 30""}, {""key"": ""min"", ""type"": ""double"", ""value"": ""0""}, {""key"": ""max"", ""type"": ""double"", ""value"": ""30""}]}",metres per second per second,metres per second per second,motion/ui/groundForces; motion/ui/slope
Motion & Forces > Motion > Slopes,Ice slope,motion/ice-slope,planet,World,string,,Earth,yes,ObserverComboBox,,,"{""label"": ""set-validator"", ""values"": [{""key"": """", ""type"": ""string-array"", ""value"": ""Earth Moon Mercury Venus Mars Jupiter Saturn Uranus Neptune Pluto Other""}, {""key"": """", ""type"": ""string"", ""value"": ""Earth""}, {""key"": """", ""type"": ""string"", ""value"": ""Moon""}, {""key"": """", ""type"": ""string"", ""value"": ""Mercury""}, {""key"": """", ""type"": ""string"", ""value"": ""Venus""}, {""key"": """", ""type"": ""string"", ""value"": ""Mars""}, {""key"": """", ""type"": ""string"", ""value"": ""Jupiter""}, {""key"": """", ""type"": ""string"", ""value"": ""Saturn""}, {""key"": """", ""type"": ""string"", ""value"": ""Uranus""}, {""key"": """", ""type"": ""string"", ""value"": ""Neptune""}, {""key"": """", ""type"": ""string"", ""value"": ""Pluto""}, {""key"": """", ""type"": ""string"", ""value"": ""Other""}]}",,,motion/ui/groundForces; motion/ui/slope
Motion & Forces > Motion > Slopes,Ice slope,motion/ice-slope,material,,,,,yes,ObserverComboBox,,,,,,motion/ui/groundForces; motion/ui/slope
Motion & Forces > Motion > Slopes,Ice slope,motion/ice-slope,static-friction,Static friction,double,,0.0,yes,ObserverSpinBox,,,"{""label"": """", ""values"": [{""key"": """", ""type"": ""value-map"", ""value"": ""0.0 5.0""}, {""key"": ""min"", ""type"": ""double"", ""value"": ""0.0""}, {""key"": ""max"", ""type"": ""double"", ""value"": ""5.0""}]}",,,motion/ui/groundForces; motion/ui/slope
Motion & Forces > Motion > Slopes,Ice slope,motion/ice-slope,dynamic-friction,Kinetic friction,double,,0.0,yes,ObserverSpinBox,,,"{""label"": """", ""values"": [{""key"": """", ""type"": ""value-map"", ""value"": ""0.0 5.0""}, {""key"": ""min"", ""type"": ""double"", ""value"": ""0.0""}, {""key"": ""max"", ""type"": ""double"", ""value"": ""5.0""}]}",,,motion/ui/groundForces; motion/ui/slope
Motion & Forces > Motion > Slopes,Ice slope,motion/ice-slope,coefficient-of-restitution,Elasticity,double,,0.0,yes,ObserverSpinBox,,,"{""label"": """", ""values"": [{""key"": """", ""type"": ""value-map"", ""value"": ""0.0 1.0""}, {""key"": ""min"", ""type"": ""double"", ""value"": ""0.0""}, {""key"": ""max"", ""type"": ""double"", ""value"": ""1.0""}]}",,,motion/ui/groundForces; motion/ui/slope
Motion & Forces > Motion > Slopes,Ice slope,motion/ice-slope,forces-shown,Forces shown,bool,,,yes,ObserverCheckBox,Show forces,,,,,motion/ui/groundForces; motion/ui/slope
Motion & Forces > Motion > Slopes,Ice slope,motion/ice-slope,force-labels-shown,Force label shown,bool,,,yes,ObserverComboBox,,,,,,motion/ui/groundForces; motion/ui/slope
Motion & Forces > Motion > Slopes,Ice slope,motion/ice-slope,gravity-force-shown,Gravitational forces shown,bool,user-hidden,,yes,ObserverCheckBox,Gravity,,,,,motion/ui/groundForces; motion/ui/slope
Motion & Forces > Motion > Slopes,Ice slope,motion/ice-slope,contact-force-shown,Contact forces shown,bool,user-hidden,,yes,ObserverCheckBox,Contact,,,,,motion/ui/groundForces; motion/ui/slope
Motion & Forces > Motion > Slopes,Ice slope,motion/ice-slope,part-id-prefix,,,,,no,,,,,,,motion/ui/groundForces; motion/ui/slope
Motion & Forces > Motion > Slopes,Concrete slope,motion/concrete-slope,fascia,,,,,yes,ObserverComboBox,,,,,,motion/ui/groundForces; motion/ui/slope
Motion & Forces > Motion > Slopes,Concrete slope,motion/concrete-slope,slope-angle,Angle of slope,double,writable-computed,,yes,ObserverSpinBox; UnitChooser,,,"{""label"": """", ""values"": [{""key"": """", ""type"": ""value-map"", ""value"": ""-PI/2 PI/2""}, {""key"": ""min"", ""type"": ""double"", ""value"": ""-PI/2""}, {""key"": ""max"", ""type"": ""double"", ""value"": ""PI/2""}]}",radian; degree,degree,motion/ui/groundForces; motion/ui/slope
Motion & Forces > Motion > Slopes,Concrete slope,motion/concrete-slope,display-slope-angle,Display slope angle,bool,,true,yes,ObserverCheckBox,Show angle on slope,,,,,motion/ui/groundForces; motion/ui/slope
Motion & Forces > Motion > Slopes,Concrete slope,motion/concrete-slope,display-controls,,bool,user-hidden,true,yes,ObserverCheckBox,Show angle controls,,,,,motion/ui/groundForces; motion/ui/slope
Motion & Forces > Motion > Slopes,Concrete slope,motion/concrete-slope,gravitational-acceleration,Gravitational acceleration,double,,9.80665,yes,ObserverSpinBox; UnitChooser,,,"{""label"": """", ""values"": [{""key"": """", ""type"": ""value-map"", ""value"": ""0 30""}, {""key"": ""min"", ""type"": ""double"", ""value"": ""0""}, {""key"": ""max"", ""type"": ""double"", ""value"": ""30""}]}",metres per second per second,metres per second per second,motion/ui/groundForces; motion/ui/slope
Motion & Forces > Motion > Slopes,Concrete slope,motion/concrete-slope,planet,World,string,,Earth,yes,ObserverComboBox,,,"{""label"": ""set-validator"", ""values"": [{""key"": """", ""type"": ""string-array"", ""value"": ""Earth Moon Mercury Venus Mars Jupiter Saturn Uranus Neptune Pluto Other""}, {""key"": """", ""type"": ""string"", ""value"": ""Earth""}, {""key"": """", ""type"": ""string"", ""value"": ""Moon""}, {""key"": """", ""type"": ""string"", ""value"": ""Mercury""}, {""key"": """", ""type"": ""string"", ""value"": ""Venus""}, {""key"": """", ""type"": ""string"", ""value"": ""Mars""}, {""key"": """", ""type"": ""string"", ""value"": ""Jupiter""}, {""key"": """", ""type"": ""string"", ""value"": ""Saturn""}, {""key"": """", ""type"": ""string"", ""value"": ""Uranus""}, {""key"": """", ""type"": ""string"", ""value"": ""Neptune""}, {""key"": """", ""type"": ""string"", ""value"": ""Pluto""}, {""key"": """", ""type"": ""string"", ""value"": ""Other""}]}",,,motion/ui/groundForces; motion/ui/slope
Motion & Forces > Motion > Slopes,Concrete slope,motion/concrete-slope,material,,,,,yes,ObserverComboBox,,,,,,motion/ui/groundForces; motion/ui/slope
Motion & Forces > Motion > Slopes,Concrete slope,motion/concrete-slope,static-friction,Static friction,double,,0.0,yes,ObserverSpinBox,,,"{""label"": """", ""values"": [{""key"": """", ""type"": ""value-map"", ""value"": ""0.0 5.0""}, {""key"": ""min"", ""type"": ""double"", ""value"": ""0.0""}, {""key"": ""max"", ""type"": ""double"", ""value"": ""5.0""}]}",,,motion/ui/groundForces; motion/ui/slope
Motion & Forces > Motion > Slopes,Concrete slope,motion/concrete-slope,dynamic-friction,Kinetic friction,double,,0.0,yes,ObserverSpinBox,,,"{""label"": """", ""values"": [{""key"": """", ""type"": ""value-map"", ""value"": ""0.0 5.0""}, {""key"": ""min"", ""type"": ""double"", ""value"": ""0.0""}, {""key"": ""max"", ""type"": ""double"", ""value"": ""5.0""}]}",,,motion/ui/groundForces; motion/ui/slope
Motion & Forces > Motion > Slopes,Concrete slope,motion/concrete-slope,coefficient-of-restitution,Elasticity,double,,0.0,yes,ObserverSpinBox,,,"{""label"": """", ""values"": [{""key"": """", ""type"": ""value-map"", ""value"": ""0.0 1.0""}, {""key"": ""min"", ""type"": ""double"", ""value"": ""0.0""}, {""key"": ""max"", ""type"": ""double"", ""value"": ""1.0""}]}",,,motion/ui/groundForces; motion/ui/slope
Motion & Forces > Motion > Slopes,Concrete slope,motion/concrete-slope,forces-shown,Forces shown,bool,,,yes,ObserverCheckBox,Show forces,,,,,motion/ui/groundForces; motion/ui/slope
Motion & Forces > Motion > Slopes,Concrete slope,motion/concrete-slope,force-labels-shown,Force label shown,bool,,,yes,ObserverComboBox,,,,,,motion/ui/groundForces; motion/ui/slope
Motion & Forces > Motion > Slopes,Concrete slope,motion/concrete-slope,gravity-force-shown,Gravitational forces shown,bool,user-hidden,,yes,ObserverCheckBox,Gravity,,,,,motion/ui/groundForces; motion/ui/slope
Motion & Forces > Motion > Slopes,Concrete slope,motion/concrete-slope,contact-force-shown,Contact forces shown,bool,user-hidden,,yes,ObserverCheckBox,Contact,,,,,motion/ui/groundForces; motion/ui/slope
Motion & Forces > Motion > Slopes,Concrete slope,motion/concrete-slope,part-id-prefix,,,,,no,,,,,,,motion/ui/groundForces; motion/ui/slope
Motion & Forces > Motion > Balls,Ideal elastic ball,motion/ideal-elastic-ball,moment-of-inertia,Moment of inertia,double,computed,,no,,,,,gram metres squared; kilogram metres squared,kilogram metres squared,motion/ui/ballMain; motion/ui/bodyGeneral; motion/ui/image; motion/ui/forces
Motion & Forces > Motion > Balls,Ideal elastic ball,motion/ideal-elastic-ball,own-mass,,,,1,no,,,,,,,motion/ui/ballMain; motion/ui/bodyGeneral; motion/ui/image; motion/ui/forces
Motion & Forces > Motion > Balls,Ideal elastic ball,motion/ideal-elastic-ball,user-ang,Angle of rotation,,"proxy,readonly",../p[@key='ang'],no,,,,,,,motion/ui/ballMain; motion/ui/bodyGeneral; motion/ui/image; motion/ui/forces
Motion & Forces > Motion > Balls,Ideal elastic ball,motion/ideal-elastic-ball,user-angvel,Angular velocity,,"proxy,readonly",../p[@key='angvel'],no,,,,,,,motion/ui/ballMain; motion/ui/bodyGeneral; motion/ui/image; motion/ui/forces
Motion & Forces > Motion > Balls,Ideal elastic ball,motion/ideal-elastic-ball,user-angacc,Angular acceleration,double,computed,,no,,,,,,,motion/ui/ballMain; motion/ui/bodyGeneral; motion/ui/image; motion/ui/forces
Motion & Forces > Motion > Balls,Ideal elastic ball,motion/ideal-elastic-ball,user-torque,Torque,double,computed,,no,,,,,newton metre,newton metre,motion/ui/ballMain; motion/ui/bodyGeneral; motion/ui/image; motion/ui/forces
Motion & Forces > Motion > Balls,Ideal elastic ball,motion/ideal-elastic-ball,weight,Weight,double,computed,,no,,,,,newton; kilonewton,newton,motion/ui/ballMain; motion/ui/bodyGeneral; motion/ui/image; motion/ui/forces
Motion & Forces > Motion > Balls,Ideal elastic ball,motion/ideal-elastic-ball,drag-coefficient,,,,0.0,yes,ObserverSpinBox,,,,,,motion/ui/ballMain; motion/ui/bodyGeneral; motion/ui/image; motion/ui/forces
Motion & Forces > Motion > Balls,Ideal elastic ball,motion/ideal-elastic-ball,user-velocity,Velocity (magnitude),double,writable-computed,,no,,,,"{""label"": """", ""values"": [{""key"": """", ""type"": ""value-map"", ""value"": ""-1e6 1e6""}, {""key"": ""min"", ""type"": ""double"", ""value"": ""-1e6""}, {""key"": ""max"", ""type"": ""double"", ""value"": ""1e6""}]}",metres per second; kilometres per second; kilometres per hour,metres per second,motion/ui/ballMain; motion/ui/bodyGeneral; motion/ui/image; motion/ui/forces
Motion & Forces > Motion > Balls,Ideal elastic ball,motion/ideal-elastic-ball,user-velocity-x,Velocity (x),double,writable-computed,,no,,,,"{""label"": """", ""values"": [{""key"": """", ""type"": ""value-map"", ""value"": ""-1e6 1e6""}, {""key"": ""min"", ""type"": ""double"", ""value"": ""-1e6""}, {""key"": ""max"", ""type"": ""double"", ""value"": ""1e6""}]}",metres per second; kilometres per second; kilometres per hour,metres per second,motion/ui/ballMain; motion/ui/bodyGeneral; motion/ui/image; motion/ui/forces
Motion & Forces > Motion > Balls,Ideal elastic ball,motion/ideal-elastic-ball,user-velocity-y,Velocity (y),double,writable-computed,,no,,,,"{""label"": """", ""values"": [{""key"": """", ""type"": ""value-map"", ""value"": ""-1e6 1e6""}, {""key"": ""min"", ""type"": ""double"", ""value"": ""-1e6""}, {""key"": ""max"", ""type"": ""double"", ""value"": ""1e6""}]}",metres per second; kilometres per second; kilometres per hour,metres per second,motion/ui/ballMain; motion/ui/bodyGeneral; motion/ui/image; motion/ui/forces
Motion & Forces > Motion > Balls,Ideal elastic ball,motion/ideal-elastic-ball,user-force,Driving force (magnitude),double,,,no,,,,,newton; kilonewton,newton,motion/ui/ballMain; motion/ui/bodyGeneral; motion/ui/image; motion/ui/forces
Motion & Forces > Motion > Balls,Ideal elastic ball,motion/ideal-elastic-ball,user-force-x,Driving force (x),double,writable-computed,,no,,,,,newton; kilonewton,newton,motion/ui/ballMain; motion/ui/bodyGeneral; motion/ui/image; motion/ui/forces
Motion & Forces > Motion > Balls,Ideal elastic ball,motion/ideal-elastic-ball,user-force-y,Driving force (y),double,writable-computed,,no,,,,,newton; kilonewton,newton,motion/ui/ballMain; motion/ui/bodyGeneral; motion/ui/image; motion/ui/forces
Motion & Forces > Motion > Balls,Ideal elastic ball,motion/ideal-elastic-ball,user-motion-pos-x,Displacement (x),double,writable-computed,,no,,,,,picometer; nanometer; micrometer; millimeter; centimeter; meter; kilometer,meter,motion/ui/ballMain; motion/ui/bodyGeneral; motion/ui/image; motion/ui/forces
Motion & Forces > Motion > Balls,Ideal elastic ball,motion/ideal-elastic-ball,user-motion-pos-y,Displacement (y),double,writable-computed,,no,,,,,picometer; nanometer; micrometer; millimeter; centimeter; meter; kilometer,meter,motion/ui/ballMain; motion/ui/bodyGeneral; motion/ui/image; motion/ui/forces
Motion & Forces > Motion > Balls,Ideal elastic ball,motion/ideal-elastic-ball,distance-from-origin,Distance,double,computed,,no,,,,,picometer; nanometer; micrometer; millimeter; centimeter; meter; kilometer,meter,motion/ui/ballMain; motion/ui/bodyGeneral; motion/ui/image; motion/ui/forces
Motion & Forces > Motion > Balls,Ideal elastic ball,motion/ideal-elastic-ball,user-acc-x,Acceleration (x),double,computed,,no,,,,,,metres per second per second,motion/ui/ballMain; motion/ui/bodyGeneral; motion/ui/image; motion/ui/forces
Motion & Forces > Motion > Balls,Ideal elastic ball,motion/ideal-elastic-ball,user-acc-y,Acceleration (y),double,computed,,no,,,,,,metres per second per second,motion/ui/ballMain; motion/ui/bodyGeneral; motion/ui/image; motion/ui/forces
Motion & Forces > Motion > Balls,Ideal elastic ball,motion/ideal-elastic-ball,user-acc-mag,Acceleration (magnitude),double,computed,,no,,,,,,metres per second per second,motion/ui/ballMain; motion/ui/bodyGeneral; motion/ui/image; motion/ui/forces
Motion & Forces > Motion > Balls,Ideal elastic ball,motion/ideal-elastic-ball,user-net-force-mag,Net force (translational),double,computed,,no,,,,,,newton,motion/ui/ballMain; motion/ui/bodyGeneral; motion/ui/image; motion/ui/forces
Motion & Forces > Motion > Balls,Ideal elastic ball,motion/ideal-elastic-ball,speed,Speed,,proxy,../p[@key='user-velocity'],no,,,,,,,motion/ui/ballMain; motion/ui/bodyGeneral; motion/ui/image; motion/ui/forces
Motion & Forces > Motion > Balls,Ideal elastic ball,motion/ideal-elastic-ball,translational-ek,Kinetic energy (translational),double,computed,,no,,,,,joule; kilojoule,joule,motion/ui/ballMain; motion/ui/bodyGeneral; motion/ui/image; motion/ui/forces
Motion & Forces > Motion > Balls,Ideal elastic ball,motion/ideal-elastic-ball,rotational-ek,Kinetic energy (rotational),double,computed,,no,,,,,joule; kilojoule,joule,motion/ui/ballMain; motion/ui/bodyGeneral; motion/ui/image; motion/ui/forces
Motion & Forces > Motion > Balls,Ideal elastic ball,motion/ideal-elastic-ball,total-ek,Kinetic energy (total),double,computed,,no,,,,,joule; kilojoule,joule,motion/ui/ballMain; motion/ui/bodyGeneral; motion/ui/image; motion/ui/forces
Motion & Forces > Motion > Balls,Ideal elastic ball,motion/ideal-elastic-ball,gravitational-ep,Gravitational potential energy,double,computed,,no,,,,,joule; kilojoule,joule,motion/ui/ballMain; motion/ui/bodyGeneral; motion/ui/image; motion/ui/forces
Motion & Forces > Motion > Balls,Ideal elastic ball,motion/ideal-elastic-ball,momentum-x,Momentum (x),double,computed,,no,,,,,,kilogram metres per second,motion/ui/ballMain; motion/ui/bodyGeneral; motion/ui/image; motion/ui/forces
Motion & Forces > Motion > Balls,Ideal elastic ball,motion/ideal-elastic-ball,momentum-y,Momentum (y),double,computed,,no,,,,,,kilogram metres per second,motion/ui/ballMain; motion/ui/bodyGeneral; motion/ui/image; motion/ui/forces
Motion & Forces > Motion > Balls,Ideal elastic ball,motion/ideal-elastic-ball,density,Density,double,computed,,no,,,,"{""label"": """", ""values"": [{""key"": """", ""type"": ""value-map"", ""value"": ""0""}, {""key"": ""min"", ""type"": ""double"", ""value"": ""0""}]}",grams per cubic centimetre; kilograms per cubic metre,kilograms per cubic metre,motion/ui/ballMain; motion/ui/bodyGeneral; motion/ui/image; motion/ui/forces
Motion & Forces > Motion > Balls,Ideal elastic ball,motion/ideal-elastic-ball,volume,Volume,double,computed,,no,,,,"{""label"": """", ""values"": [{""key"": """", ""type"": ""value-map"", ""value"": ""0""}, {""key"": ""min"", ""type"": ""double"", ""value"": ""0""}]}",cm3; m3,cm3,motion/ui/ballMain; motion/ui/bodyGeneral; motion/ui/image; motion/ui/forces
Motion & Forces > Motion > Balls,Ideal elastic ball,motion/ideal-elastic-ball,forces-shown,Force shown,bool,,,yes,ObserverCheckBox,Show forces,,,,,motion/ui/ballMain; motion/ui/bodyGeneral; motion/ui/image; motion/ui/forces
Motion & Forces > Motion > Balls,Ideal elastic ball,motion/ideal-elastic-ball,force-labels-shown,Force labels shown,bool,,,yes,ObserverComboBox,,,,,,motion/ui/ballMain; motion/ui/bodyGeneral; motion/ui/image; motion/ui/forces
Motion & Forces > Motion > Balls,Ideal elastic ball,motion/ideal-elastic-ball,gravity-force-shown,Weight shown,bool,,,yes,ObserverCheckBox,Weight,,,,,motion/ui/ballMain; motion/ui/bodyGeneral; motion/ui/image; motion/ui/forces
Motion & Forces > Motion > Balls,Ideal elastic ball,motion/ideal-elastic-ball,resolved-gravity-force-shown,Resolved weight shown,bool,,,yes,ObserverCheckBox,Weight (resolved),,,,,motion/ui/ballMain; motion/ui/bodyGeneral; motion/ui/image; motion/ui/forces
Motion & Forces > Motion > Balls,Ideal elastic ball,motion/ideal-elastic-ball,net-force-shown,Net force shown,bool,,,yes,ObserverCheckBox,Net force,,,,,motion/ui/ballMain; motion/ui/bodyGeneral; motion/ui/image; motion/ui/forces
Motion & Forces > Motion > Balls,Ideal elastic ball,motion/ideal-elastic-ball,constant-force-shown,Driving force shown,bool,,,yes,ObserverCheckBox,Driving force,,,,,motion/ui/ballMain; motion/ui/bodyGeneral; motion/ui/image; motion/ui/forces
Motion & Forces > Motion > Balls,Ideal elastic ball,motion/ideal-elastic-ball,friction-force-shown,Friction force shown,bool,,,yes,ObserverCheckBox,Friction,,,,,motion/ui/ballMain; motion/ui/bodyGeneral; motion/ui/image; motion/ui/forces
Motion & Forces > Motion > Balls,Ideal elastic ball,motion/ideal-elastic-ball,contact-force-shown,Contact force shown,bool,,,yes,ObserverCheckBox,Contact,,,,,motion/ui/ballMain; motion/ui/bodyGeneral; motion/ui/image; motion/ui/forces
Motion & Forces > Motion > Balls,Ideal elastic ball,motion/ideal-elastic-ball,tension-force-shown,Tension force shown,bool,,,yes,ObserverCheckBox,Tension,,,,,motion/ui/ballMain; motion/ui/bodyGeneral; motion/ui/image; motion/ui/forces
Motion & Forces > Motion > Balls,Ideal elastic ball,motion/ideal-elastic-ball,drag-force-shown,Drag force shown,bool,,,yes,ObserverCheckBox,Drag force,,,,,motion/ui/ballMain; motion/ui/bodyGeneral; motion/ui/image; motion/ui/forces
Motion & Forces > Motion > Balls,Ideal elastic ball,motion/ideal-elastic-ball,buoyancy-force-shown,Buoyancy force shown,bool,,,yes,ObserverCheckBox,Buoyancy force,,,,,motion/ui/ballMain; motion/ui/bodyGeneral; motion/ui/image; motion/ui/forces
Motion & Forces > Motion > Balls,Ideal elastic ball,motion/ideal-elastic-ball,material,,,,,yes,ObserverComboBox,,,,,,motion/ui/ballMain; motion/ui/bodyGeneral; motion/ui/image; motion/ui/forces
Motion & Forces > Motion > Balls,Ideal elastic ball,motion/ideal-elastic-ball,static-friction,Static friction,double,,0.0,yes,ObserverSpinBox,,,"{""label"": """", ""values"": [{""key"": """", ""type"": ""value-map"", ""value"": ""0.0 5.0""}, {""key"": ""min"", ""type"": ""double"", ""value"": ""0.0""}, {""key"": ""max"", ""type"": ""double"", ""value"": ""5.0""}]}",,,motion/ui/ballMain; motion/ui/bodyGeneral; motion/ui/image; motion/ui/forces
Motion & Forces > Motion > Balls,Ideal elastic ball,motion/ideal-elastic-ball,dynamic-friction,Kinetic friction,double,,0.0,yes,ObserverSpinBox,,,"{""label"": """", ""values"": [{""key"": """", ""type"": ""value-map"", ""value"": ""0.0 5.0""}, {""key"": ""min"", ""type"": ""double"", ""value"": ""0.0""}, {""key"": ""max"", ""type"": ""double"", ""value"": ""5.0""}]}",,,motion/ui/ballMain; motion/ui/bodyGeneral; motion/ui/image; motion/ui/forces
Motion & Forces > Motion > Balls,Ideal elastic ball,motion/ideal-elastic-ball,coefficient-of-restitution,Elasticity,double,,0.0,yes,ObserverSpinBox,,,"{""label"": """", ""values"": [{""key"": """", ""type"": ""value-map"", ""value"": ""0.0 1.0""}, {""key"": ""min"", ""type"": ""double"", ""value"": ""0.0""}, {""key"": ""max"", ""type"": ""double"", ""value"": ""1.0""}]}",,,motion/ui/ballMain; motion/ui/bodyGeneral; motion/ui/image; motion/ui/forces
Motion & Forces > Motion > Balls,Ideal elastic ball,motion/ideal-elastic-ball,control-mode,Control mode,string,,Velocity,yes,ObserverComboBox,,,"{""label"": ""set-validator"", ""values"": [{""key"": """", ""type"": ""string-array"", ""value"": ""Velocity Force""}, {""key"": """", ""type"": ""string"", ""value"": ""Velocity""}, {""key"": """", ""type"": ""string"", ""value"": ""Force""}]}",,,motion/ui/ballMain; motion/ui/bodyGeneral; motion/ui/image; motion/ui/forces
Motion & Forces > Motion > Balls,Ideal elastic ball,motion/ideal-elastic-ball,part-id-prefix,,,,,no,,,,,,,motion/ui/ballMain; motion/ui/bodyGeneral; motion/ui/image; motion/ui/forces
Motion & Forces > Motion > Balls,Ideal elastic ball,motion/ideal-elastic-ball,radius,,,,0.05,yes,ObserverSpinBox; UnitChooser,,,,,,motion/ui/ballMain; motion/ui/bodyGeneral; motion/ui/image; motion/ui/forces
Motion & Forces > Motion > Balls,Ideal elastic ball,motion/ideal-elastic-ball,user-mass,Mass,,proxy,../p[@key='own-mass'],yes,ObserverSpinBox; UnitChooser,,,,,,motion/ui/ballMain; motion/ui/bodyGeneral; motion/ui/image; motion/ui/forces
Motion & Forces > Motion > Balls,Ideal elastic ball,motion/ideal-elastic-ball,image,,,,motion/images/balls/standard,yes,ResourceDropdown,,,,,,motion/ui/ballMain; motion/ui/bodyGeneral; motion/ui/image; motion/ui/forces
Motion & Forces > Motion > Balls,Ideal inelastic ball,motion/ideal-inelastic-ball,moment-of-inertia,Moment of inertia,double,computed,,no,,,,,gram metres squared; kilogram metres squared,kilogram metres squared,motion/ui/ballMain; motion/ui/bodyGeneral; motion/ui/image; motion/ui/forces
Motion & Forces > Motion > Balls,Ideal inelastic ball,motion/ideal-inelastic-ball,own-mass,,,,1,no,,,,,,,motion/ui/ballMain; motion/ui/bodyGeneral; motion/ui/image; motion/ui/forces
Motion & Forces > Motion > Balls,Ideal inelastic ball,motion/ideal-inelastic-ball,user-ang,Angle of rotation,,"proxy,readonly",../p[@key='ang'],no,,,,,,,motion/ui/ballMain; motion/ui/bodyGeneral; motion/ui/image; motion/ui/forces
Motion & Forces > Motion > Balls,Ideal inelastic ball,motion/ideal-inelastic-ball,user-angvel,Angular velocity,,"proxy,readonly",../p[@key='angvel'],no,,,,,,,motion/ui/ballMain; motion/ui/bodyGeneral; motion/ui/image; motion/ui/forces
Motion & Forces > Motion > Balls,Ideal inelastic ball,motion/ideal-inelastic-ball,user-angacc,Angular acceleration,double,computed,,no,,,,,,,motion/ui/ballMain; motion/ui/bodyGeneral; motion/ui/image; motion/ui/forces
Motion & Forces > Motion > Balls,Ideal inelastic ball,motion/ideal-inelastic-ball,user-torque,Torque,double,computed,,no,,,,,newton metre,newton metre,motion/ui/ballMain; motion/ui/bodyGeneral; motion/ui/image; motion/ui/forces
Motion & Forces > Motion > Balls,Ideal inelastic ball,motion/ideal-inelastic-ball,weight,Weight,double,computed,,no,,,,,newton; kilonewton,newton,motion/ui/ballMain; motion/ui/bodyGeneral; motion/ui/image; motion/ui/forces
Motion & Forces > Motion > Balls,Ideal inelastic ball,motion/ideal-inelastic-ball,drag-coefficient,,,,0.0,yes,ObserverSpinBox,,,,,,motion/ui/ballMain; motion/ui/bodyGeneral; motion/ui/image; motion/ui/forces
Motion & Forces > Motion > Balls,Ideal inelastic ball,motion/ideal-inelastic-ball,user-velocity,Velocity (magnitude),double,writable-computed,,no,,,,"{""label"": """", ""values"": [{""key"": """", ""type"": ""value-map"", ""value"": ""-1e6 1e6""}, {""key"": ""min"", ""type"": ""double"", ""value"": ""-1e6""}, {""key"": ""max"", ""type"": ""double"", ""value"": ""1e6""}]}",metres per second; kilometres per second; kilometres per hour,metres per second,motion/ui/ballMain; motion/ui/bodyGeneral; motion/ui/image; motion/ui/forces
Motion & Forces > Motion > Balls,Ideal inelastic ball,motion/ideal-inelastic-ball,user-velocity-x,Velocity (x),double,writable-computed,,no,,,,"{""label"": """", ""values"": [{""key"": """", ""type"": ""value-map"", ""value"": ""-1e6 1e6""}, {""key"": ""min"", ""type"": ""double"", ""value"": ""-1e6""}, {""key"": ""max"", ""type"": ""double"", ""value"": ""1e6""}]}",metres per second; kilometres per second; kilometres per hour,metres per second,motion/ui/ballMain; motion/ui/bodyGeneral; motion/ui/image; motion/ui/forces
Motion & Forces > Motion > Balls,Ideal inelastic ball,motion/ideal-inelastic-ball,user-velocity-y,Velocity (y),double,writable-computed,,no,,,,"{""label"": """", ""values"": [{""key"": """", ""type"": ""value-map"", ""value"": ""-1e6 1e6""}, {""key"": ""min"", ""type"": ""double"", ""value"": ""-1e6""}, {""key"": ""max"", ""type"": ""double"", ""value"": ""1e6""}]}",metres per second; kilometres per second; kilometres per hour,metres per second,motion/ui/ballMain; motion/ui/bodyGeneral; motion/ui/image; motion/ui/forces
Motion & Forces > Motion > Balls,Ideal inelastic ball,motion/ideal-inelastic-ball,user-force,Driving force (magnitude),double,,,no,,,,,newton; kilonewton,newton,motion/ui/ballMain; motion/ui/bodyGeneral; motion/ui/image; motion/ui/forces
Motion & Forces > Motion > Balls,Ideal inelastic ball,motion/ideal-inelastic-ball,user-force-x,Driving force (x),double,writable-computed,,no,,,,,newton; kilonewton,newton,motion/ui/ballMain; motion/ui/bodyGeneral; motion/ui/image; motion/ui/forces
Motion & Forces > Motion > Balls,Ideal inelastic ball,motion/ideal-inelastic-ball,user-force-y,Driving force (y),double,writable-computed,,no,,,,,newton; kilonewton,newton,motion/ui/ballMain; motion/ui/bodyGeneral; motion/ui/image; motion/ui/forces
Motion & Forces > Motion > Balls,Ideal inelastic ball,motion/ideal-inelastic-ball,user-motion-pos-x,Displacement (x),double,writable-computed,,no,,,,,picometer; nanometer; micrometer; millimeter; centimeter; meter; kilometer,meter,motion/ui/ballMain; motion/ui/bodyGeneral; motion/ui/image; motion/ui/forces
Motion & Forces > Motion > Balls,Ideal inelastic ball,motion/ideal-inelastic-ball,user-motion-pos-y,Displacement (y),double,writable-computed,,no,,,,,picometer; nanometer; micrometer; millimeter; centimeter; meter; kilometer,meter,motion/ui/ballMain; motion/ui/bodyGeneral; motion/ui/image; motion/ui/forces
Motion & Forces > Motion > Balls,Ideal inelastic ball,motion/ideal-inelastic-ball,distance-from-origin,Distance,double,computed,,no,,,,,picometer; nanometer; micrometer; millimeter; centimeter; meter; kilometer,meter,motion/ui/ballMain; motion/ui/bodyGeneral; motion/ui/image; motion/ui/forces
Motion & Forces > Motion > Balls,Ideal inelastic ball,motion/ideal-inelastic-ball,user-acc-x,Acceleration (x),double,computed,,no,,,,,,metres per second per second,motion/ui/ballMain; motion/ui/bodyGeneral; motion/ui/image; motion/ui/forces
Motion & Forces > Motion > Balls,Ideal inelastic ball,motion/ideal-inelastic-ball,user-acc-y,Acceleration (y),double,computed,,no,,,,,,metres per second per second,motion/ui/ballMain; motion/ui/bodyGeneral; motion/ui/image; motion/ui/forces
Motion & Forces > Motion > Balls,Ideal inelastic ball,motion/ideal-inelastic-ball,user-acc-mag,Acceleration (magnitude),double,computed,,no,,,,,,metres per second per second,motion/ui/ballMain; motion/ui/bodyGeneral; motion/ui/image; motion/ui/forces
Motion & Forces > Motion > Balls,Ideal inelastic ball,motion/ideal-inelastic-ball,user-net-force-mag,Net force (translational),double,computed,,no,,,,,,newton,motion/ui/ballMain; motion/ui/bodyGeneral; motion/ui/image; motion/ui/forces
Motion & Forces > Motion > Balls,Ideal inelastic ball,motion/ideal-inelastic-ball,speed,Speed,,proxy,../p[@key='user-velocity'],no,,,,,,,motion/ui/ballMain; motion/ui/bodyGeneral; motion/ui/image; motion/ui/forces
Motion & Forces > Motion > Balls,Ideal inelastic ball,motion/ideal-inelastic-ball,translational-ek,Kinetic energy (translational),double,computed,,no,,,,,joule; kilojoule,joule,motion/ui/ballMain; motion/ui/bodyGeneral; motion/ui/image; motion/ui/forces
Motion & Forces > Motion > Balls,Ideal inelastic ball,motion/ideal-inelastic-ball,rotational-ek,Kinetic energy (rotational),double,computed,,no,,,,,joule; kilojoule,joule,motion/ui/ballMain; motion/ui/bodyGeneral; motion/ui/image; motion/ui/forces
Motion & Forces > Motion > Balls,Ideal inelastic ball,motion/ideal-inelastic-ball,total-ek,Kinetic energy (total),double,computed,,no,,,,,joule; kilojoule,joule,motion/ui/ballMain; motion/ui/bodyGeneral; motion/ui/image; motion/ui/forces
Motion & Forces > Motion > Balls,Ideal inelastic ball,motion/ideal-inelastic-ball,gravitational-ep,Gravitational potential energy,double,computed,,no,,,,,joule; kilojoule,joule,motion/ui/ballMain; motion/ui/bodyGeneral; motion/ui/image; motion/ui/forces
Motion & Forces > Motion > Balls,Ideal inelastic ball,motion/ideal-inelastic-ball,momentum-x,Momentum (x),double,computed,,no,,,,,,kilogram metres per second,motion/ui/ballMain; motion/ui/bodyGeneral; motion/ui/image; motion/ui/forces
Motion & Forces > Motion > Balls,Ideal inelastic ball,motion/ideal-inelastic-ball,momentum-y,Momentum (y),double,computed,,no,,,,,,kilogram metres per second,motion/ui/ballMain; motion/ui/bodyGeneral; motion/ui/image; motion/ui/forces
Motion & Forces > Motion > Balls,Ideal inelastic ball,motion/ideal-inelastic-ball,density,Density,double,computed,,no,,,,"{""label"": """", ""values"": [{""key"": """", ""type"": ""value-map"", ""value"": ""0""}, {""key"": ""min"", ""type"": ""double"", ""value"": ""0""}]}",grams per cubic centimetre; kilograms per cubic metre,kilograms per cubic metre,motion/ui/ballMain; motion/ui/bodyGeneral; motion/ui/image; motion/ui/forces
Motion & Forces > Motion > Balls,Ideal inelastic ball,motion/ideal-inelastic-ball,volume,Volume,double,computed,,no,,,,"{""label"": """", ""values"": [{""key"": """", ""type"": ""value-map"", ""value"": ""0""}, {""key"": ""min"", ""type"": ""double"", ""value"": ""0""}]}",cm3; m3,cm3,motion/ui/ballMain; motion/ui/bodyGeneral; motion/ui/image; motion/ui/forces
Motion & Forces > Motion > Balls,Ideal inelastic ball,motion/ideal-inelastic-ball,forces-shown,Force shown,bool,,,yes,ObserverCheckBox,Show forces,,,,,motion/ui/ballMain; motion/ui/bodyGeneral; motion/ui/image; motion/ui/forces
Motion & Forces > Motion > Balls,Ideal inelastic ball,motion/ideal-inelastic-ball,force-labels-shown,Force labels shown,bool,,,yes,ObserverComboBox,,,,,,motion/ui/ballMain; motion/ui/bodyGeneral; motion/ui/image; motion/ui/forces
Motion & Forces > Motion > Balls,Ideal inelastic ball,motion/ideal-inelastic-ball,gravity-force-shown,Weight shown,bool,,,yes,ObserverCheckBox,Weight,,,,,motion/ui/ballMain; motion/ui/bodyGeneral; motion/ui/image; motion/ui/forces
Motion & Forces > Motion > Balls,Ideal inelastic ball,motion/ideal-inelastic-ball,resolved-gravity-force-shown,Resolved weight shown,bool,,,yes,ObserverCheckBox,Weight (resolved),,,,,motion/ui/ballMain; motion/ui/bodyGeneral; motion/ui/image; motion/ui/forces
Motion & Forces > Motion > Balls,Ideal inelastic ball,motion/ideal-inelastic-ball,net-force-shown,Net force shown,bool,,,yes,ObserverCheckBox,Net force,,,,,motion/ui/ballMain; motion/ui/bodyGeneral; motion/ui/image; motion/ui/forces
Motion & Forces > Motion > Balls,Ideal inelastic ball,motion/ideal-inelastic-ball,constant-force-shown,Driving force shown,bool,,,yes,ObserverCheckBox,Driving force,,,,,motion/ui/ballMain; motion/ui/bodyGeneral; motion/ui/image; motion/ui/forces
Motion & Forces > Motion > Balls,Ideal inelastic ball,motion/ideal-inelastic-ball,friction-force-shown,Friction force shown,bool,,,yes,ObserverCheckBox,Friction,,,,,motion/ui/ballMain; motion/ui/bodyGeneral; motion/ui/image; motion/ui/forces
Motion & Forces > Motion > Balls,Ideal inelastic ball,motion/ideal-inelastic-ball,contact-force-shown,Contact force shown,bool,,,yes,ObserverCheckBox,Contact,,,,,motion/ui/ballMain; motion/ui/bodyGeneral; motion/ui/image; motion/ui/forces
Motion & Forces > Motion > Balls,Ideal inelastic ball,motion/ideal-inelastic-ball,tension-force-shown,Tension force shown,bool,,,yes,ObserverCheckBox,Tension,,,,,motion/ui/ballMain; motion/ui/bodyGeneral; motion/ui/image; motion/ui/forces
Motion & Forces > Motion > Balls,Ideal inelastic ball,motion/ideal-inelastic-ball,drag-force-shown,Drag force shown,bool,,,yes,ObserverCheckBox,Drag force,,,,,motion/ui/ballMain; motion/ui/bodyGeneral; motion/ui/image; motion/ui/forces
Motion & Forces > Motion > Balls,Ideal inelastic ball,motion/ideal-inelastic-ball,buoyancy-force-shown,Buoyancy force shown,bool,,,yes,ObserverCheckBox,Buoyancy force,,,,,motion/ui/ballMain; motion/ui/bodyGeneral; motion/ui/image; motion/ui/forces
Motion & Forces > Motion > Balls,Ideal inelastic ball,motion/ideal-inelastic-ball,material,,,,,yes,ObserverComboBox,,,,,,motion/ui/ballMain; motion/ui/bodyGeneral; motion/ui/image; motion/ui/forces
Motion & Forces > Motion > Balls,Ideal inelastic ball,motion/ideal-inelastic-ball,static-friction,Static friction,double,,0.0,yes,ObserverSpinBox,,,"{""label"": """", ""values"": [{""key"": """", ""type"": ""value-map"", ""value"": ""0.0 5.0""}, {""key"": ""min"", ""type"": ""double"", ""value"": ""0.0""}, {""key"": ""max"", ""type"": ""double"", ""value"": ""5.0""}]}",,,motion/ui/ballMain; motion/ui/bodyGeneral; motion/ui/image; motion/ui/forces
Motion & Forces > Motion > Balls,Ideal inelastic ball,motion/ideal-inelastic-ball,dynamic-friction,Kinetic friction,double,,0.0,yes,ObserverSpinBox,,,"{""label"": """", ""values"": [{""key"": """", ""type"": ""value-map"", ""value"": ""0.0 5.0""}, {""key"": ""min"", ""type"": ""double"", ""value"": ""0.0""}, {""key"": ""max"", ""type"": ""double"", ""value"": ""5.0""}]}",,,motion/ui/ballMain; motion/ui/bodyGeneral; motion/ui/image; motion/ui/forces
Motion & Forces > Motion > Balls,Ideal inelastic ball,motion/ideal-inelastic-ball,coefficient-of-restitution,Elasticity,double,,0.0,yes,ObserverSpinBox,,,"{""label"": """", ""values"": [{""key"": """", ""type"": ""value-map"", ""value"": ""0.0 1.0""}, {""key"": ""min"", ""type"": ""double"", ""value"": ""0.0""}, {""key"": ""max"", ""type"": ""double"", ""value"": ""1.0""}]}",,,motion/ui/ballMain; motion/ui/bodyGeneral; motion/ui/image; motion/ui/forces
Motion & Forces > Motion > Balls,Ideal inelastic ball,motion/ideal-inelastic-ball,control-mode,Control mode,string,,Velocity,yes,ObserverComboBox,,,"{""label"": ""set-validator"", ""values"": [{""key"": """", ""type"": ""string-array"", ""value"": ""Velocity Force""}, {""key"": """", ""type"": ""string"", ""value"": ""Velocity""}, {""key"": """", ""type"": ""string"", ""value"": ""Force""}]}",,,motion/ui/ballMain; motion/ui/bodyGeneral; motion/ui/image; motion/ui/forces
Motion & Forces > Motion > Balls,Ideal inelastic ball,motion/ideal-inelastic-ball,part-id-prefix,,,,,no,,,,,,,motion/ui/ballMain; motion/ui/bodyGeneral; motion/ui/image; motion/ui/forces
Motion & Forces > Motion > Balls,Ideal inelastic ball,motion/ideal-inelastic-ball,radius,,,,0.05,yes,ObserverSpinBox; UnitChooser,,,,,,motion/ui/ballMain; motion/ui/bodyGeneral; motion/ui/image; motion/ui/forces
Motion & Forces > Motion > Balls,Ideal inelastic ball,motion/ideal-inelastic-ball,user-mass,Mass,,proxy,../p[@key='own-mass'],yes,ObserverSpinBox; UnitChooser,,,,,,motion/ui/ballMain; motion/ui/bodyGeneral; motion/ui/image; motion/ui/forces
Motion & Forces > Motion > Balls,Ideal inelastic ball,motion/ideal-inelastic-ball,image,,,,motion/images/balls/standard2,yes,ResourceDropdown,,,,,,motion/ui/ballMain; motion/ui/bodyGeneral; motion/ui/image; motion/ui/forces
Motion & Forces > Motion > Balls,Soccer ball,motion/soccer-ball,moment-of-inertia,Moment of inertia,double,computed,,no,,,,,gram metres squared; kilogram metres squared,kilogram metres squared,motion/ui/ballMain; motion/ui/bodyGeneral; motion/ui/image; motion/ui/forces
Motion & Forces > Motion > Balls,Soccer ball,motion/soccer-ball,own-mass,,,,0.45,no,,,,,,,motion/ui/ballMain; motion/ui/bodyGeneral; motion/ui/image; motion/ui/forces
Motion & Forces > Motion > Balls,Soccer ball,motion/soccer-ball,user-ang,Angle of rotation,,"proxy,readonly",../p[@key='ang'],no,,,,,,,motion/ui/ballMain; motion/ui/bodyGeneral; motion/ui/image; motion/ui/forces
Motion & Forces > Motion > Balls,Soccer ball,motion/soccer-ball,user-angvel,Angular velocity,,"proxy,readonly",../p[@key='angvel'],no,,,,,,,motion/ui/ballMain; motion/ui/bodyGeneral; motion/ui/image; motion/ui/forces
Motion & Forces > Motion > Balls,Soccer ball,motion/soccer-ball,user-angacc,Angular acceleration,double,computed,,no,,,,,,,motion/ui/ballMain; motion/ui/bodyGeneral; motion/ui/image; motion/ui/forces
Motion & Forces > Motion > Balls,Soccer ball,motion/soccer-ball,user-torque,Torque,double,computed,,no,,,,,newton metre,newton metre,motion/ui/ballMain; motion/ui/bodyGeneral; motion/ui/image; motion/ui/forces
Motion & Forces > Motion > Balls,Soccer ball,motion/soccer-ball,weight,Weight,double,computed,,no,,,,,newton; kilonewton,newton,motion/ui/ballMain; motion/ui/bodyGeneral; motion/ui/image; motion/ui/forces
Motion & Forces > Motion > Balls,Soccer ball,motion/soccer-ball,drag-coefficient,,,,0.5,yes,ObserverSpinBox,,,,,,motion/ui/ballMain; motion/ui/bodyGeneral; motion/ui/image; motion/ui/forces
Motion & Forces > Motion > Balls,Soccer ball,motion/soccer-ball,user-velocity,Velocity (magnitude),double,writable-computed,,no,,,,"{""label"": """", ""values"": [{""key"": """", ""type"": ""value-map"", ""value"": ""-1e6 1e6""}, {""key"": ""min"", ""type"": ""double"", ""value"": ""-1e6""}, {""key"": ""max"", ""type"": ""double"", ""value"": ""1e6""}]}",metres per second; kilometres per second; kilometres per hour,metres per second,motion/ui/ballMain; motion/ui/bodyGeneral; motion/ui/image; motion/ui/forces
Motion & Forces > Motion > Balls,Soccer ball,motion/soccer-ball,user-velocity-x,Velocity (x),double,writable-computed,,no,,,,"{""label"": """", ""values"": [{""key"": """", ""type"": ""value-map"", ""value"": ""-1e6 1e6""}, {""key"": ""min"", ""type"": ""double"", ""value"": ""-1e6""}, {""key"": ""max"", ""type"": ""double"", ""value"": ""1e6""}]}",metres per second; kilometres per second; kilometres per hour,metres per second,motion/ui/ballMain; motion/ui/bodyGeneral; motion/ui/image; motion/ui/forces
Motion & Forces > Motion > Balls,Soccer ball,motion/soccer-ball,user-velocity-y,Velocity (y),double,writable-computed,,no,,,,"{""label"": """", ""values"": [{""key"": """", ""type"": ""value-map"", ""value"": ""-1e6 1e6""}, {""key"": ""min"", ""type"": ""double"", ""value"": ""-1e6""}, {""key"": ""max"", ""type"": ""double"", ""value"": ""1e6""}]}",metres per second; kilometres per second; kilometres per hour,metres per second,motion/ui/ballMain; motion/ui/bodyGeneral; motion/ui/image; motion/ui/forces
Motion & Forces > Motion > Balls,Soccer ball,motion/soccer-ball,user-force,Driving force (magnitude),double,,,no,,,,,newton; kilonewton,newton,motion/ui/ballMain; motion/ui/bodyGeneral; motion/ui/image; motion/ui/forces
Motion & Forces > Motion > Balls,Soccer ball,motion/soccer-ball,user-force-x,Driving force (x),double,writable-computed,,no,,,,,newton; kilonewton,newton,motion/ui/ballMain; motion/ui/bodyGeneral; motion/ui/image; motion/ui/forces
Motion & Forces > Motion > Balls,Soccer ball,motion/soccer-ball,user-force-y,Driving force (y),double,writable-computed,,no,,,,,newton; kilonewton,newton,motion/ui/ballMain; motion/ui/bodyGeneral; motion/ui/image; motion/ui/forces
Motion & Forces > Motion > Balls,Soccer ball,motion/soccer-ball,user-motion-pos-x,Displacement (x),double,writable-computed,,no,,,,,picometer; nanometer; micrometer; millimeter; centimeter; meter; kilometer,meter,motion/ui/ballMain; motion/ui/bodyGeneral; motion/ui/image; motion/ui/forces
Motion & Forces > Motion > Balls,Soccer ball,motion/soccer-ball,user-motion-pos-y,Displacement (y),double,writable-computed,,no,,,,,picometer; nanometer; micrometer; millimeter; centimeter; meter; kilometer,meter,motion/ui/ballMain; motion/ui/bodyGeneral; motion/ui/image; motion/ui/forces
Motion & Forces > Motion > Balls,Soccer ball,motion/soccer-ball,distance-from-origin,Distance,double,computed,,no,,,,,picometer; nanometer; micrometer; millimeter; centimeter; meter; kilometer,meter,motion/ui/ballMain; motion/ui/bodyGeneral; motion/ui/image; motion/ui/forces
Motion & Forces > Motion > Balls,Soccer ball,motion/soccer-ball,user-acc-x,Acceleration (x),double,computed,,no,,,,,,metres per second per second,motion/ui/ballMain; motion/ui/bodyGeneral; motion/ui/image; motion/ui/forces
Motion & Forces > Motion > Balls,Soccer ball,motion/soccer-ball,user-acc-y,Acceleration (y),double,computed,,no,,,,,,metres per second per second,motion/ui/ballMain; motion/ui/bodyGeneral; motion/ui/image; motion/ui/forces
Motion & Forces > Motion > Balls,Soccer ball,motion/soccer-ball,user-acc-mag,Acceleration (magnitude),double,computed,,no,,,,,,metres per second per second,motion/ui/ballMain; motion/ui/bodyGeneral; motion/ui/image; motion/ui/forces
Motion & Forces > Motion > Balls,Soccer ball,motion/soccer-ball,user-net-force-mag,Net force (translational),double,computed,,no,,,,,,newton,motion/ui/ballMain; motion/ui/bodyGeneral; motion/ui/image; motion/ui/forces
Motion & Forces > Motion > Balls,Soccer ball,motion/soccer-ball,speed,Speed,,proxy,../p[@key='user-velocity'],no,,,,,,,motion/ui/ballMain; motion/ui/bodyGeneral; motion/ui/image; motion/ui/forces
Motion & Forces > Motion > Balls,Soccer ball,motion/soccer-ball,translational-ek,Kinetic energy (translational),double,computed,,no,,,,,joule; kilojoule,joule,motion/ui/ballMain; motion/ui/bodyGeneral; motion/ui/image; motion/ui/forces
Motion & Forces > Motion > Balls,Soccer ball,motion/soccer-ball,rotational-ek,Kinetic energy (rotational),double,computed,,no,,,,,joule; kilojoule,joule,motion/ui/ballMain; motion/ui/bodyGeneral; motion/ui/image; motion/ui/forces
Motion & Forces > Motion > Balls,Soccer ball,motion/soccer-ball,total-ek,Kinetic energy (total),double,computed,,no,,,,,joule; kilojoule,joule,motion/ui/ballMain; motion/ui/bodyGeneral; motion/ui/image; motion/ui/forces
Motion & Forces > Motion > Balls,Soccer ball,motion/soccer-ball,gravitational-ep,Gravitational potential energy,double,computed,,no,,,,,joule; kilojoule,joule,motion/ui/ballMain; motion/ui/bodyGeneral; motion/ui/image; motion/ui/forces
Motion & Forces > Motion > Balls,Soccer ball,motion/soccer-ball,momentum-x,Momentum (x),double,computed,,no,,,,,,kilogram metres per second,motion/ui/ballMain; motion/ui/bodyGeneral; motion/ui/image; motion/ui/forces
Motion & Forces > Motion > Balls,Soccer ball,motion/soccer-ball,momentum-y,Momentum (y),double,computed,,no,,,,,,kilogram metres per second,motion/ui/ballMain; motion/ui/bodyGeneral; motion/ui/image; motion/ui/forces
Motion & Forces > Motion > Balls,Soccer ball,motion/soccer-ball,density,Density,double,computed,,no,,,,"{""label"": """", ""values"": [{""key"": """", ""type"": ""value-map"", ""value"": ""0""}, {""key"": ""min"", ""type"": ""double"", ""value"": ""0""}]}",grams per cubic centimetre; kilograms per cubic metre,kilograms per cubic metre,motion/ui/ballMain; motion/ui/bodyGeneral; motion/ui/image; motion/ui/forces
Motion & Forces > Motion > Balls,Soccer ball,motion/soccer-ball,volume,Volume,double,computed,,no,,,,"{""label"": """", ""values"": [{""key"": """", ""type"": ""value-map"", ""value"": ""0""}, {""key"": ""min"", ""type"": ""double"", ""value"": ""0""}]}",cm3; m3,cm3,motion/ui/ballMain; motion/ui/bodyGeneral; motion/ui/image; motion/ui/forces
Motion & Forces > Motion > Balls,Soccer ball,motion/soccer-ball,forces-shown,Force shown,bool,,,yes,ObserverCheckBox,Show forces,,,,,motion/ui/ballMain; motion/ui/bodyGeneral; motion/ui/image; motion/ui/forces
Motion & Forces > Motion > Balls,Soccer ball,motion/soccer-ball,force-labels-shown,Force labels shown,bool,,,yes,ObserverComboBox,,,,,,motion/ui/ballMain; motion/ui/bodyGeneral; motion/ui/image; motion/ui/forces
Motion & Forces > Motion > Balls,Soccer ball,motion/soccer-ball,gravity-force-shown,Weight shown,bool,,,yes,ObserverCheckBox,Weight,,,,,motion/ui/ballMain; motion/ui/bodyGeneral; motion/ui/image; motion/ui/forces
Motion & Forces > Motion > Balls,Soccer ball,motion/soccer-ball,resolved-gravity-force-shown,Resolved weight shown,bool,,,yes,ObserverCheckBox,Weight (resolved),,,,,motion/ui/ballMain; motion/ui/bodyGeneral; motion/ui/image; motion/ui/forces
Motion & Forces > Motion > Balls,Soccer ball,motion/soccer-ball,net-force-shown,Net force shown,bool,,,yes,ObserverCheckBox,Net force,,,,,motion/ui/ballMain; motion/ui/bodyGeneral; motion/ui/image; motion/ui/forces
Motion & Forces > Motion > Balls,Soccer ball,motion/soccer-ball,constant-force-shown,Driving force shown,bool,,,yes,ObserverCheckBox,Driving force,,,,,motion/ui/ballMain; motion/ui/bodyGeneral; motion/ui/image; motion/ui/forces
Motion & Forces > Motion > Balls,Soccer ball,motion/soccer-ball,friction-force-shown,Friction force shown,bool,,,yes,ObserverCheckBox,Friction,,,,,motion/ui/ballMain; motion/ui/bodyGeneral; motion/ui/image; motion/ui/forces
Motion & Forces > Motion > Balls,Soccer ball,motion/soccer-ball,contact-force-shown,Contact force shown,bool,,,yes,ObserverCheckBox,Contact,,,,,motion/ui/ballMain; motion/ui/bodyGeneral; motion/ui/image; motion/ui/forces
Motion & Forces > Motion > Balls,Soccer ball,motion/soccer-ball,tension-force-shown,Tension force shown,bool,,,yes,ObserverCheckBox,Tension,,,,,motion/ui/ballMain; motion/ui/bodyGeneral; motion/ui/image; motion/ui/forces
Motion & Forces > Motion > Balls,Soccer ball,motion/soccer-ball,drag-force-shown,Drag force shown,bool,,,yes,ObserverCheckBox,Drag force,,,,,motion/ui/ballMain; motion/ui/bodyGeneral; motion/ui/image; motion/ui/forces
Motion & Forces > Motion > Balls,Soccer ball,motion/soccer-ball,buoyancy-force-shown,Buoyancy force shown,bool,,,yes,ObserverCheckBox,Buoyancy force,,,,,motion/ui/ballMain; motion/ui/bodyGeneral; motion/ui/image; motion/ui/forces
Motion & Forces > Motion > Balls,Soccer ball,motion/soccer-ball,material,,,,,yes,ObserverComboBox,,,,,,motion/ui/ballMain; motion/ui/bodyGeneral; motion/ui/image; motion/ui/forces
Motion & Forces > Motion > Balls,Soccer ball,motion/soccer-ball,static-friction,,,,1.6,yes,ObserverSpinBox,,,,,,motion/ui/ballMain; motion/ui/bodyGeneral; motion/ui/image; motion/ui/forces
Motion & Forces > Motion > Balls,Soccer ball,motion/soccer-ball,dynamic-friction,,,,1,yes,ObserverSpinBox,,,,,,motion/ui/ballMain; motion/ui/bodyGeneral; motion/ui/image; motion/ui/forces
Motion & Forces > Motion > Balls,Soccer ball,motion/soccer-ball,coefficient-of-restitution,,,,0.8,yes,ObserverSpinBox,,,,,,motion/ui/ballMain; motion/ui/bodyGeneral; motion/ui/image; motion/ui/forces
Motion & Forces > Motion > Balls,Soccer ball,motion/soccer-ball,control-mode,Control mode,string,,Velocity,yes,ObserverComboBox,,,"{""label"": ""set-validator"", ""values"": [{""key"": """", ""type"": ""string-array"", ""value"": ""Velocity Force""}, {""key"": """", ""type"": ""string"", ""value"": ""Velocity""}, {""key"": """", ""type"": ""string"", ""value"": ""Force""}]}",,,motion/ui/ballMain; motion/ui/bodyGeneral; motion/ui/image; motion/ui/forces
Motion & Forces > Motion > Balls,Soccer ball,motion/soccer-ball,part-id-prefix,,,,,no,,,,,,,motion/ui/ballMain; motion/ui/bodyGeneral; motion/ui/image; motion/ui/forces
Motion & Forces > Motion > Balls,Soccer ball,motion/soccer-ball,radius,,,,0.11,yes,ObserverSpinBox; UnitChooser,,,,,,motion/ui/ballMain; motion/ui/bodyGeneral; motion/ui/image; motion/ui/forces
Motion & Forces > Motion > Balls,Soccer ball,motion/soccer-ball,user-mass,Mass,,proxy,../p[@key='own-mass'],yes,ObserverSpinBox; UnitChooser,,,,,,motion/ui/ballMain; motion/ui/bodyGeneral; motion/ui/image; motion/ui/forces
Motion & Forces > Motion > Balls,Soccer ball,motion/soccer-ball,image,,,,motion/images/balls/football,yes,ResourceDropdown,,,,,,motion/ui/ballMain; motion/ui/bodyGeneral; motion/ui/image; motion/ui/forces
Motion & Forces > Motion > Balls,Basketball,motion/basketball,moment-of-inertia,Moment of inertia,double,computed,,no,,,,,gram metres squared; kilogram metres squared,kilogram metres squared,motion/ui/ballMain; motion/ui/bodyGeneral; motion/ui/image; motion/ui/forces
Motion & Forces > Motion > Balls,Basketball,motion/basketball,own-mass,,,,0.5,no,,,,,,,motion/ui/ballMain; motion/ui/bodyGeneral; motion/ui/image; motion/ui/forces
Motion & Forces > Motion > Balls,Basketball,motion/basketball,user-ang,Angle of rotation,,"proxy,readonly",../p[@key='ang'],no,,,,,,,motion/ui/ballMain; motion/ui/bodyGeneral; motion/ui/image; motion/ui/forces
Motion & Forces > Motion > Balls,Basketball,motion/basketball,user-angvel,Angular velocity,,"proxy,readonly",../p[@key='angvel'],no,,,,,,,motion/ui/ballMain; motion/ui/bodyGeneral; motion/ui/image; motion/ui/forces
Motion & Forces > Motion > Balls,Basketball,motion/basketball,user-angacc,Angular acceleration,double,computed,,no,,,,,,,motion/ui/ballMain; motion/ui/bodyGeneral; motion/ui/image; motion/ui/forces
Motion & Forces > Motion > Balls,Basketball,motion/basketball,user-torque,Torque,double,computed,,no,,,,,newton metre,newton metre,motion/ui/ballMain; motion/ui/bodyGeneral; motion/ui/image; motion/ui/forces
Motion & Forces > Motion > Balls,Basketball,motion/basketball,weight,Weight,double,computed,,no,,,,,newton; kilonewton,newton,motion/ui/ballMain; motion/ui/bodyGeneral; motion/ui/image; motion/ui/forces
Motion & Forces > Motion > Balls,Basketball,motion/basketball,drag-coefficient,,,,0.5,yes,ObserverSpinBox,,,,,,motion/ui/ballMain; motion/ui/bodyGeneral; motion/ui/image; motion/ui/forces
Motion & Forces > Motion > Balls,Basketball,motion/basketball,user-velocity,Velocity (magnitude),double,writable-computed,,no,,,,"{""label"": """", ""values"": [{""key"": """", ""type"": ""value-map"", ""value"": ""-1e6 1e6""}, {""key"": ""min"", ""type"": ""double"", ""value"": ""-1e6""}, {""key"": ""max"", ""type"": ""double"", ""value"": ""1e6""}]}",metres per second; kilometres per second; kilometres per hour,metres per second,motion/ui/ballMain; motion/ui/bodyGeneral; motion/ui/image; motion/ui/forces
Motion & Forces > Motion > Balls,Basketball,motion/basketball,user-velocity-x,Velocity (x),double,writable-computed,,no,,,,"{""label"": """", ""values"": [{""key"": """", ""type"": ""value-map"", ""value"": ""-1e6 1e6""}, {""key"": ""min"", ""type"": ""double"", ""value"": ""-1e6""}, {""key"": ""max"", ""type"": ""double"", ""value"": ""1e6""}]}",metres per second; kilometres per second; kilometres per hour,metres per second,motion/ui/ballMain; motion/ui/bodyGeneral; motion/ui/image; motion/ui/forces
Motion & Forces > Motion > Balls,Basketball,motion/basketball,user-velocity-y,Velocity (y),double,writable-computed,,no,,,,"{""label"": """", ""values"": [{""key"": """", ""type"": ""value-map"", ""value"": ""-1e6 1e6""}, {""key"": ""min"", ""type"": ""double"", ""value"": ""-1e6""}, {""key"": ""max"", ""type"": ""double"", ""value"": ""1e6""}]}",metres per second; kilometres per second; kilometres per hour,metres per second,motion/ui/ballMain; motion/ui/bodyGeneral; motion/ui/image; motion/ui/forces
Motion & Forces > Motion > Balls,Basketball,motion/basketball,user-force,Driving force (magnitude),double,,,no,,,,,newton; kilonewton,newton,motion/ui/ballMain; motion/ui/bodyGeneral; motion/ui/image; motion/ui/forces
Motion & Forces > Motion > Balls,Basketball,motion/basketball,user-force-x,Driving force (x),double,writable-computed,,no,,,,,newton; kilonewton,newton,motion/ui/ballMain; motion/ui/bodyGeneral; motion/ui/image; motion/ui/forces
Motion & Forces > Motion > Balls,Basketball,motion/basketball,user-force-y,Driving force (y),double,writable-computed,,no,,,,,newton; kilonewton,newton,motion/ui/ballMain; motion/ui/bodyGeneral; motion/ui/image; motion/ui/forces
Motion & Forces > Motion > Balls,Basketball,motion/basketball,user-motion-pos-x,Displacement (x),double,writable-computed,,no,,,,,picometer; nanometer; micrometer; millimeter; centimeter; meter; kilometer,meter,motion/ui/ballMain; motion/ui/bodyGeneral; motion/ui/image; motion/ui/forces
Motion & Forces > Motion > Balls,Basketball,motion/basketball,user-motion-pos-y,Displacement (y),double,writable-computed,,no,,,,,picometer; nanometer; micrometer; millimeter; centimeter; meter; kilometer,meter,motion/ui/ballMain; motion/ui/bodyGeneral; motion/ui/image; motion/ui/forces
Motion & Forces > Motion > Balls,Basketball,motion/basketball,distance-from-origin,Distance,double,computed,,no,,,,,picometer; nanometer; micrometer; millimeter; centimeter; meter; kilometer,meter,motion/ui/ballMain; motion/ui/bodyGeneral; motion/ui/image; motion/ui/forces
Motion & Forces > Motion > Balls,Basketball,motion/basketball,user-acc-x,Acceleration (x),double,computed,,no,,,,,,metres per second per second,motion/ui/ballMain; motion/ui/bodyGeneral; motion/ui/image; motion/ui/forces
Motion & Forces > Motion > Balls,Basketball,motion/basketball,user-acc-y,Acceleration (y),double,computed,,no,,,,,,metres per second per second,motion/ui/ballMain; motion/ui/bodyGeneral; motion/ui/image; motion/ui/forces
Motion & Forces > Motion > Balls,Basketball,motion/basketball,user-acc-mag,Acceleration (magnitude),double,computed,,no,,,,,,metres per second per second,motion/ui/ballMain; motion/ui/bodyGeneral; motion/ui/image; motion/ui/forces
Motion & Forces > Motion > Balls,Basketball,motion/basketball,user-net-force-mag,Net force (translational),double,computed,,no,,,,,,newton,motion/ui/ballMain; motion/ui/bodyGeneral; motion/ui/image; motion/ui/forces
Motion & Forces > Motion > Balls,Basketball,motion/basketball,speed,Speed,,proxy,../p[@key='user-velocity'],no,,,,,,,motion/ui/ballMain; motion/ui/bodyGeneral; motion/ui/image; motion/ui/forces
Motion & Forces > Motion > Balls,Basketball,motion/basketball,translational-ek,Kinetic energy (translational),double,computed,,no,,,,,joule; kilojoule,joule,motion/ui/ballMain; motion/ui/bodyGeneral; motion/ui/image; motion/ui/forces
Motion & Forces > Motion > Balls,Basketball,motion/basketball,rotational-ek,Kinetic energy (rotational),double,computed,,no,,,,,joule; kilojoule,joule,motion/ui/ballMain; motion/ui/bodyGeneral; motion/ui/image; motion/ui/forces
Motion & Forces > Motion > Balls,Basketball,motion/basketball,total-ek,Kinetic energy (total),double,computed,,no,,,,,joule; kilojoule,joule,motion/ui/ballMain; motion/ui/bodyGeneral; motion/ui/image; motion/ui/forces
Motion & Forces > Motion > Balls,Basketball,motion/basketball,gravitational-ep,Gravitational potential energy,double,computed,,no,,,,,joule; kilojoule,joule,motion/ui/ballMain; motion/ui/bodyGeneral; motion/ui/image; motion/ui/forces
Motion & Forces > Motion > Balls,Basketball,motion/basketball,momentum-x,Momentum (x),double,computed,,no,,,,,,kilogram metres per second,motion/ui/ballMain; motion/ui/bodyGeneral; motion/ui/image; motion/ui/forces
Motion & Forces > Motion > Balls,Basketball,motion/basketball,momentum-y,Momentum (y),double,computed,,no,,,,,,kilogram metres per second,motion/ui/ballMain; motion/ui/bodyGeneral; motion/ui/image; motion/ui/forces
Motion & Forces > Motion > Balls,Basketball,motion/basketball,density,Density,double,computed,,no,,,,"{""label"": """", ""values"": [{""key"": """", ""type"": ""value-map"", ""value"": ""0""}, {""key"": ""min"", ""type"": ""double"", ""value"": ""0""}]}",grams per cubic centimetre; kilograms per cubic metre,kilograms per cubic metre,motion/ui/ballMain; motion/ui/bodyGeneral; motion/ui/image; motion/ui/forces
Motion & Forces > Motion > Balls,Basketball,motion/basketball,volume,Volume,double,computed,,no,,,,"{""label"": """", ""values"": [{""key"": """", ""type"": ""value-map"", ""value"": ""0""}, {""key"": ""min"", ""type"": ""double"", ""value"": ""0""}]}",cm3; m3,cm3,motion/ui/ballMain; motion/ui/bodyGeneral; motion/ui/image; motion/ui/forces
Motion & Forces > Motion > Balls,Basketball,motion/basketball,forces-shown,Force shown,bool,,,yes,ObserverCheckBox,Show forces,,,,,motion/ui/ballMain; motion/ui/bodyGeneral; motion/ui/image; motion/ui/forces
Motion & Forces > Motion > Balls,Basketball,motion/basketball,force-labels-shown,Force labels shown,bool,,,yes,ObserverComboBox,,,,,,motion/ui/ballMain; motion/ui/bodyGeneral; motion/ui/image; motion/ui/forces
Motion & Forces > Motion > Balls,Basketball,motion/basketball,gravity-force-shown,Weight shown,bool,,,yes,ObserverCheckBox,Weight,,,,,motion/ui/ballMain; motion/ui/bodyGeneral; motion/ui/image; motion/ui/forces
Motion & Forces > Motion > Balls,Basketball,motion/basketball,resolved-gravity-force-shown,Resolved weight shown,bool,,,yes,ObserverCheckBox,Weight (resolved),,,,,motion/ui/ballMain; motion/ui/bodyGeneral; motion/ui/image; motion/ui/forces
Motion & Forces > Motion > Balls,Basketball,motion/basketball,net-force-shown,Net force shown,bool,,,yes,ObserverCheckBox,Net force,,,,,motion/ui/ballMain; motion/ui/bodyGeneral; motion/ui/image; motion/ui/forces
Motion & Forces > Motion > Balls,Basketball,motion/basketball,constant-force-shown,Driving force shown,bool,,,yes,ObserverCheckBox,Driving force,,,,,motion/ui/ballMain; motion/ui/bodyGeneral; motion/ui/image; motion/ui/forces
Motion & Forces > Motion > Balls,Basketball,motion/basketball,friction-force-shown,Friction force shown,bool,,,yes,ObserverCheckBox,Friction,,,,,motion/ui/ballMain; motion/ui/bodyGeneral; motion/ui/image; motion/ui/forces
Motion & Forces > Motion > Balls,Basketball,motion/basketball,contact-force-shown,Contact force shown,bool,,,yes,ObserverCheckBox,Contact,,,,,motion/ui/ballMain; motion/ui/bodyGeneral; motion/ui/image; motion/ui/forces
Motion & Forces > Motion > Balls,Basketball,motion/basketball,tension-force-shown,Tension force shown,bool,,,yes,ObserverCheckBox,Tension,,,,,motion/ui/ballMain; motion/ui/bodyGeneral; motion/ui/image; motion/ui/forces
Motion & Forces > Motion > Balls,Basketball,motion/basketball,drag-force-shown,Drag force shown,bool,,,yes,ObserverCheckBox,Drag force,,,,,motion/ui/ballMain; motion/ui/bodyGeneral; motion/ui/image; motion/ui/forces
Motion & Forces > Motion > Balls,Basketball,motion/basketball,buoyancy-force-shown,Buoyancy force shown,bool,,,yes,ObserverCheckBox,Buoyancy force,,,,,motion/ui/ballMain; motion/ui/bodyGeneral; motion/ui/image; motion/ui/forces
Motion & Forces > Motion > Balls,Basketball,motion/basketball,material,,,,,yes,ObserverComboBox,,,,,,motion/ui/ballMain; motion/ui/bodyGeneral; motion/ui/image; motion/ui/forces
Motion & Forces > Motion > Balls,Basketball,motion/basketball,static-friction,,,,1.6,yes,ObserverSpinBox,,,,,,motion/ui/ballMain; motion/ui/bodyGeneral; motion/ui/image; motion/ui/forces
Motion & Forces > Motion > Balls,Basketball,motion/basketball,dynamic-friction,,,,1,yes,ObserverSpinBox,,,,,,motion/ui/ballMain; motion/ui/bodyGeneral; motion/ui/image; motion/ui/forces
Motion & Forces > Motion > Balls,Basketball,motion/basketball,coefficient-of-restitution,,,,0.85,yes,ObserverSpinBox,,,,,,motion/ui/ballMain; motion/ui/bodyGeneral; motion/ui/image; motion/ui/forces
Motion & Forces > Motion > Balls,Basketball,motion/basketball,control-mode,Control mode,string,,Velocity,yes,ObserverComboBox,,,"{""label"": ""set-validator"", ""values"": [{""key"": """", ""type"": ""string-array"", ""value"": ""Velocity Force""}, {""key"": """", ""type"": ""string"", ""value"": ""Velocity""}, {""key"": """", ""type"": ""string"", ""value"": ""Force""}]}",,,motion/ui/ballMain; motion/ui/bodyGeneral; motion/ui/image; motion/ui/forces
Motion & Forces > Motion > Balls,Basketball,motion/basketball,part-id-prefix,,,,,no,,,,,,,motion/ui/ballMain; motion/ui/bodyGeneral; motion/ui/image; motion/ui/forces
Motion & Forces > Motion > Balls,Basketball,motion/basketball,radius,,,,0.12,yes,ObserverSpinBox; UnitChooser,,,,,,motion/ui/ballMain; motion/ui/bodyGeneral; motion/ui/image; motion/ui/forces
Motion & Forces > Motion > Balls,Basketball,motion/basketball,user-mass,Mass,,proxy,../p[@key='own-mass'],yes,ObserverSpinBox; UnitChooser,,,,,,motion/ui/ballMain; motion/ui/bodyGeneral; motion/ui/image; motion/ui/forces
Motion & Forces > Motion > Balls,Basketball,motion/basketball,image,,,,motion/images/balls/basketball,yes,ResourceDropdown,,,,,,motion/ui/ballMain; motion/ui/bodyGeneral; motion/ui/image; motion/ui/forces
Motion & Forces > Motion > Balls,Cricket ball,motion/cricket-ball,moment-of-inertia,Moment of inertia,double,computed,,no,,,,,gram metres squared; kilogram metres squared,kilogram metres squared,motion/ui/ballMain; motion/ui/bodyGeneral; motion/ui/image; motion/ui/forces
Motion & Forces > Motion > Balls,Cricket ball,motion/cricket-ball,own-mass,,,,0.163,no,,,,,,,motion/ui/ballMain; motion/ui/bodyGeneral; motion/ui/image; motion/ui/forces
Motion & Forces > Motion > Balls,Cricket ball,motion/cricket-ball,user-ang,Angle of rotation,,"proxy,readonly",../p[@key='ang'],no,,,,,,,motion/ui/ballMain; motion/ui/bodyGeneral; motion/ui/image; motion/ui/forces
Motion & Forces > Motion > Balls,Cricket ball,motion/cricket-ball,user-angvel,Angular velocity,,"proxy,readonly",../p[@key='angvel'],no,,,,,,,motion/ui/ballMain; motion/ui/bodyGeneral; motion/ui/image; motion/ui/forces
Motion & Forces > Motion > Balls,Cricket ball,motion/cricket-ball,user-angacc,Angular acceleration,double,computed,,no,,,,,,,motion/ui/ballMain; motion/ui/bodyGeneral; motion/ui/image; motion/ui/forces
Motion & Forces > Motion > Balls,Cricket ball,motion/cricket-ball,user-torque,Torque,double,computed,,no,,,,,newton metre,newton metre,motion/ui/ballMain; motion/ui/bodyGeneral; motion/ui/image; motion/ui/forces
Motion & Forces > Motion > Balls,Cricket ball,motion/cricket-ball,weight,Weight,double,computed,,no,,,,,newton; kilonewton,newton,motion/ui/ballMain; motion/ui/bodyGeneral; motion/ui/image; motion/ui/forces
Motion & Forces > Motion > Balls,Cricket ball,motion/cricket-ball,drag-coefficient,,,,0.5,yes,ObserverSpinBox,,,,,,motion/ui/ballMain; motion/ui/bodyGeneral; motion/ui/image; motion/ui/forces
Motion & Forces > Motion > Balls,Cricket ball,motion/cricket-ball,user-velocity,Velocity (magnitude),double,writable-computed,,no,,,,"{""label"": """", ""values"": [{""key"": """", ""type"": ""value-map"", ""value"": ""-1e6 1e6""}, {""key"": ""min"", ""type"": ""double"", ""value"": ""-1e6""}, {""key"": ""max"", ""type"": ""double"", ""value"": ""1e6""}]}",metres per second; kilometres per second; kilometres per hour,metres per second,motion/ui/ballMain; motion/ui/bodyGeneral; motion/ui/image; motion/ui/forces
Motion & Forces > Motion > Balls,Cricket ball,motion/cricket-ball,user-velocity-x,Velocity (x),double,writable-computed,,no,,,,"{""label"": """", ""values"": [{""key"": """", ""type"": ""value-map"", ""value"": ""-1e6 1e6""}, {""key"": ""min"", ""type"": ""double"", ""value"": ""-1e6""}, {""key"": ""max"", ""type"": ""double"", ""value"": ""1e6""}]}",metres per second; kilometres per second; kilometres per hour,metres per second,motion/ui/ballMain; motion/ui/bodyGeneral; motion/ui/image; motion/ui/forces
Motion & Forces > Motion > Balls,Cricket ball,motion/cricket-ball,user-velocity-y,Velocity (y),double,writable-computed,,no,,,,"{""label"": """", ""values"": [{""key"": """", ""type"": ""value-map"", ""value"": ""-1e6 1e6""}, {""key"": ""min"", ""type"": ""double"", ""value"": ""-1e6""}, {""key"": ""max"", ""type"": ""double"", ""value"": ""1e6""}]}",metres per second; kilometres per second; kilometres per hour,metres per second,motion/ui/ballMain; motion/ui/bodyGeneral; motion/ui/image; motion/ui/forces
Motion & Forces > Motion > Balls,Cricket ball,motion/cricket-ball,user-force,Driving force (magnitude),double,,,no,,,,,newton; kilonewton,newton,motion/ui/ballMain; motion/ui/bodyGeneral; motion/ui/image; motion/ui/forces
Motion & Forces > Motion > Balls,Cricket ball,motion/cricket-ball,user-force-x,Driving force (x),double,writable-computed,,no,,,,,newton; kilonewton,newton,motion/ui/ballMain; motion/ui/bodyGeneral; motion/ui/image; motion/ui/forces
Motion & Forces > Motion > Balls,Cricket ball,motion/cricket-ball,user-force-y,Driving force (y),double,writable-computed,,no,,,,,newton; kilonewton,newton,motion/ui/ballMain; motion/ui/bodyGeneral; motion/ui/image; motion/ui/forces
Motion & Forces > Motion > Balls,Cricket ball,motion/cricket-ball,user-motion-pos-x,Displacement (x),double,writable-computed,,no,,,,,picometer; nanometer; micrometer; millimeter; centimeter; meter; kilometer,meter,motion/ui/ballMain; motion/ui/bodyGeneral; motion/ui/image; motion/ui/forces
Motion & Forces > Motion > Balls,Cricket ball,motion/cricket-ball,user-motion-pos-y,Displacement (y),double,writable-computed,,no,,,,,picometer; nanometer; micrometer; millimeter; centimeter; meter; kilometer,meter,motion/ui/ballMain; motion/ui/bodyGeneral; motion/ui/image; motion/ui/forces
Motion & Forces > Motion > Balls,Cricket ball,motion/cricket-ball,distance-from-origin,Distance,double,computed,,no,,,,,picometer; nanometer; micrometer; millimeter; centimeter; meter; kilometer,meter,motion/ui/ballMain; motion/ui/bodyGeneral; motion/ui/image; motion/ui/forces
Motion & Forces > Motion > Balls,Cricket ball,motion/cricket-ball,user-acc-x,Acceleration (x),double,computed,,no,,,,,,metres per second per second,motion/ui/ballMain; motion/ui/bodyGeneral; motion/ui/image; motion/ui/forces
Motion & Forces > Motion > Balls,Cricket ball,motion/cricket-ball,user-acc-y,Acceleration (y),double,computed,,no,,,,,,metres per second per second,motion/ui/ballMain; motion/ui/bodyGeneral; motion/ui/image; motion/ui/forces
Motion & Forces > Motion > Balls,Cricket ball,motion/cricket-ball,user-acc-mag,Acceleration (magnitude),double,computed,,no,,,,,,metres per second per second,motion/ui/ballMain; motion/ui/bodyGeneral; motion/ui/image; motion/ui/forces
Motion & Forces > Motion > Balls,Cricket ball,motion/cricket-ball,user-net-force-mag,Net force (translational),double,computed,,no,,,,,,newton,motion/ui/ballMain; motion/ui/bodyGeneral; motion/ui/image; motion/ui/forces
Motion & Forces > Motion > Balls,Cricket ball,motion/cricket-ball,speed,Speed,,proxy,../p[@key='user-velocity'],no,,,,,,,motion/ui/ballMain; motion/ui/bodyGeneral; motion/ui/image; motion/ui/forces
Motion & Forces > Motion > Balls,Cricket ball,motion/cricket-ball,translational-ek,Kinetic energy (translational),double,computed,,no,,,,,joule; kilojoule,joule,motion/ui/ballMain; motion/ui/bodyGeneral; motion/ui/image; motion/ui/forces
Motion & Forces > Motion > Balls,Cricket ball,motion/cricket-ball,rotational-ek,Kinetic energy (rotational),double,computed,,no,,,,,joule; kilojoule,joule,motion/ui/ballMain; motion/ui/bodyGeneral; motion/ui/image; motion/ui/forces
Motion & Forces > Motion > Balls,Cricket ball,motion/cricket-ball,total-ek,Kinetic energy (total),double,computed,,no,,,,,joule; kilojoule,joule,motion/ui/ballMain; motion/ui/bodyGeneral; motion/ui/image; motion/ui/forces
Motion & Forces > Motion > Balls,Cricket ball,motion/cricket-ball,gravitational-ep,Gravitational potential energy,double,computed,,no,,,,,joule; kilojoule,joule,motion/ui/ballMain; motion/ui/bodyGeneral; motion/ui/image; motion/ui/forces
Motion & Forces > Motion > Balls,Cricket ball,motion/cricket-ball,momentum-x,Momentum (x),double,computed,,no,,,,,,kilogram metres per second,motion/ui/ballMain; motion/ui/bodyGeneral; motion/ui/image; motion/ui/forces
Motion & Forces > Motion > Balls,Cricket ball,motion/cricket-ball,momentum-y,Momentum (y),double,computed,,no,,,,,,kilogram metres per second,motion/ui/ballMain; motion/ui/bodyGeneral; motion/ui/image; motion/ui/forces
Motion & Forces > Motion > Balls,Cricket ball,motion/cricket-ball,density,Density,double,computed,,no,,,,"{""label"": """", ""values"": [{""key"": """", ""type"": ""value-map"", ""value"": ""0""}, {""key"": ""min"", ""type"": ""double"", ""value"": ""0""}]}",grams per cubic centimetre; kilograms per cubic metre,kilograms per cubic metre,motion/ui/ballMain; motion/ui/bodyGeneral; motion/ui/image; motion/ui/forces
Motion & Forces > Motion > Balls,Cricket ball,motion/cricket-ball,volume,Volume,double,computed,,no,,,,"{""label"": """", ""values"": [{""key"": """", ""type"": ""value-map"", ""value"": ""0""}, {""key"": ""min"", ""type"": ""double"", ""value"": ""0""}]}",cm3; m3,cm3,motion/ui/ballMain; motion/ui/bodyGeneral; motion/ui/image; motion/ui/forces
Motion & Forces > Motion > Balls,Cricket ball,motion/cricket-ball,forces-shown,Force shown,bool,,,yes,ObserverCheckBox,Show forces,,,,,motion/ui/ballMain; motion/ui/bodyGeneral; motion/ui/image; motion/ui/forces
Motion & Forces > Motion > Balls,Cricket ball,motion/cricket-ball,force-labels-shown,Force labels shown,bool,,,yes,ObserverComboBox,,,,,,motion/ui/ballMain; motion/ui/bodyGeneral; motion/ui/image; motion/ui/forces
Motion & Forces > Motion > Balls,Cricket ball,motion/cricket-ball,gravity-force-shown,Weight shown,bool,,,yes,ObserverCheckBox,Weight,,,,,motion/ui/ballMain; motion/ui/bodyGeneral; motion/ui/image; motion/ui/forces
Motion & Forces > Motion > Balls,Cricket ball,motion/cricket-ball,resolved-gravity-force-shown,Resolved weight shown,bool,,,yes,ObserverCheckBox,Weight (resolved),,,,,motion/ui/ballMain; motion/ui/bodyGeneral; motion/ui/image; motion/ui/forces
Motion & Forces > Motion > Balls,Cricket ball,motion/cricket-ball,net-force-shown,Net force shown,bool,,,yes,ObserverCheckBox,Net force,,,,,motion/ui/ballMain; motion/ui/bodyGeneral; motion/ui/image; motion/ui/forces
Motion & Forces > Motion > Balls,Cricket ball,motion/cricket-ball,constant-force-shown,Driving force shown,bool,,,yes,ObserverCheckBox,Driving force,,,,,motion/ui/ballMain; motion/ui/bodyGeneral; motion/ui/image; motion/ui/forces
Motion & Forces > Motion > Balls,Cricket ball,motion/cricket-ball,friction-force-shown,Friction force shown,bool,,,yes,ObserverCheckBox,Friction,,,,,motion/ui/ballMain; motion/ui/bodyGeneral; motion/ui/image; motion/ui/forces
Motion & Forces > Motion > Balls,Cricket ball,motion/cricket-ball,contact-force-shown,Contact force shown,bool,,,yes,ObserverCheckBox,Contact,,,,,motion/ui/ballMain; motion/ui/bodyGeneral; motion/ui/image; motion/ui/forces
Motion & Forces > Motion > Balls,Cricket ball,motion/cricket-ball,tension-force-shown,Tension force shown,bool,,,yes,ObserverCheckBox,Tension,,,,,motion/ui/ballMain; motion/ui/bodyGeneral; motion/ui/image; motion/ui/forces
Motion & Forces > Motion > Balls,Cricket ball,motion/cricket-ball,drag-force-shown,Drag force shown,bool,,,yes,ObserverCheckBox,Drag force,,,,,motion/ui/ballMain; motion/ui/bodyGeneral; motion/ui/image; motion/ui/forces
Motion & Forces > Motion > Balls,Cricket ball,motion/cricket-ball,buoyancy-force-shown,Buoyancy force shown,bool,,,yes,ObserverCheckBox,Buoyancy force,,,,,motion/ui/ballMain; motion/ui/bodyGeneral; motion/ui/image; motion/ui/forces
Motion & Forces > Motion > Balls,Cricket ball,motion/cricket-ball,material,,,,,yes,ObserverComboBox,,,,,,motion/ui/ballMain; motion/ui/bodyGeneral; motion/ui/image; motion/ui/forces
Motion & Forces > Motion > Balls,Cricket ball,motion/cricket-ball,static-friction,,,,0.4,yes,ObserverSpinBox,,,,,,motion/ui/ballMain; motion/ui/bodyGeneral; motion/ui/image; motion/ui/forces
Motion & Forces > Motion > Balls,Cricket ball,motion/cricket-ball,dynamic-friction,,,,0.2,yes,ObserverSpinBox,,,,,,motion/ui/ballMain; motion/ui/bodyGeneral; motion/ui/image; motion/ui/forces
Motion & Forces > Motion > Balls,Cricket ball,motion/cricket-ball,coefficient-of-restitution,,,,0.55,yes,ObserverSpinBox,,,,,,motion/ui/ballMain; motion/ui/bodyGeneral; motion/ui/image; motion/ui/forces
Motion & Forces > Motion > Balls,Cricket ball,motion/cricket-ball,control-mode,Control mode,string,,Velocity,yes,ObserverComboBox,,,"{""label"": ""set-validator"", ""values"": [{""key"": """", ""type"": ""string-array"", ""value"": ""Velocity Force""}, {""key"": """", ""type"": ""string"", ""value"": ""Velocity""}, {""key"": """", ""type"": ""string"", ""value"": ""Force""}]}",,,motion/ui/ballMain; motion/ui/bodyGeneral; motion/ui/image; motion/ui/forces
Motion & Forces > Motion > Balls,Cricket ball,motion/cricket-ball,part-id-prefix,,,,,no,,,,,,,motion/ui/ballMain; motion/ui/bodyGeneral; motion/ui/image; motion/ui/forces
Motion & Forces > Motion > Balls,Cricket ball,motion/cricket-ball,radius,,,,0.04,yes,ObserverSpinBox; UnitChooser,,,,,,motion/ui/ballMain; motion/ui/bodyGeneral; motion/ui/image; motion/ui/forces
Motion & Forces > Motion > Balls,Cricket ball,motion/cricket-ball,user-mass,Mass,,proxy,../p[@key='own-mass'],yes,ObserverSpinBox; UnitChooser,,,,,,motion/ui/ballMain; motion/ui/bodyGeneral; motion/ui/image; motion/ui/forces
Motion & Forces > Motion > Balls,Cricket ball,motion/cricket-ball,image,,,,motion/images/balls/cricket,yes,ResourceDropdown,,,,,,motion/ui/ballMain; motion/ui/bodyGeneral; motion/ui/image; motion/ui/forces
Motion & Forces > Motion > Balls,Golf ball,motion/golf-ball,moment-of-inertia,Moment of inertia,double,computed,,no,,,,,gram metres squared; kilogram metres squared,kilogram metres squared,motion/ui/ballMain; motion/ui/bodyGeneral; motion/ui/image; motion/ui/forces
Motion & Forces > Motion > Balls,Golf ball,motion/golf-ball,own-mass,,,,0.045,no,,,,,,,motion/ui/ballMain; motion/ui/bodyGeneral; motion/ui/image; motion/ui/forces
Motion & Forces > Motion > Balls,Golf ball,motion/golf-ball,user-ang,Angle of rotation,,"proxy,readonly",../p[@key='ang'],no,,,,,,,motion/ui/ballMain; motion/ui/bodyGeneral; motion/ui/image; motion/ui/forces
Motion & Forces > Motion > Balls,Golf ball,motion/golf-ball,user-angvel,Angular velocity,,"proxy,readonly",../p[@key='angvel'],no,,,,,,,motion/ui/ballMain; motion/ui/bodyGeneral; motion/ui/image; motion/ui/forces
Motion & Forces > Motion > Balls,Golf ball,motion/golf-ball,user-angacc,Angular acceleration,double,computed,,no,,,,,,,motion/ui/ballMain; motion/ui/bodyGeneral; motion/ui/image; motion/ui/forces
Motion & Forces > Motion > Balls,Golf ball,motion/golf-ball,user-torque,Torque,double,computed,,no,,,,,newton metre,newton metre,motion/ui/ballMain; motion/ui/bodyGeneral; motion/ui/image; motion/ui/forces
Motion & Forces > Motion > Balls,Golf ball,motion/golf-ball,weight,Weight,double,computed,,no,,,,,newton; kilonewton,newton,motion/ui/ballMain; motion/ui/bodyGeneral; motion/ui/image; motion/ui/forces
Motion & Forces > Motion > Balls,Golf ball,motion/golf-ball,drag-coefficient,,,,0.4,yes,ObserverSpinBox,,,,,,motion/ui/ballMain; motion/ui/bodyGeneral; motion/ui/image; motion/ui/forces
Motion & Forces > Motion > Balls,Golf ball,motion/golf-ball,user-velocity,Velocity (magnitude),double,writable-computed,,no,,,,"{""label"": """", ""values"": [{""key"": """", ""type"": ""value-map"", ""value"": ""-1e6 1e6""}, {""key"": ""min"", ""type"": ""double"", ""value"": ""-1e6""}, {""key"": ""max"", ""type"": ""double"", ""value"": ""1e6""}]}",metres per second; kilometres per second; kilometres per hour,metres per second,motion/ui/ballMain; motion/ui/bodyGeneral; motion/ui/image; motion/ui/forces
Motion & Forces > Motion > Balls,Golf ball,motion/golf-ball,user-velocity-x,Velocity (x),double,writable-computed,,no,,,,"{""label"": """", ""values"": [{""key"": """", ""type"": ""value-map"", ""value"": ""-1e6 1e6""}, {""key"": ""min"", ""type"": ""double"", ""value"": ""-1e6""}, {""key"": ""max"", ""type"": ""double"", ""value"": ""1e6""}]}",metres per second; kilometres per second; kilometres per hour,metres per second,motion/ui/ballMain; motion/ui/bodyGeneral; motion/ui/image; motion/ui/forces
Motion & Forces > Motion > Balls,Golf ball,motion/golf-ball,user-velocity-y,Velocity (y),double,writable-computed,,no,,,,"{""label"": """", ""values"": [{""key"": """", ""type"": ""value-map"", ""value"": ""-1e6 1e6""}, {""key"": ""min"", ""type"": ""double"", ""value"": ""-1e6""}, {""key"": ""max"", ""type"": ""double"", ""value"": ""1e6""}]}",metres per second; kilometres per second; kilometres per hour,metres per second,motion/ui/ballMain; motion/ui/bodyGeneral; motion/ui/image; motion/ui/forces
Motion & Forces > Motion > Balls,Golf ball,motion/golf-ball,user-force,Driving force (magnitude),double,,,no,,,,,newton; kilonewton,newton,motion/ui/ballMain; motion/ui/bodyGeneral; motion/ui/image; motion/ui/forces
Motion & Forces > Motion > Balls,Golf ball,motion/golf-ball,user-force-x,Driving force (x),double,writable-computed,,no,,,,,newton; kilonewton,newton,motion/ui/ballMain; motion/ui/bodyGeneral; motion/ui/image; motion/ui/forces
Motion & Forces > Motion > Balls,Golf ball,motion/golf-ball,user-force-y,Driving force (y),double,writable-computed,,no,,,,,newton; kilonewton,newton,motion/ui/ballMain; motion/ui/bodyGeneral; motion/ui/image; motion/ui/forces
Motion & Forces > Motion > Balls,Golf ball,motion/golf-ball,user-motion-pos-x,Displacement (x),double,writable-computed,,no,,,,,picometer; nanometer; micrometer; millimeter; centimeter; meter; kilometer,meter,motion/ui/ballMain; motion/ui/bodyGeneral; motion/ui/image; motion/ui/forces
Motion & Forces > Motion > Balls,Golf ball,motion/golf-ball,user-motion-pos-y,Displacement (y),double,writable-computed,,no,,,,,picometer; nanometer; micrometer; millimeter; centimeter; meter; kilometer,meter,motion/ui/ballMain; motion/ui/bodyGeneral; motion/ui/image; motion/ui/forces
Motion & Forces > Motion > Balls,Golf ball,motion/golf-ball,distance-from-origin,Distance,double,computed,,no,,,,,picometer; nanometer; micrometer; millimeter; centimeter; meter; kilometer,meter,motion/ui/ballMain; motion/ui/bodyGeneral; motion/ui/image; motion/ui/forces
Motion & Forces > Motion > Balls,Golf ball,motion/golf-ball,user-acc-x,Acceleration (x),double,computed,,no,,,,,,metres per second per second,motion/ui/ballMain; motion/ui/bodyGeneral; motion/ui/image; motion/ui/forces
Motion & Forces > Motion > Balls,Golf ball,motion/golf-ball,user-acc-y,Acceleration (y),double,computed,,no,,,,,,metres per second per second,motion/ui/ballMain; motion/ui/bodyGeneral; motion/ui/image; motion/ui/forces
Motion & Forces > Motion > Balls,Golf ball,motion/golf-ball,user-acc-mag,Acceleration (magnitude),double,computed,,no,,,,,,metres per second per second,motion/ui/ballMain; motion/ui/bodyGeneral; motion/ui/image; motion/ui/forces
Motion & Forces > Motion > Balls,Golf ball,motion/golf-ball,user-net-force-mag,Net force (translational),double,computed,,no,,,,,,newton,motion/ui/ballMain; motion/ui/bodyGeneral; motion/ui/image; motion/ui/forces
Motion & Forces > Motion > Balls,Golf ball,motion/golf-ball,speed,Speed,,proxy,../p[@key='user-velocity'],no,,,,,,,motion/ui/ballMain; motion/ui/bodyGeneral; motion/ui/image; motion/ui/forces
Motion & Forces > Motion > Balls,Golf ball,motion/golf-ball,translational-ek,Kinetic energy (translational),double,computed,,no,,,,,joule; kilojoule,joule,motion/ui/ballMain; motion/ui/bodyGeneral; motion/ui/image; motion/ui/forces
Motion & Forces > Motion > Balls,Golf ball,motion/golf-ball,rotational-ek,Kinetic energy (rotational),double,computed,,no,,,,,joule; kilojoule,joule,motion/ui/ballMain; motion/ui/bodyGeneral; motion/ui/image; motion/ui/forces
Motion & Forces > Motion > Balls,Golf ball,motion/golf-ball,total-ek,Kinetic energy (total),double,computed,,no,,,,,joule; kilojoule,joule,motion/ui/ballMain; motion/ui/bodyGeneral; motion/ui/image; motion/ui/forces
Motion & Forces > Motion > Balls,Golf ball,motion/golf-ball,gravitational-ep,Gravitational potential energy,double,computed,,no,,,,,joule; kilojoule,joule,motion/ui/ballMain; motion/ui/bodyGeneral; motion/ui/image; motion/ui/forces
Motion & Forces > Motion > Balls,Golf ball,motion/golf-ball,momentum-x,Momentum (x),double,computed,,no,,,,,,kilogram metres per second,motion/ui/ballMain; motion/ui/bodyGeneral; motion/ui/image; motion/ui/forces
Motion & Forces > Motion > Balls,Golf ball,motion/golf-ball,momentum-y,Momentum (y),double,computed,,no,,,,,,kilogram metres per second,motion/ui/ballMain; motion/ui/bodyGeneral; motion/ui/image; motion/ui/forces
Motion & Forces > Motion > Balls,Golf ball,motion/golf-ball,density,Density,double,computed,,no,,,,"{""label"": """", ""values"": [{""key"": """", ""type"": ""value-map"", ""value"": ""0""}, {""key"": ""min"", ""type"": ""double"", ""value"": ""0""}]}",grams per cubic centimetre; kilograms per cubic metre,kilograms per cubic metre,motion/ui/ballMain; motion/ui/bodyGeneral; motion/ui/image; motion/ui/forces
Motion & Forces > Motion > Balls,Golf ball,motion/golf-ball,volume,Volume,double,computed,,no,,,,"{""label"": """", ""values"": [{""key"": """", ""type"": ""value-map"", ""value"": ""0""}, {""key"": ""min"", ""type"": ""double"", ""value"": ""0""}]}",cm3; m3,cm3,motion/ui/ballMain; motion/ui/bodyGeneral; motion/ui/image; motion/ui/forces
Motion & Forces > Motion > Balls,Golf ball,motion/golf-ball,forces-shown,Force shown,bool,,,yes,ObserverCheckBox,Show forces,,,,,motion/ui/ballMain; motion/ui/bodyGeneral; motion/ui/image; motion/ui/forces
Motion & Forces > Motion > Balls,Golf ball,motion/golf-ball,force-labels-shown,Force labels shown,bool,,,yes,ObserverComboBox,,,,,,motion/ui/ballMain; motion/ui/bodyGeneral; motion/ui/image; motion/ui/forces
Motion & Forces > Motion > Balls,Golf ball,motion/golf-ball,gravity-force-shown,Weight shown,bool,,,yes,ObserverCheckBox,Weight,,,,,motion/ui/ballMain; motion/ui/bodyGeneral; motion/ui/image; motion/ui/forces
Motion & Forces > Motion > Balls,Golf ball,motion/golf-ball,resolved-gravity-force-shown,Resolved weight shown,bool,,,yes,ObserverCheckBox,Weight (resolved),,,,,motion/ui/ballMain; motion/ui/bodyGeneral; motion/ui/image; motion/ui/forces
Motion & Forces > Motion > Balls,Golf ball,motion/golf-ball,net-force-shown,Net force shown,bool,,,yes,ObserverCheckBox,Net force,,,,,motion/ui/ballMain; motion/ui/bodyGeneral; motion/ui/image; motion/ui/forces
Motion & Forces > Motion > Balls,Golf ball,motion/golf-ball,constant-force-shown,Driving force shown,bool,,,yes,ObserverCheckBox,Driving force,,,,,motion/ui/ballMain; motion/ui/bodyGeneral; motion/ui/image; motion/ui/forces
Motion & Forces > Motion > Balls,Golf ball,motion/golf-ball,friction-force-shown,Friction force shown,bool,,,yes,ObserverCheckBox,Friction,,,,,motion/ui/ballMain; motion/ui/bodyGeneral; motion/ui/image; motion/ui/forces
Motion & Forces > Motion > Balls,Golf ball,motion/golf-ball,contact-force-shown,Contact force shown,bool,,,yes,ObserverCheckBox,Contact,,,,,motion/ui/ballMain; motion/ui/bodyGeneral; motion/ui/image; motion/ui/forces
Motion & Forces > Motion > Balls,Golf ball,motion/golf-ball,tension-force-shown,Tension force shown,bool,,,yes,ObserverCheckBox,Tension,,,,,motion/ui/ballMain; motion/ui/bodyGeneral; motion/ui/image; motion/ui/forces
Motion & Forces > Motion > Balls,Golf ball,motion/golf-ball,drag-force-shown,Drag force shown,bool,,,yes,ObserverCheckBox,Drag force,,,,,motion/ui/ballMain; motion/ui/bodyGeneral; motion/ui/image; motion/ui/forces
Motion & Forces > Motion > Balls,Golf ball,motion/golf-ball,buoyancy-force-shown,Buoyancy force shown,bool,,,yes,ObserverCheckBox,Buoyancy force,,,,,motion/ui/ballMain; motion/ui/bodyGeneral; motion/ui/image; motion/ui/forces
Motion & Forces > Motion > Balls,Golf ball,motion/golf-ball,material,,,,,yes,ObserverComboBox,,,,,,motion/ui/ballMain; motion/ui/bodyGeneral; motion/ui/image; motion/ui/forces
Motion & Forces > Motion > Balls,Golf ball,motion/golf-ball,static-friction,,,,0.4,yes,ObserverSpinBox,,,,,,motion/ui/ballMain; motion/ui/bodyGeneral; motion/ui/image; motion/ui/forces
Motion & Forces > Motion > Balls,Golf ball,motion/golf-ball,dynamic-friction,,,,0.2,yes,ObserverSpinBox,,,,,,motion/ui/ballMain; motion/ui/bodyGeneral; motion/ui/image; motion/ui/forces
Motion & Forces > Motion > Balls,Golf ball,motion/golf-ball,coefficient-of-restitution,,,,0.9,yes,ObserverSpinBox,,,,,,motion/ui/ballMain; motion/ui/bodyGeneral; motion/ui/image; motion/ui/forces
Motion & Forces > Motion > Balls,Golf ball,motion/golf-ball,control-mode,Control mode,string,,Velocity,yes,ObserverComboBox,,,"{""label"": ""set-validator"", ""values"": [{""key"": """", ""type"": ""string-array"", ""value"": ""Velocity Force""}, {""key"": """", ""type"": ""string"", ""value"": ""Velocity""}, {""key"": """", ""type"": ""string"", ""value"": ""Force""}]}",,,motion/ui/ballMain; motion/ui/bodyGeneral; motion/ui/image; motion/ui/forces
Motion & Forces > Motion > Balls,Golf ball,motion/golf-ball,part-id-prefix,,,,,no,,,,,,,motion/ui/ballMain; motion/ui/bodyGeneral; motion/ui/image; motion/ui/forces
Motion & Forces > Motion > Balls,Golf ball,motion/golf-ball,radius,,,,0.02,yes,ObserverSpinBox; UnitChooser,,,,,,motion/ui/ballMain; motion/ui/bodyGeneral; motion/ui/image; motion/ui/forces
Motion & Forces > Motion > Balls,Golf ball,motion/golf-ball,user-mass,Mass,,proxy,../p[@key='own-mass'],yes,ObserverSpinBox; UnitChooser,,,,,,motion/ui/ballMain; motion/ui/bodyGeneral; motion/ui/image; motion/ui/forces
Motion & Forces > Motion > Balls,Golf ball,motion/golf-ball,image,,,,motion/images/balls/golf,yes,ResourceDropdown,,,,,,motion/ui/ballMain; motion/ui/bodyGeneral; motion/ui/image; motion/ui/forces
Motion & Forces > Motion > Balls,Tennis ball,motion/tennis-ball,moment-of-inertia,Moment of inertia,double,computed,,no,,,,,gram metres squared; kilogram metres squared,kilogram metres squared,motion/ui/ballMain; motion/ui/bodyGeneral; motion/ui/image; motion/ui/forces
Motion & Forces > Motion > Balls,Tennis ball,motion/tennis-ball,own-mass,,,,0.057,no,,,,,,,motion/ui/ballMain; motion/ui/bodyGeneral; motion/ui/image; motion/ui/forces
Motion & Forces > Motion > Balls,Tennis ball,motion/tennis-ball,user-ang,Angle of rotation,,"proxy,readonly",../p[@key='ang'],no,,,,,,,motion/ui/ballMain; motion/ui/bodyGeneral; motion/ui/image; motion/ui/forces
Motion & Forces > Motion > Balls,Tennis ball,motion/tennis-ball,user-angvel,Angular velocity,,"proxy,readonly",../p[@key='angvel'],no,,,,,,,motion/ui/ballMain; motion/ui/bodyGeneral; motion/ui/image; motion/ui/forces
Motion & Forces > Motion > Balls,Tennis ball,motion/tennis-ball,user-angacc,Angular acceleration,double,computed,,no,,,,,,,motion/ui/ballMain; motion/ui/bodyGeneral; motion/ui/image; motion/ui/forces
Motion & Forces > Motion > Balls,Tennis ball,motion/tennis-ball,user-torque,Torque,double,computed,,no,,,,,newton metre,newton metre,motion/ui/ballMain; motion/ui/bodyGeneral; motion/ui/image; motion/ui/forces
Motion & Forces > Motion > Balls,Tennis ball,motion/tennis-ball,weight,Weight,double,computed,,no,,,,,newton; kilonewton,newton,motion/ui/ballMain; motion/ui/bodyGeneral; motion/ui/image; motion/ui/forces
Motion & Forces > Motion > Balls,Tennis ball,motion/tennis-ball,drag-coefficient,,,,0.6,yes,ObserverSpinBox,,,,,,motion/ui/ballMain; motion/ui/bodyGeneral; motion/ui/image; motion/ui/forces
Motion & Forces > Motion > Balls,Tennis ball,motion/tennis-ball,user-velocity,Velocity (magnitude),double,writable-computed,,no,,,,"{""label"": """", ""values"": [{""key"": """", ""type"": ""value-map"", ""value"": ""-1e6 1e6""}, {""key"": ""min"", ""type"": ""double"", ""value"": ""-1e6""}, {""key"": ""max"", ""type"": ""double"", ""value"": ""1e6""}]}",metres per second; kilometres per second; kilometres per hour,metres per second,motion/ui/ballMain; motion/ui/bodyGeneral; motion/ui/image; motion/ui/forces
Motion & Forces > Motion > Balls,Tennis ball,motion/tennis-ball,user-velocity-x,Velocity (x),double,writable-computed,,no,,,,"{""label"": """", ""values"": [{""key"": """", ""type"": ""value-map"", ""value"": ""-1e6 1e6""}, {""key"": ""min"", ""type"": ""double"", ""value"": ""-1e6""}, {""key"": ""max"", ""type"": ""double"", ""value"": ""1e6""}]}",metres per second; kilometres per second; kilometres per hour,metres per second,motion/ui/ballMain; motion/ui/bodyGeneral; motion/ui/image; motion/ui/forces
Motion & Forces > Motion > Balls,Tennis ball,motion/tennis-ball,user-velocity-y,Velocity (y),double,writable-computed,,no,,,,"{""label"": """", ""values"": [{""key"": """", ""type"": ""value-map"", ""value"": ""-1e6 1e6""}, {""key"": ""min"", ""type"": ""double"", ""value"": ""-1e6""}, {""key"": ""max"", ""type"": ""double"", ""value"": ""1e6""}]}",metres per second; kilometres per second; kilometres per hour,metres per second,motion/ui/ballMain; motion/ui/bodyGeneral; motion/ui/image; motion/ui/forces
Motion & Forces > Motion > Balls,Tennis ball,motion/tennis-ball,user-force,Driving force (magnitude),double,,,no,,,,,newton; kilonewton,newton,motion/ui/ballMain; motion/ui/bodyGeneral; motion/ui/image; motion/ui/forces
Motion & Forces > Motion > Balls,Tennis ball,motion/tennis-ball,user-force-x,Driving force (x),double,writable-computed,,no,,,,,newton; kilonewton,newton,motion/ui/ballMain; motion/ui/bodyGeneral; motion/ui/image; motion/ui/forces
Motion & Forces > Motion > Balls,Tennis ball,motion/tennis-ball,user-force-y,Driving force (y),double,writable-computed,,no,,,,,newton; kilonewton,newton,motion/ui/ballMain; motion/ui/bodyGeneral; motion/ui/image; motion/ui/forces
Motion & Forces > Motion > Balls,Tennis ball,motion/tennis-ball,user-motion-pos-x,Displacement (x),double,writable-computed,,no,,,,,picometer; nanometer; micrometer; millimeter; centimeter; meter; kilometer,meter,motion/ui/ballMain; motion/ui/bodyGeneral; motion/ui/image; motion/ui/forces
Motion & Forces > Motion > Balls,Tennis ball,motion/tennis-ball,user-motion-pos-y,Displacement (y),double,writable-computed,,no,,,,,picometer; nanometer; micrometer; millimeter; centimeter; meter; kilometer,meter,motion/ui/ballMain; motion/ui/bodyGeneral; motion/ui/image; motion/ui/forces
Motion & Forces > Motion > Balls,Tennis ball,motion/tennis-ball,distance-from-origin,Distance,double,computed,,no,,,,,picometer; nanometer; micrometer; millimeter; centimeter; meter; kilometer,meter,motion/ui/ballMain; motion/ui/bodyGeneral; motion/ui/image; motion/ui/forces
Motion & Forces > Motion > Balls,Tennis ball,motion/tennis-ball,user-acc-x,Acceleration (x),double,computed,,no,,,,,,metres per second per second,motion/ui/ballMain; motion/ui/bodyGeneral; motion/ui/image; motion/ui/forces
Motion & Forces > Motion > Balls,Tennis ball,motion/tennis-ball,user-acc-y,Acceleration (y),double,computed,,no,,,,,,metres per second per second,motion/ui/ballMain; motion/ui/bodyGeneral; motion/ui/image; motion/ui/forces
Motion & Forces > Motion > Balls,Tennis ball,motion/tennis-ball,user-acc-mag,Acceleration (magnitude),double,computed,,no,,,,,,metres per second per second,motion/ui/ballMain; motion/ui/bodyGeneral; motion/ui/image; motion/ui/forces
Motion & Forces > Motion > Balls,Tennis ball,motion/tennis-ball,user-net-force-mag,Net force (translational),double,computed,,no,,,,,,newton,motion/ui/ballMain; motion/ui/bodyGeneral; motion/ui/image; motion/ui/forces
Motion & Forces > Motion > Balls,Tennis ball,motion/tennis-ball,speed,Speed,,proxy,../p[@key='user-velocity'],no,,,,,,,motion/ui/ballMain; motion/ui/bodyGeneral; motion/ui/image; motion/ui/forces
Motion & Forces > Motion > Balls,Tennis ball,motion/tennis-ball,translational-ek,Kinetic energy (translational),double,computed,,no,,,,,joule; kilojoule,joule,motion/ui/ballMain; motion/ui/bodyGeneral; motion/ui/image; motion/ui/forces
Motion & Forces > Motion > Balls,Tennis ball,motion/tennis-ball,rotational-ek,Kinetic energy (rotational),double,computed,,no,,,,,joule; kilojoule,joule,motion/ui/ballMain; motion/ui/bodyGeneral; motion/ui/image; motion/ui/forces
Motion & Forces > Motion > Balls,Tennis ball,motion/tennis-ball,total-ek,Kinetic energy (total),double,computed,,no,,,,,joule; kilojoule,joule,motion/ui/ballMain; motion/ui/bodyGeneral; motion/ui/image; motion/ui/forces
Motion & Forces > Motion > Balls,Tennis ball,motion/tennis-ball,gravitational-ep,Gravitational potential energy,double,computed,,no,,,,,joule; kilojoule,joule,motion/ui/ballMain; motion/ui/bodyGeneral; motion/ui/image; motion/ui/forces
Motion & Forces > Motion > Balls,Tennis ball,motion/tennis-ball,momentum-x,Momentum (x),double,computed,,no,,,,,,kilogram metres per second,motion/ui/ballMain; motion/ui/bodyGeneral; motion/ui/image; motion/ui/forces
Motion & Forces > Motion > Balls,Tennis ball,motion/tennis-ball,momentum-y,Momentum (y),double,computed,,no,,,,,,kilogram metres per second,motion/ui/ballMain; motion/ui/bodyGeneral; motion/ui/image; motion/ui/forces
Motion & Forces > Motion > Balls,Tennis ball,motion/tennis-ball,density,Density,double,computed,,no,,,,"{""label"": """", ""values"": [{""key"": """", ""type"": ""value-map"", ""value"": ""0""}, {""key"": ""min"", ""type"": ""double"", ""value"": ""0""}]}",grams per cubic centimetre; kilograms per cubic metre,kilograms per cubic metre,motion/ui/ballMain; motion/ui/bodyGeneral; motion/ui/image; motion/ui/forces
Motion & Forces > Motion > Balls,Tennis ball,motion/tennis-ball,volume,Volume,double,computed,,no,,,,"{""label"": """", ""values"": [{""key"": """", ""type"": ""value-map"", ""value"": ""0""}, {""key"": ""min"", ""type"": ""double"", ""value"": ""0""}]}",cm3; m3,cm3,motion/ui/ballMain; motion/ui/bodyGeneral; motion/ui/image; motion/ui/forces
Motion & Forces > Motion > Balls,Tennis ball,motion/tennis-ball,forces-shown,Force shown,bool,,,yes,ObserverCheckBox,Show forces,,,,,motion/ui/ballMain; motion/ui/bodyGeneral; motion/ui/image; motion/ui/forces
Motion & Forces > Motion > Balls,Tennis ball,motion/tennis-ball,force-labels-shown,Force labels shown,bool,,,yes,ObserverComboBox,,,,,,motion/ui/ballMain; motion/ui/bodyGeneral; motion/ui/image; motion/ui/forces
Motion & Forces > Motion > Balls,Tennis ball,motion/tennis-ball,gravity-force-shown,Weight shown,bool,,,yes,ObserverCheckBox,Weight,,,,,motion/ui/ballMain; motion/ui/bodyGeneral; motion/ui/image; motion/ui/forces
Motion & Forces > Motion > Balls,Tennis ball,motion/tennis-ball,resolved-gravity-force-shown,Resolved weight shown,bool,,,yes,ObserverCheckBox,Weight (resolved),,,,,motion/ui/ballMain; motion/ui/bodyGeneral; motion/ui/image; motion/ui/forces
Motion & Forces > Motion > Balls,Tennis ball,motion/tennis-ball,net-force-shown,Net force shown,bool,,,yes,ObserverCheckBox,Net force,,,,,motion/ui/ballMain; motion/ui/bodyGeneral; motion/ui/image; motion/ui/forces
Motion & Forces > Motion > Balls,Tennis ball,motion/tennis-ball,constant-force-shown,Driving force shown,bool,,,yes,ObserverCheckBox,Driving force,,,,,motion/ui/ballMain; motion/ui/bodyGeneral; motion/ui/image; motion/ui/forces
Motion & Forces > Motion > Balls,Tennis ball,motion/tennis-ball,friction-force-shown,Friction force shown,bool,,,yes,ObserverCheckBox,Friction,,,,,motion/ui/ballMain; motion/ui/bodyGeneral; motion/ui/image; motion/ui/forces
Motion & Forces > Motion > Balls,Tennis ball,motion/tennis-ball,contact-force-shown,Contact force shown,bool,,,yes,ObserverCheckBox,Contact,,,,,motion/ui/ballMain; motion/ui/bodyGeneral; motion/ui/image; motion/ui/forces
Motion & Forces > Motion > Balls,Tennis ball,motion/tennis-ball,tension-force-shown,Tension force shown,bool,,,yes,ObserverCheckBox,Tension,,,,,motion/ui/ballMain; motion/ui/bodyGeneral; motion/ui/image; motion/ui/forces
Motion & Forces > Motion > Balls,Tennis ball,motion/tennis-ball,drag-force-shown,Drag force shown,bool,,,yes,ObserverCheckBox,Drag force,,,,,motion/ui/ballMain; motion/ui/bodyGeneral; motion/ui/image; motion/ui/forces
Motion & Forces > Motion > Balls,Tennis ball,motion/tennis-ball,buoyancy-force-shown,Buoyancy force shown,bool,,,yes,ObserverCheckBox,Buoyancy force,,,,,motion/ui/ballMain; motion/ui/bodyGeneral; motion/ui/image; motion/ui/forces
Motion & Forces > Motion > Balls,Tennis ball,motion/tennis-ball,material,,,,,yes,ObserverComboBox,,,,,,motion/ui/ballMain; motion/ui/bodyGeneral; motion/ui/image; motion/ui/forces
Motion & Forces > Motion > Balls,Tennis ball,motion/tennis-ball,static-friction,,,,0.7,yes,ObserverSpinBox,,,,,,motion/ui/ballMain; motion/ui/bodyGeneral; motion/ui/image; motion/ui/forces
Motion & Forces > Motion > Balls,Tennis ball,motion/tennis-ball,dynamic-friction,,,,0.5,yes,ObserverSpinBox,,,,,,motion/ui/ballMain; motion/ui/bodyGeneral; motion/ui/image; motion/ui/forces
Motion & Forces > Motion > Balls,Tennis ball,motion/tennis-ball,coefficient-of-restitution,,,,0.75,yes,ObserverSpinBox,,,,,,motion/ui/ballMain; motion/ui/bodyGeneral; motion/ui/image; motion/ui/forces
Motion & Forces > Motion > Balls,Tennis ball,motion/tennis-ball,control-mode,Control mode,string,,Velocity,yes,ObserverComboBox,,,"{""label"": ""set-validator"", ""values"": [{""key"": """", ""type"": ""string-array"", ""value"": ""Velocity Force""}, {""key"": """", ""type"": ""string"", ""value"": ""Velocity""}, {""key"": """", ""type"": ""string"", ""value"": ""Force""}]}",,,motion/ui/ballMain; motion/ui/bodyGeneral; motion/ui/image; motion/ui/forces
Motion & Forces > Motion > Balls,Tennis ball,motion/tennis-ball,part-id-prefix,,,,,no,,,,,,,motion/ui/ballMain; motion/ui/bodyGeneral; motion/ui/image; motion/ui/forces
Motion & Forces > Motion > Balls,Tennis ball,motion/tennis-ball,radius,,,,0.03,yes,ObserverSpinBox; UnitChooser,,,,,,motion/ui/ballMain; motion/ui/bodyGeneral; motion/ui/image; motion/ui/forces
Motion & Forces > Motion > Balls,Tennis ball,motion/tennis-ball,user-mass,Mass,,proxy,../p[@key='own-mass'],yes,ObserverSpinBox; UnitChooser,,,,,,motion/ui/ballMain; motion/ui/bodyGeneral; motion/ui/image; motion/ui/forces
Motion & Forces > Motion > Balls,Tennis ball,motion/tennis-ball,image,,,,motion/images/balls/tennis,yes,ResourceDropdown,,,,,,motion/ui/ballMain; motion/ui/bodyGeneral; motion/ui/image; motion/ui/forces
Motion & Forces > Motion > Balls,Billiard ball,motion/billiard-ball,moment-of-inertia,Moment of inertia,double,computed,,no,,,,,gram metres squared; kilogram metres squared,kilogram metres squared,motion/ui/ballMain; motion/ui/bodyGeneral; motion/ui/image; motion/ui/forces
Motion & Forces > Motion > Balls,Billiard ball,motion/billiard-ball,own-mass,,,,0.17,no,,,,,,,motion/ui/ballMain; motion/ui/bodyGeneral; motion/ui/image; motion/ui/forces
Motion & Forces > Motion > Balls,Billiard ball,motion/billiard-ball,user-ang,Angle of rotation,,"proxy,readonly",../p[@key='ang'],no,,,,,,,motion/ui/ballMain; motion/ui/bodyGeneral; motion/ui/image; motion/ui/forces
Motion & Forces > Motion > Balls,Billiard ball,motion/billiard-ball,user-angvel,Angular velocity,,"proxy,readonly",../p[@key='angvel'],no,,,,,,,motion/ui/ballMain; motion/ui/bodyGeneral; motion/ui/image; motion/ui/forces
Motion & Forces > Motion > Balls,Billiard ball,motion/billiard-ball,user-angacc,Angular acceleration,double,computed,,no,,,,,,,motion/ui/ballMain; motion/ui/bodyGeneral; motion/ui/image; motion/ui/forces
Motion & Forces > Motion > Balls,Billiard ball,motion/billiard-ball,user-torque,Torque,double,computed,,no,,,,,newton metre,newton metre,motion/ui/ballMain; motion/ui/bodyGeneral; motion/ui/image; motion/ui/forces
Motion & Forces > Motion > Balls,Billiard ball,motion/billiard-ball,weight,Weight,double,computed,,no,,,,,newton; kilonewton,newton,motion/ui/ballMain; motion/ui/bodyGeneral; motion/ui/image; motion/ui/forces
Motion & Forces > Motion > Balls,Billiard ball,motion/billiard-ball,drag-coefficient,,,,0.5,yes,ObserverSpinBox,,,,,,motion/ui/ballMain; motion/ui/bodyGeneral; motion/ui/image; motion/ui/forces
Motion & Forces > Motion > Balls,Billiard ball,motion/billiard-ball,user-velocity,Velocity (magnitude),double,writable-computed,,no,,,,"{""label"": """", ""values"": [{""key"": """", ""type"": ""value-map"", ""value"": ""-1e6 1e6""}, {""key"": ""min"", ""type"": ""double"", ""value"": ""-1e6""}, {""key"": ""max"", ""type"": ""double"", ""value"": ""1e6""}]}",metres per second; kilometres per second; kilometres per hour,metres per second,motion/ui/ballMain; motion/ui/bodyGeneral; motion/ui/image; motion/ui/forces
Motion & Forces > Motion > Balls,Billiard ball,motion/billiard-ball,user-velocity-x,Velocity (x),double,writable-computed,,no,,,,"{""label"": """", ""values"": [{""key"": """", ""type"": ""value-map"", ""value"": ""-1e6 1e6""}, {""key"": ""min"", ""type"": ""double"", ""value"": ""-1e6""}, {""key"": ""max"", ""type"": ""double"", ""value"": ""1e6""}]}",metres per second; kilometres per second; kilometres per hour,metres per second,motion/ui/ballMain; motion/ui/bodyGeneral; motion/ui/image; motion/ui/forces
Motion & Forces > Motion > Balls,Billiard ball,motion/billiard-ball,user-velocity-y,Velocity (y),double,writable-computed,,no,,,,"{""label"": """", ""values"": [{""key"": """", ""type"": ""value-map"", ""value"": ""-1e6 1e6""}, {""key"": ""min"", ""type"": ""double"", ""value"": ""-1e6""}, {""key"": ""max"", ""type"": ""double"", ""value"": ""1e6""}]}",metres per second; kilometres per second; kilometres per hour,metres per second,motion/ui/ballMain; motion/ui/bodyGeneral; motion/ui/image; motion/ui/forces
Motion & Forces > Motion > Balls,Billiard ball,motion/billiard-ball,user-force,Driving force (magnitude),double,,,no,,,,,newton; kilonewton,newton,motion/ui/ballMain; motion/ui/bodyGeneral; motion/ui/image; motion/ui/forces
Motion & Forces > Motion > Balls,Billiard ball,motion/billiard-ball,user-force-x,Driving force (x),double,writable-computed,,no,,,,,newton; kilonewton,newton,motion/ui/ballMain; motion/ui/bodyGeneral; motion/ui/image; motion/ui/forces
Motion & Forces > Motion > Balls,Billiard ball,motion/billiard-ball,user-force-y,Driving force (y),double,writable-computed,,no,,,,,newton; kilonewton,newton,motion/ui/ballMain; motion/ui/bodyGeneral; motion/ui/image; motion/ui/forces
Motion & Forces > Motion > Balls,Billiard ball,motion/billiard-ball,user-motion-pos-x,Displacement (x),double,writable-computed,,no,,,,,picometer; nanometer; micrometer; millimeter; centimeter; meter; kilometer,meter,motion/ui/ballMain; motion/ui/bodyGeneral; motion/ui/image; motion/ui/forces
Motion & Forces > Motion > Balls,Billiard ball,motion/billiard-ball,user-motion-pos-y,Displacement (y),double,writable-computed,,no,,,,,picometer; nanometer; micrometer; millimeter; centimeter; meter; kilometer,meter,motion/ui/ballMain; motion/ui/bodyGeneral; motion/ui/image; motion/ui/forces
Motion & Forces > Motion > Balls,Billiard ball,motion/billiard-ball,distance-from-origin,Distance,double,computed,,no,,,,,picometer; nanometer; micrometer; millimeter; centimeter; meter; kilometer,meter,motion/ui/ballMain; motion/ui/bodyGeneral; motion/ui/image; motion/ui/forces
Motion & Forces > Motion > Balls,Billiard ball,motion/billiard-ball,user-acc-x,Acceleration (x),double,computed,,no,,,,,,metres per second per second,motion/ui/ballMain; motion/ui/bodyGeneral; motion/ui/image; motion/ui/forces
Motion & Forces > Motion > Balls,Billiard ball,motion/billiard-ball,user-acc-y,Acceleration (y),double,computed,,no,,,,,,metres per second per second,motion/ui/ballMain; motion/ui/bodyGeneral; motion/ui/image; motion/ui/forces
Motion & Forces > Motion > Balls,Billiard ball,motion/billiard-ball,user-acc-mag,Acceleration (magnitude),double,computed,,no,,,,,,metres per second per second,motion/ui/ballMain; motion/ui/bodyGeneral; motion/ui/image; motion/ui/forces
Motion & Forces > Motion > Balls,Billiard ball,motion/billiard-ball,user-net-force-mag,Net force (translational),double,computed,,no,,,,,,newton,motion/ui/ballMain; motion/ui/bodyGeneral; motion/ui/image; motion/ui/forces
Motion & Forces > Motion > Balls,Billiard ball,motion/billiard-ball,speed,Speed,,proxy,../p[@key='user-velocity'],no,,,,,,,motion/ui/ballMain; motion/ui/bodyGeneral; motion/ui/image; motion/ui/forces
Motion & Forces > Motion > Balls,Billiard ball,motion/billiard-ball,translational-ek,Kinetic energy (translational),double,computed,,no,,,,,joule; kilojoule,joule,motion/ui/ballMain; motion/ui/bodyGeneral; motion/ui/image; motion/ui/forces
Motion & Forces > Motion > Balls,Billiard ball,motion/billiard-ball,rotational-ek,Kinetic energy (rotational),double,computed,,no,,,,,joule; kilojoule,joule,motion/ui/ballMain; motion/ui/bodyGeneral; motion/ui/image; motion/ui/forces
Motion & Forces > Motion > Balls,Billiard ball,motion/billiard-ball,total-ek,Kinetic energy (total),double,computed,,no,,,,,joule; kilojoule,joule,motion/ui/ballMain; motion/ui/bodyGeneral; motion/ui/image; motion/ui/forces
Motion & Forces > Motion > Balls,Billiard ball,motion/billiard-ball,gravitational-ep,Gravitational potential energy,double,computed,,no,,,,,joule; kilojoule,joule,motion/ui/ballMain; motion/ui/bodyGeneral; motion/ui/image; motion/ui/forces
Motion & Forces > Motion > Balls,Billiard ball,motion/billiard-ball,momentum-x,Momentum (x),double,computed,,no,,,,,,kilogram metres per second,motion/ui/ballMain; motion/ui/bodyGeneral; motion/ui/image; motion/ui/forces
Motion & Forces > Motion > Balls,Billiard ball,motion/billiard-ball,momentum-y,Momentum (y),double,computed,,no,,,,,,kilogram metres per second,motion/ui/ballMain; motion/ui/bodyGeneral; motion/ui/image; motion/ui/forces
Motion & Forces > Motion > Balls,Billiard ball,motion/billiard-ball,density,Density,double,computed,,no,,,,"{""label"": """", ""values"": [{""key"": """", ""type"": ""value-map"", ""value"": ""0""}, {""key"": ""min"", ""type"": ""double"", ""value"": ""0""}]}",grams per cubic centimetre; kilograms per cubic metre,kilograms per cubic metre,motion/ui/ballMain; motion/ui/bodyGeneral; motion/ui/image; motion/ui/forces
Motion & Forces > Motion > Balls,Billiard ball,motion/billiard-ball,volume,Volume,double,computed,,no,,,,"{""label"": """", ""values"": [{""key"": """", ""type"": ""value-map"", ""value"": ""0""}, {""key"": ""min"", ""type"": ""double"", ""value"": ""0""}]}",cm3; m3,cm3,motion/ui/ballMain; motion/ui/bodyGeneral; motion/ui/image; motion/ui/forces
Motion & Forces > Motion > Balls,Billiard ball,motion/billiard-ball,forces-shown,Force shown,bool,,,yes,ObserverCheckBox,Show forces,,,,,motion/ui/ballMain; motion/ui/bodyGeneral; motion/ui/image; motion/ui/forces
Motion & Forces > Motion > Balls,Billiard ball,motion/billiard-ball,force-labels-shown,Force labels shown,bool,,,yes,ObserverComboBox,,,,,,motion/ui/ballMain; motion/ui/bodyGeneral; motion/ui/image; motion/ui/forces
Motion & Forces > Motion > Balls,Billiard ball,motion/billiard-ball,gravity-force-shown,Weight shown,bool,,,yes,ObserverCheckBox,Weight,,,,,motion/ui/ballMain; motion/ui/bodyGeneral; motion/ui/image; motion/ui/forces
Motion & Forces > Motion > Balls,Billiard ball,motion/billiard-ball,resolved-gravity-force-shown,Resolved weight shown,bool,,,yes,ObserverCheckBox,Weight (resolved),,,,,motion/ui/ballMain; motion/ui/bodyGeneral; motion/ui/image; motion/ui/forces
Motion & Forces > Motion > Balls,Billiard ball,motion/billiard-ball,net-force-shown,Net force shown,bool,,,yes,ObserverCheckBox,Net force,,,,,motion/ui/ballMain; motion/ui/bodyGeneral; motion/ui/image; motion/ui/forces
Motion & Forces > Motion > Balls,Billiard ball,motion/billiard-ball,constant-force-shown,Driving force shown,bool,,,yes,ObserverCheckBox,Driving force,,,,,motion/ui/ballMain; motion/ui/bodyGeneral; motion/ui/image; motion/ui/forces
Motion & Forces > Motion > Balls,Billiard ball,motion/billiard-ball,friction-force-shown,Friction force shown,bool,,,yes,ObserverCheckBox,Friction,,,,,motion/ui/ballMain; motion/ui/bodyGeneral; motion/ui/image; motion/ui/forces
Motion & Forces > Motion > Balls,Billiard ball,motion/billiard-ball,contact-force-shown,Contact force shown,bool,,,yes,ObserverCheckBox,Contact,,,,,motion/ui/ballMain; motion/ui/bodyGeneral; motion/ui/image; motion/ui/forces
Motion & Forces > Motion > Balls,Billiard ball,motion/billiard-ball,tension-force-shown,Tension force shown,bool,,,yes,ObserverCheckBox,Tension,,,,,motion/ui/ballMain; motion/ui/bodyGeneral; motion/ui/image; motion/ui/forces
Motion & Forces > Motion > Balls,Billiard ball,motion/billiard-ball,drag-force-shown,Drag force shown,bool,,,yes,ObserverCheckBox,Drag force,,,,,motion/ui/ballMain; motion/ui/bodyGeneral; motion/ui/image; motion/ui/forces
Motion & Forces > Motion > Balls,Billiard ball,motion/billiard-ball,buoyancy-force-shown,Buoyancy force shown,bool,,,yes,ObserverCheckBox,Buoyancy force,,,,,motion/ui/ballMain; motion/ui/bodyGeneral; motion/ui/image; motion/ui/forces
Motion & Forces > Motion > Balls,Billiard ball,motion/billiard-ball,material,,,,,yes,ObserverComboBox,,,,,,motion/ui/ballMain; motion/ui/bodyGeneral; motion/ui/image; motion/ui/forces
Motion & Forces > Motion > Balls,Billiard ball,motion/billiard-ball,static-friction,,,,0.9,yes,ObserverSpinBox,,,,,,motion/ui/ballMain; motion/ui/bodyGeneral; motion/ui/image; motion/ui/forces
Motion & Forces > Motion > Balls,Billiard ball,motion/billiard-ball,dynamic-friction,,,,0.4,yes,ObserverSpinBox,,,,,,motion/ui/ballMain; motion/ui/bodyGeneral; motion/ui/image; motion/ui/forces
Motion & Forces > Motion > Balls,Billiard ball,motion/billiard-ball,coefficient-of-restitution,,,,0.96,yes,ObserverSpinBox,,,,,,motion/ui/ballMain; motion/ui/bodyGeneral; motion/ui/image; motion/ui/forces
Motion & Forces > Motion > Balls,Billiard ball,motion/billiard-ball,control-mode,Control mode,string,,Velocity,yes,ObserverComboBox,,,"{""label"": ""set-validator"", ""values"": [{""key"": """", ""type"": ""string-array"", ""value"": ""Velocity Force""}, {""key"": """", ""type"": ""string"", ""value"": ""Velocity""}, {""key"": """", ""type"": ""string"", ""value"": ""Force""}]}",,,motion/ui/ballMain; motion/ui/bodyGeneral; motion/ui/image; motion/ui/forces
Motion & Forces > Motion > Balls,Billiard ball,motion/billiard-ball,part-id-prefix,,,,,no,,,,,,,motion/ui/ballMain; motion/ui/bodyGeneral; motion/ui/image; motion/ui/forces
Motion & Forces > Motion > Balls,Billiard ball,motion/billiard-ball,radius,,,,0.025,yes,ObserverSpinBox; UnitChooser,,,,,,motion/ui/ballMain; motion/ui/bodyGeneral; motion/ui/image; motion/ui/forces
Motion & Forces > Motion > Balls,Billiard ball,motion/billiard-ball,user-mass,Mass,,proxy,../p[@key='own-mass'],yes,ObserverSpinBox; UnitChooser,,,,,,motion/ui/ballMain; motion/ui/bodyGeneral; motion/ui/image; motion/ui/forces
Motion & Forces > Motion > Balls,Billiard ball,motion/billiard-ball,image,,,,motion/images/balls/billiard,yes,ResourceDropdown,,,,,,motion/ui/ballMain; motion/ui/bodyGeneral; motion/ui/image; motion/ui/forces
Motion & Forces > Motion > Balls,Wooden ball,motion/wood-ball2,moment-of-inertia,Moment of inertia,double,computed,,no,,,,,gram metres squared; kilogram metres squared,kilogram metres squared,motion/ui/ballMain; motion/ui/bodyGeneral; motion/ui/image; motion/ui/forces
Motion & Forces > Motion > Balls,Wooden ball,motion/wood-ball2,own-mass,,,,0.37,no,,,,,,,motion/ui/ballMain; motion/ui/bodyGeneral; motion/ui/image; motion/ui/forces
Motion & Forces > Motion > Balls,Wooden ball,motion/wood-ball2,user-ang,Angle of rotation,,"proxy,readonly",../p[@key='ang'],no,,,,,,,motion/ui/ballMain; motion/ui/bodyGeneral; motion/ui/image; motion/ui/forces
Motion & Forces > Motion > Balls,Wooden ball,motion/wood-ball2,user-angvel,Angular velocity,,"proxy,readonly",../p[@key='angvel'],no,,,,,,,motion/ui/ballMain; motion/ui/bodyGeneral; motion/ui/image; motion/ui/forces
Motion & Forces > Motion > Balls,Wooden ball,motion/wood-ball2,user-angacc,Angular acceleration,double,computed,,no,,,,,,,motion/ui/ballMain; motion/ui/bodyGeneral; motion/ui/image; motion/ui/forces
Motion & Forces > Motion > Balls,Wooden ball,motion/wood-ball2,user-torque,Torque,double,computed,,no,,,,,newton metre,newton metre,motion/ui/ballMain; motion/ui/bodyGeneral; motion/ui/image; motion/ui/forces
Motion & Forces > Motion > Balls,Wooden ball,motion/wood-ball2,weight,Weight,double,computed,,no,,,,,newton; kilonewton,newton,motion/ui/ballMain; motion/ui/bodyGeneral; motion/ui/image; motion/ui/forces
Motion & Forces > Motion > Balls,Wooden ball,motion/wood-ball2,drag-coefficient,,,,0.5,yes,ObserverSpinBox,,,,,,motion/ui/ballMain; motion/ui/bodyGeneral; motion/ui/image; motion/ui/forces
Motion & Forces > Motion > Balls,Wooden ball,motion/wood-ball2,user-velocity,Velocity (magnitude),double,writable-computed,,no,,,,"{""label"": """", ""values"": [{""key"": """", ""type"": ""value-map"", ""value"": ""-1e6 1e6""}, {""key"": ""min"", ""type"": ""double"", ""value"": ""-1e6""}, {""key"": ""max"", ""type"": ""double"", ""value"": ""1e6""}]}",metres per second; kilometres per second; kilometres per hour,metres per second,motion/ui/ballMain; motion/ui/bodyGeneral; motion/ui/image; motion/ui/forces
Motion & Forces > Motion > Balls,Wooden ball,motion/wood-ball2,user-velocity-x,Velocity (x),double,writable-computed,,no,,,,"{""label"": """", ""values"": [{""key"": """", ""type"": ""value-map"", ""value"": ""-1e6 1e6""}, {""key"": ""min"", ""type"": ""double"", ""value"": ""-1e6""}, {""key"": ""max"", ""type"": ""double"", ""value"": ""1e6""}]}",metres per second; kilometres per second; kilometres per hour,metres per second,motion/ui/ballMain; motion/ui/bodyGeneral; motion/ui/image; motion/ui/forces
Motion & Forces > Motion > Balls,Wooden ball,motion/wood-ball2,user-velocity-y,Velocity (y),double,writable-computed,,no,,,,"{""label"": """", ""values"": [{""key"": """", ""type"": ""value-map"", ""value"": ""-1e6 1e6""}, {""key"": ""min"", ""type"": ""double"", ""value"": ""-1e6""}, {""key"": ""max"", ""type"": ""double"", ""value"": ""1e6""}]}",metres per second; kilometres per second; kilometres per hour,metres per second,motion/ui/ballMain; motion/ui/bodyGeneral; motion/ui/image; motion/ui/forces
Motion & Forces > Motion > Balls,Wooden ball,motion/wood-ball2,user-force,Driving force (magnitude),double,,,no,,,,,newton; kilonewton,newton,motion/ui/ballMain; motion/ui/bodyGeneral; motion/ui/image; motion/ui/forces
Motion & Forces > Motion > Balls,Wooden ball,motion/wood-ball2,user-force-x,Driving force (x),double,writable-computed,,no,,,,,newton; kilonewton,newton,motion/ui/ballMain; motion/ui/bodyGeneral; motion/ui/image; motion/ui/forces
Motion & Forces > Motion > Balls,Wooden ball,motion/wood-ball2,user-force-y,Driving force (y),double,writable-computed,,no,,,,,newton; kilonewton,newton,motion/ui/ballMain; motion/ui/bodyGeneral; motion/ui/image; motion/ui/forces
Motion & Forces > Motion > Balls,Wooden ball,motion/wood-ball2,user-motion-pos-x,Displacement (x),double,writable-computed,,no,,,,,picometer; nanometer; micrometer; millimeter; centimeter; meter; kilometer,meter,motion/ui/ballMain; motion/ui/bodyGeneral; motion/ui/image; motion/ui/forces
Motion & Forces > Motion > Balls,Wooden ball,motion/wood-ball2,user-motion-pos-y,Displacement (y),double,writable-computed,,no,,,,,picometer; nanometer; micrometer; millimeter; centimeter; meter; kilometer,meter,motion/ui/ballMain; motion/ui/bodyGeneral; motion/ui/image; motion/ui/forces
Motion & Forces > Motion > Balls,Wooden ball,motion/wood-ball2,distance-from-origin,Distance,double,computed,,no,,,,,picometer; nanometer; micrometer; millimeter; centimeter; meter; kilometer,meter,motion/ui/ballMain; motion/ui/bodyGeneral; motion/ui/image; motion/ui/forces
Motion & Forces > Motion > Balls,Wooden ball,motion/wood-ball2,user-acc-x,Acceleration (x),double,computed,,no,,,,,,metres per second per second,motion/ui/ballMain; motion/ui/bodyGeneral; motion/ui/image; motion/ui/forces
Motion & Forces > Motion > Balls,Wooden ball,motion/wood-ball2,user-acc-y,Acceleration (y),double,computed,,no,,,,,,metres per second per second,motion/ui/ballMain; motion/ui/bodyGeneral; motion/ui/image; motion/ui/forces
Motion & Forces > Motion > Balls,Wooden ball,motion/wood-ball2,user-acc-mag,Acceleration (magnitude),double,computed,,no,,,,,,metres per second per second,motion/ui/ballMain; motion/ui/bodyGeneral; motion/ui/image; motion/ui/forces
Motion & Forces > Motion > Balls,Wooden ball,motion/wood-ball2,user-net-force-mag,Net force (translational),double,computed,,no,,,,,,newton,motion/ui/ballMain; motion/ui/bodyGeneral; motion/ui/image; motion/ui/forces
Motion & Forces > Motion > Balls,Wooden ball,motion/wood-ball2,speed,Speed,,proxy,../p[@key='user-velocity'],no,,,,,,,motion/ui/ballMain; motion/ui/bodyGeneral; motion/ui/image; motion/ui/forces
Motion & Forces > Motion > Balls,Wooden ball,motion/wood-ball2,translational-ek,Kinetic energy (translational),double,computed,,no,,,,,joule; kilojoule,joule,motion/ui/ballMain; motion/ui/bodyGeneral; motion/ui/image; motion/ui/forces
Motion & Forces > Motion > Balls,Wooden ball,motion/wood-ball2,rotational-ek,Kinetic energy (rotational),double,computed,,no,,,,,joule; kilojoule,joule,motion/ui/ballMain; motion/ui/bodyGeneral; motion/ui/image; motion/ui/forces
Motion & Forces > Motion > Balls,Wooden ball,motion/wood-ball2,total-ek,Kinetic energy (total),double,computed,,no,,,,,joule; kilojoule,joule,motion/ui/ballMain; motion/ui/bodyGeneral; motion/ui/image; motion/ui/forces
Motion & Forces > Motion > Balls,Wooden ball,motion/wood-ball2,gravitational-ep,Gravitational potential energy,double,computed,,no,,,,,joule; kilojoule,joule,motion/ui/ballMain; motion/ui/bodyGeneral; motion/ui/image; motion/ui/forces
Motion & Forces > Motion > Balls,Wooden ball,motion/wood-ball2,momentum-x,Momentum (x),double,computed,,no,,,,,,kilogram metres per second,motion/ui/ballMain; motion/ui/bodyGeneral; motion/ui/image; motion/ui/forces
Motion & Forces > Motion > Balls,Wooden ball,motion/wood-ball2,momentum-y,Momentum (y),double,computed,,no,,,,,,kilogram metres per second,motion/ui/ballMain; motion/ui/bodyGeneral; motion/ui/image; motion/ui/forces
Motion & Forces > Motion > Balls,Wooden ball,motion/wood-ball2,density,Density,double,computed,,no,,,,"{""label"": """", ""values"": [{""key"": """", ""type"": ""value-map"", ""value"": ""0""}, {""key"": ""min"", ""type"": ""double"", ""value"": ""0""}]}",grams per cubic centimetre; kilograms per cubic metre,kilograms per cubic metre,motion/ui/ballMain; motion/ui/bodyGeneral; motion/ui/image; motion/ui/forces
Motion & Forces > Motion > Balls,Wooden ball,motion/wood-ball2,volume,Volume,double,computed,,no,,,,"{""label"": """", ""values"": [{""key"": """", ""type"": ""value-map"", ""value"": ""0""}, {""key"": ""min"", ""type"": ""double"", ""value"": ""0""}]}",cm3; m3,cm3,motion/ui/ballMain; motion/ui/bodyGeneral; motion/ui/image; motion/ui/forces
Motion & Forces > Motion > Balls,Wooden ball,motion/wood-ball2,forces-shown,Force shown,bool,,,yes,ObserverCheckBox,Show forces,,,,,motion/ui/ballMain; motion/ui/bodyGeneral; motion/ui/image; motion/ui/forces
Motion & Forces > Motion > Balls,Wooden ball,motion/wood-ball2,force-labels-shown,Force labels shown,bool,,,yes,ObserverComboBox,,,,,,motion/ui/ballMain; motion/ui/bodyGeneral; motion/ui/image; motion/ui/forces
Motion & Forces > Motion > Balls,Wooden ball,motion/wood-ball2,gravity-force-shown,Weight shown,bool,,,yes,ObserverCheckBox,Weight,,,,,motion/ui/ballMain; motion/ui/bodyGeneral; motion/ui/image; motion/ui/forces
Motion & Forces > Motion > Balls,Wooden ball,motion/wood-ball2,resolved-gravity-force-shown,Resolved weight shown,bool,,,yes,ObserverCheckBox,Weight (resolved),,,,,motion/ui/ballMain; motion/ui/bodyGeneral; motion/ui/image; motion/ui/forces
Motion & Forces > Motion > Balls,Wooden ball,motion/wood-ball2,net-force-shown,Net force shown,bool,,,yes,ObserverCheckBox,Net force,,,,,motion/ui/ballMain; motion/ui/bodyGeneral; motion/ui/image; motion/ui/forces
Motion & Forces > Motion > Balls,Wooden ball,motion/wood-ball2,constant-force-shown,Driving force shown,bool,,,yes,ObserverCheckBox,Driving force,,,,,motion/ui/ballMain; motion/ui/bodyGeneral; motion/ui/image; motion/ui/forces
Motion & Forces > Motion > Balls,Wooden ball,motion/wood-ball2,friction-force-shown,Friction force shown,bool,,,yes,ObserverCheckBox,Friction,,,,,motion/ui/ballMain; motion/ui/bodyGeneral; motion/ui/image; motion/ui/forces
Motion & Forces > Motion > Balls,Wooden ball,motion/wood-ball2,contact-force-shown,Contact force shown,bool,,,yes,ObserverCheckBox,Contact,,,,,motion/ui/ballMain; motion/ui/bodyGeneral; motion/ui/image; motion/ui/forces
Motion & Forces > Motion > Balls,Wooden ball,motion/wood-ball2,tension-force-shown,Tension force shown,bool,,,yes,ObserverCheckBox,Tension,,,,,motion/ui/ballMain; motion/ui/bodyGeneral; motion/ui/image; motion/ui/forces
Motion & Forces > Motion > Balls,Wooden ball,motion/wood-ball2,drag-force-shown,Drag force shown,bool,,,yes,ObserverCheckBox,Drag force,,,,,motion/ui/ballMain; motion/ui/bodyGeneral; motion/ui/image; motion/ui/forces
Motion & Forces > Motion > Balls,Wooden ball,motion/wood-ball2,buoyancy-force-shown,Buoyancy force shown,bool,,,yes,ObserverCheckBox,Buoyancy force,,,,,motion/ui/ballMain; motion/ui/bodyGeneral; motion/ui/image; motion/ui/forces
Motion & Forces > Motion > Balls,Wooden ball,motion/wood-ball2,material,,,,,yes,ObserverComboBox,,,,,,motion/ui/ballMain; motion/ui/bodyGeneral; motion/ui/image; motion/ui/forces
Motion & Forces > Motion > Balls,Wooden ball,motion/wood-ball2,static-friction,Static friction,double,,0.0,yes,ObserverSpinBox,,,"{""label"": """", ""values"": [{""key"": """", ""type"": ""value-map"", ""value"": ""0.0 5.0""}, {""key"": ""min"", ""type"": ""double"", ""value"": ""0.0""}, {""key"": ""max"", ""type"": ""double"", ""value"": ""5.0""}]}",,,motion/ui/ballMain; motion/ui/bodyGeneral; motion/ui/image; motion/ui/forces
Motion & Forces > Motion > Balls,Wooden ball,motion/wood-ball2,dynamic-friction,Kinetic friction,double,,0.0,yes,ObserverSpinBox,,,"{""label"": """", ""values"": [{""key"": """", ""type"": ""value-map"", ""value"": ""0.0 5.0""}, {""key"": ""min"", ""type"": ""double"", ""value"": ""0.0""}, {""key"": ""max"", ""type"": ""double"", ""value"": ""5.0""}]}",,,motion/ui/ballMain; motion/ui/bodyGeneral; motion/ui/image; motion/ui/forces
Motion & Forces > Motion > Balls,Wooden ball,motion/wood-ball2,coefficient-of-restitution,Elasticity,double,,0.0,yes,ObserverSpinBox,,,"{""label"": """", ""values"": [{""key"": """", ""type"": ""value-map"", ""value"": ""0.0 1.0""}, {""key"": ""min"", ""type"": ""double"", ""value"": ""0.0""}, {""key"": ""max"", ""type"": ""double"", ""value"": ""1.0""}]}",,,motion/ui/ballMain; motion/ui/bodyGeneral; motion/ui/image; motion/ui/forces
Motion & Forces > Motion > Balls,Wooden ball,motion/wood-ball2,control-mode,Control mode,string,,Velocity,yes,ObserverComboBox,,,"{""label"": ""set-validator"", ""values"": [{""key"": """", ""type"": ""string-array"", ""value"": ""Velocity Force""}, {""key"": """", ""type"": ""string"", ""value"": ""Velocity""}, {""key"": """", ""type"": ""string"", ""value"": ""Force""}]}",,,motion/ui/ballMain; motion/ui/bodyGeneral; motion/ui/image; motion/ui/forces
Motion & Forces > Motion > Balls,Wooden ball,motion/wood-ball2,part-id-prefix,,,,,no,,,,,,,motion/ui/ballMain; motion/ui/bodyGeneral; motion/ui/image; motion/ui/forces
Motion & Forces > Motion > Balls,Wooden ball,motion/wood-ball2,radius,,,,0.05,yes,ObserverSpinBox; UnitChooser,,,,,,motion/ui/ballMain; motion/ui/bodyGeneral; motion/ui/image; motion/ui/forces
Motion & Forces > Motion > Balls,Wooden ball,motion/wood-ball2,user-mass,Mass,,proxy,../p[@key='own-mass'],yes,ObserverSpinBox; UnitChooser,,,,,,motion/ui/ballMain; motion/ui/bodyGeneral; motion/ui/image; motion/ui/forces
Motion & Forces > Motion > Balls,Wooden ball,motion/wood-ball2,image,,,,motion/images/balls/wood,yes,ResourceDropdown,,,,,,motion/ui/ballMain; motion/ui/bodyGeneral; motion/ui/image; motion/ui/forces
Motion & Forces > Motion > Balls,Rubber ball,motion/rubber-ball2,moment-of-inertia,Moment of inertia,double,computed,,no,,,,,gram metres squared; kilogram metres squared,kilogram metres squared,motion/ui/ballMain; motion/ui/bodyGeneral; motion/ui/image; motion/ui/forces
Motion & Forces > Motion > Balls,Rubber ball,motion/rubber-ball2,own-mass,,,,0.79,no,,,,,,,motion/ui/ballMain; motion/ui/bodyGeneral; motion/ui/image; motion/ui/forces
Motion & Forces > Motion > Balls,Rubber ball,motion/rubber-ball2,user-ang,Angle of rotation,,"proxy,readonly",../p[@key='ang'],no,,,,,,,motion/ui/ballMain; motion/ui/bodyGeneral; motion/ui/image; motion/ui/forces
Motion & Forces > Motion > Balls,Rubber ball,motion/rubber-ball2,user-angvel,Angular velocity,,"proxy,readonly",../p[@key='angvel'],no,,,,,,,motion/ui/ballMain; motion/ui/bodyGeneral; motion/ui/image; motion/ui/forces
Motion & Forces > Motion > Balls,Rubber ball,motion/rubber-ball2,user-angacc,Angular acceleration,double,computed,,no,,,,,,,motion/ui/ballMain; motion/ui/bodyGeneral; motion/ui/image; motion/ui/forces
Motion & Forces > Motion > Balls,Rubber ball,motion/rubber-ball2,user-torque,Torque,double,computed,,no,,,,,newton metre,newton metre,motion/ui/ballMain; motion/ui/bodyGeneral; motion/ui/image; motion/ui/forces
Motion & Forces > Motion > Balls,Rubber ball,motion/rubber-ball2,weight,Weight,double,computed,,no,,,,,newton; kilonewton,newton,motion/ui/ballMain; motion/ui/bodyGeneral; motion/ui/image; motion/ui/forces
Motion & Forces > Motion > Balls,Rubber ball,motion/rubber-ball2,drag-coefficient,,,,0.5,yes,ObserverSpinBox,,,,,,motion/ui/ballMain; motion/ui/bodyGeneral; motion/ui/image; motion/ui/forces
Motion & Forces > Motion > Balls,Rubber ball,motion/rubber-ball2,user-velocity,Velocity (magnitude),double,writable-computed,,no,,,,"{""label"": """", ""values"": [{""key"": """", ""type"": ""value-map"", ""value"": ""-1e6 1e6""}, {""key"": ""min"", ""type"": ""double"", ""value"": ""-1e6""}, {""key"": ""max"", ""type"": ""double"", ""value"": ""1e6""}]}",metres per second; kilometres per second; kilometres per hour,metres per second,motion/ui/ballMain; motion/ui/bodyGeneral; motion/ui/image; motion/ui/forces
Motion & Forces > Motion > Balls,Rubber ball,motion/rubber-ball2,user-velocity-x,Velocity (x),double,writable-computed,,no,,,,"{""label"": """", ""values"": [{""key"": """", ""type"": ""value-map"", ""value"": ""-1e6 1e6""}, {""key"": ""min"", ""type"": ""double"", ""value"": ""-1e6""}, {""key"": ""max"", ""type"": ""double"", ""value"": ""1e6""}]}",metres per second; kilometres per second; kilometres per hour,metres per second,motion/ui/ballMain; motion/ui/bodyGeneral; motion/ui/image; motion/ui/forces
Motion & Forces > Motion > Balls,Rubber ball,motion/rubber-ball2,user-velocity-y,Velocity (y),double,writable-computed,,no,,,,"{""label"": """", ""values"": [{""key"": """", ""type"": ""value-map"", ""value"": ""-1e6 1e6""}, {""key"": ""min"", ""type"": ""double"", ""value"": ""-1e6""}, {""key"": ""max"", ""type"": ""double"", ""value"": ""1e6""}]}",metres per second; kilometres per second; kilometres per hour,metres per second,motion/ui/ballMain; motion/ui/bodyGeneral; motion/ui/image; motion/ui/forces
Motion & Forces > Motion > Balls,Rubber ball,motion/rubber-ball2,user-force,Driving force (magnitude),double,,,no,,,,,newton; kilonewton,newton,motion/ui/ballMain; motion/ui/bodyGeneral; motion/ui/image; motion/ui/forces
Motion & Forces > Motion > Balls,Rubber ball,motion/rubber-ball2,user-force-x,Driving force (x),double,writable-computed,,no,,,,,newton; kilonewton,newton,motion/ui/ballMain; motion/ui/bodyGeneral; motion/ui/image; motion/ui/forces
Motion & Forces > Motion > Balls,Rubber ball,motion/rubber-ball2,user-force-y,Driving force (y),double,writable-computed,,no,,,,,newton; kilonewton,newton,motion/ui/ballMain; motion/ui/bodyGeneral; motion/ui/image; motion/ui/forces
Motion & Forces > Motion > Balls,Rubber ball,motion/rubber-ball2,user-motion-pos-x,Displacement (x),double,writable-computed,,no,,,,,picometer; nanometer; micrometer; millimeter; centimeter; meter; kilometer,meter,motion/ui/ballMain; motion/ui/bodyGeneral; motion/ui/image; motion/ui/forces
Motion & Forces > Motion > Balls,Rubber ball,motion/rubber-ball2,user-motion-pos-y,Displacement (y),double,writable-computed,,no,,,,,picometer; nanometer; micrometer; millimeter; centimeter; meter; kilometer,meter,motion/ui/ballMain; motion/ui/bodyGeneral; motion/ui/image; motion/ui/forces
Motion & Forces > Motion > Balls,Rubber ball,motion/rubber-ball2,distance-from-origin,Distance,double,computed,,no,,,,,picometer; nanometer; micrometer; millimeter; centimeter; meter; kilometer,meter,motion/ui/ballMain; motion/ui/bodyGeneral; motion/ui/image; motion/ui/forces
Motion & Forces > Motion > Balls,Rubber ball,motion/rubber-ball2,user-acc-x,Acceleration (x),double,computed,,no,,,,,,metres per second per second,motion/ui/ballMain; motion/ui/bodyGeneral; motion/ui/image; motion/ui/forces
Motion & Forces > Motion > Balls,Rubber ball,motion/rubber-ball2,user-acc-y,Acceleration (y),double,computed,,no,,,,,,metres per second per second,motion/ui/ballMain; motion/ui/bodyGeneral; motion/ui/image; motion/ui/forces
Motion & Forces > Motion > Balls,Rubber ball,motion/rubber-ball2,user-acc-mag,Acceleration (magnitude),double,computed,,no,,,,,,metres per second per second,motion/ui/ballMain; motion/ui/bodyGeneral; motion/ui/image; motion/ui/forces
Motion & Forces > Motion > Balls,Rubber ball,motion/rubber-ball2,user-net-force-mag,Net force (translational),double,computed,,no,,,,,,newton,motion/ui/ballMain; motion/ui/bodyGeneral; motion/ui/image; motion/ui/forces
Motion & Forces > Motion > Balls,Rubber ball,motion/rubber-ball2,speed,Speed,,proxy,../p[@key='user-velocity'],no,,,,,,,motion/ui/ballMain; motion/ui/bodyGeneral; motion/ui/image; motion/ui/forces
Motion & Forces > Motion > Balls,Rubber ball,motion/rubber-ball2,translational-ek,Kinetic energy (translational),double,computed,,no,,,,,joule; kilojoule,joule,motion/ui/ballMain; motion/ui/bodyGeneral; motion/ui/image; motion/ui/forces
Motion & Forces > Motion > Balls,Rubber ball,motion/rubber-ball2,rotational-ek,Kinetic energy (rotational),double,computed,,no,,,,,joule; kilojoule,joule,motion/ui/ballMain; motion/ui/bodyGeneral; motion/ui/image; motion/ui/forces
Motion & Forces > Motion > Balls,Rubber ball,motion/rubber-ball2,total-ek,Kinetic energy (total),double,computed,,no,,,,,joule; kilojoule,joule,motion/ui/ballMain; motion/ui/bodyGeneral; motion/ui/image; motion/ui/forces
Motion & Forces > Motion > Balls,Rubber ball,motion/rubber-ball2,gravitational-ep,Gravitational potential energy,double,computed,,no,,,,,joule; kilojoule,joule,motion/ui/ballMain; motion/ui/bodyGeneral; motion/ui/image; motion/ui/forces
Motion & Forces > Motion > Balls,Rubber ball,motion/rubber-ball2,momentum-x,Momentum (x),double,computed,,no,,,,,,kilogram metres per second,motion/ui/ballMain; motion/ui/bodyGeneral; motion/ui/image; motion/ui/forces
Motion & Forces > Motion > Balls,Rubber ball,motion/rubber-ball2,momentum-y,Momentum (y),double,computed,,no,,,,,,kilogram metres per second,motion/ui/ballMain; motion/ui/bodyGeneral; motion/ui/image; motion/ui/forces
Motion & Forces > Motion > Balls,Rubber ball,motion/rubber-ball2,density,Density,double,computed,,no,,,,"{""label"": """", ""values"": [{""key"": """", ""type"": ""value-map"", ""value"": ""0""}, {""key"": ""min"", ""type"": ""double"", ""value"": ""0""}]}",grams per cubic centimetre; kilograms per cubic metre,kilograms per cubic metre,motion/ui/ballMain; motion/ui/bodyGeneral; motion/ui/image; motion/ui/forces
Motion & Forces > Motion > Balls,Rubber ball,motion/rubber-ball2,volume,Volume,double,computed,,no,,,,"{""label"": """", ""values"": [{""key"": """", ""type"": ""value-map"", ""value"": ""0""}, {""key"": ""min"", ""type"": ""double"", ""value"": ""0""}]}",cm3; m3,cm3,motion/ui/ballMain; motion/ui/bodyGeneral; motion/ui/image; motion/ui/forces
Motion & Forces > Motion > Balls,Rubber ball,motion/rubber-ball2,forces-shown,Force shown,bool,,,yes,ObserverCheckBox,Show forces,,,,,motion/ui/ballMain; motion/ui/bodyGeneral; motion/ui/image; motion/ui/forces
Motion & Forces > Motion > Balls,Rubber ball,motion/rubber-ball2,force-labels-shown,Force labels shown,bool,,,yes,ObserverComboBox,,,,,,motion/ui/ballMain; motion/ui/bodyGeneral; motion/ui/image; motion/ui/forces
Motion & Forces > Motion > Balls,Rubber ball,motion/rubber-ball2,gravity-force-shown,Weight shown,bool,,,yes,ObserverCheckBox,Weight,,,,,motion/ui/ballMain; motion/ui/bodyGeneral; motion/ui/image; motion/ui/forces
Motion & Forces > Motion > Balls,Rubber ball,motion/rubber-ball2,resolved-gravity-force-shown,Resolved weight shown,bool,,,yes,ObserverCheckBox,Weight (resolved),,,,,motion/ui/ballMain; motion/ui/bodyGeneral; motion/ui/image; motion/ui/forces
Motion & Forces > Motion > Balls,Rubber ball,motion/rubber-ball2,net-force-shown,Net force shown,bool,,,yes,ObserverCheckBox,Net force,,,,,motion/ui/ballMain; motion/ui/bodyGeneral; motion/ui/image; motion/ui/forces
Motion & Forces > Motion > Balls,Rubber ball,motion/rubber-ball2,constant-force-shown,Driving force shown,bool,,,yes,ObserverCheckBox,Driving force,,,,,motion/ui/ballMain; motion/ui/bodyGeneral; motion/ui/image; motion/ui/forces
Motion & Forces > Motion > Balls,Rubber ball,motion/rubber-ball2,friction-force-shown,Friction force shown,bool,,,yes,ObserverCheckBox,Friction,,,,,motion/ui/ballMain; motion/ui/bodyGeneral; motion/ui/image; motion/ui/forces
Motion & Forces > Motion > Balls,Rubber ball,motion/rubber-ball2,contact-force-shown,Contact force shown,bool,,,yes,ObserverCheckBox,Contact,,,,,motion/ui/ballMain; motion/ui/bodyGeneral; motion/ui/image; motion/ui/forces
Motion & Forces > Motion > Balls,Rubber ball,motion/rubber-ball2,tension-force-shown,Tension force shown,bool,,,yes,ObserverCheckBox,Tension,,,,,motion/ui/ballMain; motion/ui/bodyGeneral; motion/ui/image; motion/ui/forces
Motion & Forces > Motion > Balls,Rubber ball,motion/rubber-ball2,drag-force-shown,Drag force shown,bool,,,yes,ObserverCheckBox,Drag force,,,,,motion/ui/ballMain; motion/ui/bodyGeneral; motion/ui/image; motion/ui/forces
Motion & Forces > Motion > Balls,Rubber ball,motion/rubber-ball2,buoyancy-force-shown,Buoyancy force shown,bool,,,yes,ObserverCheckBox,Buoyancy force,,,,,motion/ui/ballMain; motion/ui/bodyGeneral; motion/ui/image; motion/ui/forces
Motion & Forces > Motion > Balls,Rubber ball,motion/rubber-ball2,material,,,,,yes,ObserverComboBox,,,,,,motion/ui/ballMain; motion/ui/bodyGeneral; motion/ui/image; motion/ui/forces
Motion & Forces > Motion > Balls,Rubber ball,motion/rubber-ball2,static-friction,Static friction,double,,0.0,yes,ObserverSpinBox,,,"{""label"": """", ""values"": [{""key"": """", ""type"": ""value-map"", ""value"": ""0.0 5.0""}, {""key"": ""min"", ""type"": ""double"", ""value"": ""0.0""}, {""key"": ""max"", ""type"": ""double"", ""value"": ""5.0""}]}",,,motion/ui/ballMain; motion/ui/bodyGeneral; motion/ui/image; motion/ui/forces
Motion & Forces > Motion > Balls,Rubber ball,motion/rubber-ball2,dynamic-friction,Kinetic friction,double,,0.0,yes,ObserverSpinBox,,,"{""label"": """", ""values"": [{""key"": """", ""type"": ""value-map"", ""value"": ""0.0 5.0""}, {""key"": ""min"", ""type"": ""double"", ""value"": ""0.0""}, {""key"": ""max"", ""type"": ""double"", ""value"": ""5.0""}]}",,,motion/ui/ballMain; motion/ui/bodyGeneral; motion/ui/image; motion/ui/forces
Motion & Forces > Motion > Balls,Rubber ball,motion/rubber-ball2,coefficient-of-restitution,Elasticity,double,,0.0,yes,ObserverSpinBox,,,"{""label"": """", ""values"": [{""key"": """", ""type"": ""value-map"", ""value"": ""0.0 1.0""}, {""key"": ""min"", ""type"": ""double"", ""value"": ""0.0""}, {""key"": ""max"", ""type"": ""double"", ""value"": ""1.0""}]}",,,motion/ui/ballMain; motion/ui/bodyGeneral; motion/ui/image; motion/ui/forces
Motion & Forces > Motion > Balls,Rubber ball,motion/rubber-ball2,control-mode,Control mode,string,,Velocity,yes,ObserverComboBox,,,"{""label"": ""set-validator"", ""values"": [{""key"": """", ""type"": ""string-array"", ""value"": ""Velocity Force""}, {""key"": """", ""type"": ""string"", ""value"": ""Velocity""}, {""key"": """", ""type"": ""string"", ""value"": ""Force""}]}",,,motion/ui/ballMain; motion/ui/bodyGeneral; motion/ui/image; motion/ui/forces
Motion & Forces > Motion > Balls,Rubber ball,motion/rubber-ball2,part-id-prefix,,,,,no,,,,,,,motion/ui/ballMain; motion/ui/bodyGeneral; motion/ui/image; motion/ui/forces
Motion & Forces > Motion > Balls,Rubber ball,motion/rubber-ball2,radius,,,,0.05,yes,ObserverSpinBox; UnitChooser,,,,,,motion/ui/ballMain; motion/ui/bodyGeneral; motion/ui/image; motion/ui/forces
Motion & Forces > Motion > Balls,Rubber ball,motion/rubber-ball2,user-mass,Mass,,proxy,../p[@key='own-mass'],yes,ObserverSpinBox; UnitChooser,,,,,,motion/ui/ballMain; motion/ui/bodyGeneral; motion/ui/image; motion/ui/forces
Motion & Forces > Motion > Balls,Rubber ball,motion/rubber-ball2,image,,,,motion/images/balls/rubber,yes,ResourceDropdown,,,,,,motion/ui/ballMain; motion/ui/bodyGeneral; motion/ui/image; motion/ui/forces
Motion & Forces > Motion > Balls,Metal ball,motion/metal-ball2,moment-of-inertia,Moment of inertia,double,computed,,no,,,,,gram metres squared; kilogram metres squared,kilogram metres squared,motion/ui/ballMain; motion/ui/bodyGeneral; motion/ui/image; motion/ui/forces
Motion & Forces > Motion > Balls,Metal ball,motion/metal-ball2,own-mass,,,,4.19,no,,,,,,,motion/ui/ballMain; motion/ui/bodyGeneral; motion/ui/image; motion/ui/forces
Motion & Forces > Motion > Balls,Metal ball,motion/metal-ball2,user-ang,Angle of rotation,,"proxy,readonly",../p[@key='ang'],no,,,,,,,motion/ui/ballMain; motion/ui/bodyGeneral; motion/ui/image; motion/ui/forces
Motion & Forces > Motion > Balls,Metal ball,motion/metal-ball2,user-angvel,Angular velocity,,"proxy,readonly",../p[@key='angvel'],no,,,,,,,motion/ui/ballMain; motion/ui/bodyGeneral; motion/ui/image; motion/ui/forces
Motion & Forces > Motion > Balls,Metal ball,motion/metal-ball2,user-angacc,Angular acceleration,double,computed,,no,,,,,,,motion/ui/ballMain; motion/ui/bodyGeneral; motion/ui/image; motion/ui/forces
Motion & Forces > Motion > Balls,Metal ball,motion/metal-ball2,user-torque,Torque,double,computed,,no,,,,,newton metre,newton metre,motion/ui/ballMain; motion/ui/bodyGeneral; motion/ui/image; motion/ui/forces
Motion & Forces > Motion > Balls,Metal ball,motion/metal-ball2,weight,Weight,double,computed,,no,,,,,newton; kilonewton,newton,motion/ui/ballMain; motion/ui/bodyGeneral; motion/ui/image; motion/ui/forces
Motion & Forces > Motion > Balls,Metal ball,motion/metal-ball2,drag-coefficient,,,,0.5,yes,ObserverSpinBox,,,,,,motion/ui/ballMain; motion/ui/bodyGeneral; motion/ui/image; motion/ui/forces
Motion & Forces > Motion > Balls,Metal ball,motion/metal-ball2,user-velocity,Velocity (magnitude),double,writable-computed,,no,,,,"{""label"": """", ""values"": [{""key"": """", ""type"": ""value-map"", ""value"": ""-1e6 1e6""}, {""key"": ""min"", ""type"": ""double"", ""value"": ""-1e6""}, {""key"": ""max"", ""type"": ""double"", ""value"": ""1e6""}]}",metres per second; kilometres per second; kilometres per hour,metres per second,motion/ui/ballMain; motion/ui/bodyGeneral; motion/ui/image; motion/ui/forces
Motion & Forces > Motion > Balls,Metal ball,motion/metal-ball2,user-velocity-x,Velocity (x),double,writable-computed,,no,,,,"{""label"": """", ""values"": [{""key"": """", ""type"": ""value-map"", ""value"": ""-1e6 1e6""}, {""key"": ""min"", ""type"": ""double"", ""value"": ""-1e6""}, {""key"": ""max"", ""type"": ""double"", ""value"": ""1e6""}]}",metres per second; kilometres per second; kilometres per hour,metres per second,motion/ui/ballMain; motion/ui/bodyGeneral; motion/ui/image; motion/ui/forces
Motion & Forces > Motion > Balls,Metal ball,motion/metal-ball2,user-velocity-y,Velocity (y),double,writable-computed,,no,,,,"{""label"": """", ""values"": [{""key"": """", ""type"": ""value-map"", ""value"": ""-1e6 1e6""}, {""key"": ""min"", ""type"": ""double"", ""value"": ""-1e6""}, {""key"": ""max"", ""type"": ""double"", ""value"": ""1e6""}]}",metres per second; kilometres per second; kilometres per hour,metres per second,motion/ui/ballMain; motion/ui/bodyGeneral; motion/ui/image; motion/ui/forces
Motion & Forces > Motion > Balls,Metal ball,motion/metal-ball2,user-force,Driving force (magnitude),double,,,no,,,,,newton; kilonewton,newton,motion/ui/ballMain; motion/ui/bodyGeneral; motion/ui/image; motion/ui/forces
Motion & Forces > Motion > Balls,Metal ball,motion/metal-ball2,user-force-x,Driving force (x),double,writable-computed,,no,,,,,newton; kilonewton,newton,motion/ui/ballMain; motion/ui/bodyGeneral; motion/ui/image; motion/ui/forces
Motion & Forces > Motion > Balls,Metal ball,motion/metal-ball2,user-force-y,Driving force (y),double,writable-computed,,no,,,,,newton; kilonewton,newton,motion/ui/ballMain; motion/ui/bodyGeneral; motion/ui/image; motion/ui/forces
Motion & Forces > Motion > Balls,Metal ball,motion/metal-ball2,user-motion-pos-x,Displacement (x),double,writable-computed,,no,,,,,picometer; nanometer; micrometer; millimeter; centimeter; meter; kilometer,meter,motion/ui/ballMain; motion/ui/bodyGeneral; motion/ui/image; motion/ui/forces
Motion & Forces > Motion > Balls,Metal ball,motion/metal-ball2,user-motion-pos-y,Displacement (y),double,writable-computed,,no,,,,,picometer; nanometer; micrometer; millimeter; centimeter; meter; kilometer,meter,motion/ui/ballMain; motion/ui/bodyGeneral; motion/ui/image; motion/ui/forces
Motion & Forces > Motion > Balls,Metal ball,motion/metal-ball2,distance-from-origin,Distance,double,computed,,no,,,,,picometer; nanometer; micrometer; millimeter; centimeter; meter; kilometer,meter,motion/ui/ballMain; motion/ui/bodyGeneral; motion/ui/image; motion/ui/forces
Motion & Forces > Motion > Balls,Metal ball,motion/metal-ball2,user-acc-x,Acceleration (x),double,computed,,no,,,,,,metres per second per second,motion/ui/ballMain; motion/ui/bodyGeneral; motion/ui/image; motion/ui/forces
Motion & Forces > Motion > Balls,Metal ball,motion/metal-ball2,user-acc-y,Acceleration (y),double,computed,,no,,,,,,metres per second per second,motion/ui/ballMain; motion/ui/bodyGeneral; motion/ui/image; motion/ui/forces
Motion & Forces > Motion > Balls,Metal ball,motion/metal-ball2,user-acc-mag,Acceleration (magnitude),double,computed,,no,,,,,,metres per second per second,motion/ui/ballMain; motion/ui/bodyGeneral; motion/ui/image; motion/ui/forces
Motion & Forces > Motion > Balls,Metal ball,motion/metal-ball2,user-net-force-mag,Net force (translational),double,computed,,no,,,,,,newton,motion/ui/ballMain; motion/ui/bodyGeneral; motion/ui/image; motion/ui/forces
Motion & Forces > Motion > Balls,Metal ball,motion/metal-ball2,speed,Speed,,proxy,../p[@key='user-velocity'],no,,,,,,,motion/ui/ballMain; motion/ui/bodyGeneral; motion/ui/image; motion/ui/forces
Motion & Forces > Motion > Balls,Metal ball,motion/metal-ball2,translational-ek,Kinetic energy (translational),double,computed,,no,,,,,joule; kilojoule,joule,motion/ui/ballMain; motion/ui/bodyGeneral; motion/ui/image; motion/ui/forces
Motion & Forces > Motion > Balls,Metal ball,motion/metal-ball2,rotational-ek,Kinetic energy (rotational),double,computed,,no,,,,,joule; kilojoule,joule,motion/ui/ballMain; motion/ui/bodyGeneral; motion/ui/image; motion/ui/forces
Motion & Forces > Motion > Balls,Metal ball,motion/metal-ball2,total-ek,Kinetic energy (total),double,computed,,no,,,,,joule; kilojoule,joule,motion/ui/ballMain; motion/ui/bodyGeneral; motion/ui/image; motion/ui/forces
Motion & Forces > Motion > Balls,Metal ball,motion/metal-ball2,gravitational-ep,Gravitational potential energy,double,computed,,no,,,,,joule; kilojoule,joule,motion/ui/ballMain; motion/ui/bodyGeneral; motion/ui/image; motion/ui/forces
Motion & Forces > Motion > Balls,Metal ball,motion/metal-ball2,momentum-x,Momentum (x),double,computed,,no,,,,,,kilogram metres per second,motion/ui/ballMain; motion/ui/bodyGeneral; motion/ui/image; motion/ui/forces
Motion & Forces > Motion > Balls,Metal ball,motion/metal-ball2,momentum-y,Momentum (y),double,computed,,no,,,,,,kilogram metres per second,motion/ui/ballMain; motion/ui/bodyGeneral; motion/ui/image; motion/ui/forces
Motion & Forces > Motion > Balls,Metal ball,motion/metal-ball2,density,Density,double,computed,,no,,,,"{""label"": """", ""values"": [{""key"": """", ""type"": ""value-map"", ""value"": ""0""}, {""key"": ""min"", ""type"": ""double"", ""value"": ""0""}]}",grams per cubic centimetre; kilograms per cubic metre,kilograms per cubic metre,motion/ui/ballMain; motion/ui/bodyGeneral; motion/ui/image; motion/ui/forces
Motion & Forces > Motion > Balls,Metal ball,motion/metal-ball2,volume,Volume,double,computed,,no,,,,"{""label"": """", ""values"": [{""key"": """", ""type"": ""value-map"", ""value"": ""0""}, {""key"": ""min"", ""type"": ""double"", ""value"": ""0""}]}",cm3; m3,cm3,motion/ui/ballMain; motion/ui/bodyGeneral; motion/ui/image; motion/ui/forces
Motion & Forces > Motion > Balls,Metal ball,motion/metal-ball2,forces-shown,Force shown,bool,,,yes,ObserverCheckBox,Show forces,,,,,motion/ui/ballMain; motion/ui/bodyGeneral; motion/ui/image; motion/ui/forces
Motion & Forces > Motion > Balls,Metal ball,motion/metal-ball2,force-labels-shown,Force labels shown,bool,,,yes,ObserverComboBox,,,,,,motion/ui/ballMain; motion/ui/bodyGeneral; motion/ui/image; motion/ui/forces
Motion & Forces > Motion > Balls,Metal ball,motion/metal-ball2,gravity-force-shown,Weight shown,bool,,,yes,ObserverCheckBox,Weight,,,,,motion/ui/ballMain; motion/ui/bodyGeneral; motion/ui/image; motion/ui/forces
Motion & Forces > Motion > Balls,Metal ball,motion/metal-ball2,resolved-gravity-force-shown,Resolved weight shown,bool,,,yes,ObserverCheckBox,Weight (resolved),,,,,motion/ui/ballMain; motion/ui/bodyGeneral; motion/ui/image; motion/ui/forces
Motion & Forces > Motion > Balls,Metal ball,motion/metal-ball2,net-force-shown,Net force shown,bool,,,yes,ObserverCheckBox,Net force,,,,,motion/ui/ballMain; motion/ui/bodyGeneral; motion/ui/image; motion/ui/forces
Motion & Forces > Motion > Balls,Metal ball,motion/metal-ball2,constant-force-shown,Driving force shown,bool,,,yes,ObserverCheckBox,Driving force,,,,,motion/ui/ballMain; motion/ui/bodyGeneral; motion/ui/image; motion/ui/forces
Motion & Forces > Motion > Balls,Metal ball,motion/metal-ball2,friction-force-shown,Friction force shown,bool,,,yes,ObserverCheckBox,Friction,,,,,motion/ui/ballMain; motion/ui/bodyGeneral; motion/ui/image; motion/ui/forces
Motion & Forces > Motion > Balls,Metal ball,motion/metal-ball2,contact-force-shown,Contact force shown,bool,,,yes,ObserverCheckBox,Contact,,,,,motion/ui/ballMain; motion/ui/bodyGeneral; motion/ui/image; motion/ui/forces
Motion & Forces > Motion > Balls,Metal ball,motion/metal-ball2,tension-force-shown,Tension force shown,bool,,,yes,ObserverCheckBox,Tension,,,,,motion/ui/ballMain; motion/ui/bodyGeneral; motion/ui/image; motion/ui/forces
Motion & Forces > Motion > Balls,Metal ball,motion/metal-ball2,drag-force-shown,Drag force shown,bool,,,yes,ObserverCheckBox,Drag force,,,,,motion/ui/ballMain; motion/ui/bodyGeneral; motion/ui/image; motion/ui/forces
Motion & Forces > Motion > Balls,Metal ball,motion/metal-ball2,buoyancy-force-shown,Buoyancy force shown,bool,,,yes,ObserverCheckBox,Buoyancy force,,,,,motion/ui/ballMain; motion/ui/bodyGeneral; motion/ui/image; motion/ui/forces
Motion & Forces > Motion > Balls,Metal ball,motion/metal-ball2,material,,,,,yes,ObserverComboBox,,,,,,motion/ui/ballMain; motion/ui/bodyGeneral; motion/ui/image; motion/ui/forces
Motion & Forces > Motion > Balls,Metal ball,motion/metal-ball2,static-friction,Static friction,double,,0.0,yes,ObserverSpinBox,,,"{""label"": """", ""values"": [{""key"": """", ""type"": ""value-map"", ""value"": ""0.0 5.0""}, {""key"": ""min"", ""type"": ""double"", ""value"": ""0.0""}, {""key"": ""max"", ""type"": ""double"", ""value"": ""5.0""}]}",,,motion/ui/ballMain; motion/ui/bodyGeneral; motion/ui/image; motion/ui/forces
Motion & Forces > Motion > Balls,Metal ball,motion/metal-ball2,dynamic-friction,Kinetic friction,double,,0.0,yes,ObserverSpinBox,,,"{""label"": """", ""values"": [{""key"": """", ""type"": ""value-map"", ""value"": ""0.0 5.0""}, {""key"": ""min"", ""type"": ""double"", ""value"": ""0.0""}, {""key"": ""max"", ""type"": ""double"", ""value"": ""5.0""}]}",,,motion/ui/ballMain; motion/ui/bodyGeneral; motion/ui/image; motion/ui/forces
Motion & Forces > Motion > Balls,Metal ball,motion/metal-ball2,coefficient-of-restitution,Elasticity,double,,0.0,yes,ObserverSpinBox,,,"{""label"": """", ""values"": [{""key"": """", ""type"": ""value-map"", ""value"": ""0.0 1.0""}, {""key"": ""min"", ""type"": ""double"", ""value"": ""0.0""}, {""key"": ""max"", ""type"": ""double"", ""value"": ""1.0""}]}",,,motion/ui/ballMain; motion/ui/bodyGeneral; motion/ui/image; motion/ui/forces
Motion & Forces > Motion > Balls,Metal ball,motion/metal-ball2,control-mode,Control mode,string,,Velocity,yes,ObserverComboBox,,,"{""label"": ""set-validator"", ""values"": [{""key"": """", ""type"": ""string-array"", ""value"": ""Velocity Force""}, {""key"": """", ""type"": ""string"", ""value"": ""Velocity""}, {""key"": """", ""type"": ""string"", ""value"": ""Force""}]}",,,motion/ui/ballMain; motion/ui/bodyGeneral; motion/ui/image; motion/ui/forces
Motion & Forces > Motion > Balls,Metal ball,motion/metal-ball2,part-id-prefix,,,,,no,,,,,,,motion/ui/ballMain; motion/ui/bodyGeneral; motion/ui/image; motion/ui/forces
Motion & Forces > Motion > Balls,Metal ball,motion/metal-ball2,radius,,,,0.05,yes,ObserverSpinBox; UnitChooser,,,,,,motion/ui/ballMain; motion/ui/bodyGeneral; motion/ui/image; motion/ui/forces
Motion & Forces > Motion > Balls,Metal ball,motion/metal-ball2,user-mass,Mass,,proxy,../p[@key='own-mass'],yes,ObserverSpinBox; UnitChooser,,,,,,motion/ui/ballMain; motion/ui/bodyGeneral; motion/ui/image; motion/ui/forces
Motion & Forces > Motion > Balls,Metal ball,motion/metal-ball2,image,,,,motion/images/balls/metal,yes,ResourceDropdown,,,,,,motion/ui/ballMain; motion/ui/bodyGeneral; motion/ui/image; motion/ui/forces
Motion & Forces > Motion > Balls,Concrete ball,motion/concrete-ball2,moment-of-inertia,Moment of inertia,double,computed,,no,,,,,gram metres squared; kilogram metres squared,kilogram metres squared,motion/ui/ballMain; motion/ui/bodyGeneral; motion/ui/image; motion/ui/forces
Motion & Forces > Motion > Balls,Concrete ball,motion/concrete-ball2,own-mass,,,,1.26,no,,,,,,,motion/ui/ballMain; motion/ui/bodyGeneral; motion/ui/image; motion/ui/forces
Motion & Forces > Motion > Balls,Concrete ball,motion/concrete-ball2,user-ang,Angle of rotation,,"proxy,readonly",../p[@key='ang'],no,,,,,,,motion/ui/ballMain; motion/ui/bodyGeneral; motion/ui/image; motion/ui/forces
Motion & Forces > Motion > Balls,Concrete ball,motion/concrete-ball2,user-angvel,Angular velocity,,"proxy,readonly",../p[@key='angvel'],no,,,,,,,motion/ui/ballMain; motion/ui/bodyGeneral; motion/ui/image; motion/ui/forces
Motion & Forces > Motion > Balls,Concrete ball,motion/concrete-ball2,user-angacc,Angular acceleration,double,computed,,no,,,,,,,motion/ui/ballMain; motion/ui/bodyGeneral; motion/ui/image; motion/ui/forces
Motion & Forces > Motion > Balls,Concrete ball,motion/concrete-ball2,user-torque,Torque,double,computed,,no,,,,,newton metre,newton metre,motion/ui/ballMain; motion/ui/bodyGeneral; motion/ui/image; motion/ui/forces
Motion & Forces > Motion > Balls,Concrete ball,motion/concrete-ball2,weight,Weight,double,computed,,no,,,,,newton; kilonewton,newton,motion/ui/ballMain; motion/ui/bodyGeneral; motion/ui/image; motion/ui/forces
Motion & Forces > Motion > Balls,Concrete ball,motion/concrete-ball2,drag-coefficient,,,,0.5,yes,ObserverSpinBox,,,,,,motion/ui/ballMain; motion/ui/bodyGeneral; motion/ui/image; motion/ui/forces
Motion & Forces > Motion > Balls,Concrete ball,motion/concrete-ball2,user-velocity,Velocity (magnitude),double,writable-computed,,no,,,,"{""label"": """", ""values"": [{""key"": """", ""type"": ""value-map"", ""value"": ""-1e6 1e6""}, {""key"": ""min"", ""type"": ""double"", ""value"": ""-1e6""}, {""key"": ""max"", ""type"": ""double"", ""value"": ""1e6""}]}",metres per second; kilometres per second; kilometres per hour,metres per second,motion/ui/ballMain; motion/ui/bodyGeneral; motion/ui/image; motion/ui/forces
Motion & Forces > Motion > Balls,Concrete ball,motion/concrete-ball2,user-velocity-x,Velocity (x),double,writable-computed,,no,,,,"{""label"": """", ""values"": [{""key"": """", ""type"": ""value-map"", ""value"": ""-1e6 1e6""}, {""key"": ""min"", ""type"": ""double"", ""value"": ""-1e6""}, {""key"": ""max"", ""type"": ""double"", ""value"": ""1e6""}]}",metres per second; kilometres per second; kilometres per hour,metres per second,motion/ui/ballMain; motion/ui/bodyGeneral; motion/ui/image; motion/ui/forces
Motion & Forces > Motion > Balls,Concrete ball,motion/concrete-ball2,user-velocity-y,Velocity (y),double,writable-computed,,no,,,,"{""label"": """", ""values"": [{""key"": """", ""type"": ""value-map"", ""value"": ""-1e6 1e6""}, {""key"": ""min"", ""type"": ""double"", ""value"": ""-1e6""}, {""key"": ""max"", ""type"": ""double"", ""value"": ""1e6""}]}",metres per second; kilometres per second; kilometres per hour,metres per second,motion/ui/ballMain; motion/ui/bodyGeneral; motion/ui/image; motion/ui/forces
Motion & Forces > Motion > Balls,Concrete ball,motion/concrete-ball2,user-force,Driving force (magnitude),double,,,no,,,,,newton; kilonewton,newton,motion/ui/ballMain; motion/ui/bodyGeneral; motion/ui/image; motion/ui/forces
Motion & Forces > Motion > Balls,Concrete ball,motion/concrete-ball2,user-force-x,Driving force (x),double,writable-computed,,no,,,,,newton; kilonewton,newton,motion/ui/ballMain; motion/ui/bodyGeneral; motion/ui/image; motion/ui/forces
Motion & Forces > Motion > Balls,Concrete ball,motion/concrete-ball2,user-force-y,Driving force (y),double,writable-computed,,no,,,,,newton; kilonewton,newton,motion/ui/ballMain; motion/ui/bodyGeneral; motion/ui/image; motion/ui/forces
Motion & Forces > Motion > Balls,Concrete ball,motion/concrete-ball2,user-motion-pos-x,Displacement (x),double,writable-computed,,no,,,,,picometer; nanometer; micrometer; millimeter; centimeter; meter; kilometer,meter,motion/ui/ballMain; motion/ui/bodyGeneral; motion/ui/image; motion/ui/forces
Motion & Forces > Motion > Balls,Concrete ball,motion/concrete-ball2,user-motion-pos-y,Displacement (y),double,writable-computed,,no,,,,,picometer; nanometer; micrometer; millimeter; centimeter; meter; kilometer,meter,motion/ui/ballMain; motion/ui/bodyGeneral; motion/ui/image; motion/ui/forces
Motion & Forces > Motion > Balls,Concrete ball,motion/concrete-ball2,distance-from-origin,Distance,double,computed,,no,,,,,picometer; nanometer; micrometer; millimeter; centimeter; meter; kilometer,meter,motion/ui/ballMain; motion/ui/bodyGeneral; motion/ui/image; motion/ui/forces
Motion & Forces > Motion > Balls,Concrete ball,motion/concrete-ball2,user-acc-x,Acceleration (x),double,computed,,no,,,,,,metres per second per second,motion/ui/ballMain; motion/ui/bodyGeneral; motion/ui/image; motion/ui/forces
Motion & Forces > Motion > Balls,Concrete ball,motion/concrete-ball2,user-acc-y,Acceleration (y),double,computed,,no,,,,,,metres per second per second,motion/ui/ballMain; motion/ui/bodyGeneral; motion/ui/image; motion/ui/forces
Motion & Forces > Motion > Balls,Concrete ball,motion/concrete-ball2,user-acc-mag,Acceleration (magnitude),double,computed,,no,,,,,,metres per second per second,motion/ui/ballMain; motion/ui/bodyGeneral; motion/ui/image; motion/ui/forces
Motion & Forces > Motion > Balls,Concrete ball,motion/concrete-ball2,user-net-force-mag,Net force (translational),double,computed,,no,,,,,,newton,motion/ui/ballMain; motion/ui/bodyGeneral; motion/ui/image; motion/ui/forces
Motion & Forces > Motion > Balls,Concrete ball,motion/concrete-ball2,speed,Speed,,proxy,../p[@key='user-velocity'],no,,,,,,,motion/ui/ballMain; motion/ui/bodyGeneral; motion/ui/image; motion/ui/forces
Motion & Forces > Motion > Balls,Concrete ball,motion/concrete-ball2,translational-ek,Kinetic energy (translational),double,computed,,no,,,,,joule; kilojoule,joule,motion/ui/ballMain; motion/ui/bodyGeneral; motion/ui/image; motion/ui/forces
Motion & Forces > Motion > Balls,Concrete ball,motion/concrete-ball2,rotational-ek,Kinetic energy (rotational),double,computed,,no,,,,,joule; kilojoule,joule,motion/ui/ballMain; motion/ui/bodyGeneral; motion/ui/image; motion/ui/forces
Motion & Forces > Motion > Balls,Concrete ball,motion/concrete-ball2,total-ek,Kinetic energy (total),double,computed,,no,,,,,joule; kilojoule,joule,motion/ui/ballMain; motion/ui/bodyGeneral; motion/ui/image; motion/ui/forces
Motion & Forces > Motion > Balls,Concrete ball,motion/concrete-ball2,gravitational-ep,Gravitational potential energy,double,computed,,no,,,,,joule; kilojoule,joule,motion/ui/ballMain; motion/ui/bodyGeneral; motion/ui/image; motion/ui/forces
Motion & Forces > Motion > Balls,Concrete ball,motion/concrete-ball2,momentum-x,Momentum (x),double,computed,,no,,,,,,kilogram metres per second,motion/ui/ballMain; motion/ui/bodyGeneral; motion/ui/image; motion/ui/forces
Motion & Forces > Motion > Balls,Concrete ball,motion/concrete-ball2,momentum-y,Momentum (y),double,computed,,no,,,,,,kilogram metres per second,motion/ui/ballMain; motion/ui/bodyGeneral; motion/ui/image; motion/ui/forces
Motion & Forces > Motion > Balls,Concrete ball,motion/concrete-ball2,density,Density,double,computed,,no,,,,"{""label"": """", ""values"": [{""key"": """", ""type"": ""value-map"", ""value"": ""0""}, {""key"": ""min"", ""type"": ""double"", ""value"": ""0""}]}",grams per cubic centimetre; kilograms per cubic metre,kilograms per cubic metre,motion/ui/ballMain; motion/ui/bodyGeneral; motion/ui/image; motion/ui/forces
Motion & Forces > Motion > Balls,Concrete ball,motion/concrete-ball2,volume,Volume,double,computed,,no,,,,"{""label"": """", ""values"": [{""key"": """", ""type"": ""value-map"", ""value"": ""0""}, {""key"": ""min"", ""type"": ""double"", ""value"": ""0""}]}",cm3; m3,cm3,motion/ui/ballMain; motion/ui/bodyGeneral; motion/ui/image; motion/ui/forces
Motion & Forces > Motion > Balls,Concrete ball,motion/concrete-ball2,forces-shown,Force shown,bool,,,yes,ObserverCheckBox,Show forces,,,,,motion/ui/ballMain; motion/ui/bodyGeneral; motion/ui/image; motion/ui/forces
Motion & Forces > Motion > Balls,Concrete ball,motion/concrete-ball2,force-labels-shown,Force labels shown,bool,,,yes,ObserverComboBox,,,,,,motion/ui/ballMain; motion/ui/bodyGeneral; motion/ui/image; motion/ui/forces
Motion & Forces > Motion > Balls,Concrete ball,motion/concrete-ball2,gravity-force-shown,Weight shown,bool,,,yes,ObserverCheckBox,Weight,,,,,motion/ui/ballMain; motion/ui/bodyGeneral; motion/ui/image; motion/ui/forces
Motion & Forces > Motion > Balls,Concrete ball,motion/concrete-ball2,resolved-gravity-force-shown,Resolved weight shown,bool,,,yes,ObserverCheckBox,Weight (resolved),,,,,motion/ui/ballMain; motion/ui/bodyGeneral; motion/ui/image; motion/ui/forces
Motion & Forces > Motion > Balls,Concrete ball,motion/concrete-ball2,net-force-shown,Net force shown,bool,,,yes,ObserverCheckBox,Net force,,,,,motion/ui/ballMain; motion/ui/bodyGeneral; motion/ui/image; motion/ui/forces
Motion & Forces > Motion > Balls,Concrete ball,motion/concrete-ball2,constant-force-shown,Driving force shown,bool,,,yes,ObserverCheckBox,Driving force,,,,,motion/ui/ballMain; motion/ui/bodyGeneral; motion/ui/image; motion/ui/forces
Motion & Forces > Motion > Balls,Concrete ball,motion/concrete-ball2,friction-force-shown,Friction force shown,bool,,,yes,ObserverCheckBox,Friction,,,,,motion/ui/ballMain; motion/ui/bodyGeneral; motion/ui/image; motion/ui/forces
Motion & Forces > Motion > Balls,Concrete ball,motion/concrete-ball2,contact-force-shown,Contact force shown,bool,,,yes,ObserverCheckBox,Contact,,,,,motion/ui/ballMain; motion/ui/bodyGeneral; motion/ui/image; motion/ui/forces
Motion & Forces > Motion > Balls,Concrete ball,motion/concrete-ball2,tension-force-shown,Tension force shown,bool,,,yes,ObserverCheckBox,Tension,,,,,motion/ui/ballMain; motion/ui/bodyGeneral; motion/ui/image; motion/ui/forces
Motion & Forces > Motion > Balls,Concrete ball,motion/concrete-ball2,drag-force-shown,Drag force shown,bool,,,yes,ObserverCheckBox,Drag force,,,,,motion/ui/ballMain; motion/ui/bodyGeneral; motion/ui/image; motion/ui/forces
Motion & Forces > Motion > Balls,Concrete ball,motion/concrete-ball2,buoyancy-force-shown,Buoyancy force shown,bool,,,yes,ObserverCheckBox,Buoyancy force,,,,,motion/ui/ballMain; motion/ui/bodyGeneral; motion/ui/image; motion/ui/forces
Motion & Forces > Motion > Balls,Concrete ball,motion/concrete-ball2,material,,,,,yes,ObserverComboBox,,,,,,motion/ui/ballMain; motion/ui/bodyGeneral; motion/ui/image; motion/ui/forces
Motion & Forces > Motion > Balls,Concrete ball,motion/concrete-ball2,static-friction,Static friction,double,,0.0,yes,ObserverSpinBox,,,"{""label"": """", ""values"": [{""key"": """", ""type"": ""value-map"", ""value"": ""0.0 5.0""}, {""key"": ""min"", ""type"": ""double"", ""value"": ""0.0""}, {""key"": ""max"", ""type"": ""double"", ""value"": ""5.0""}]}",,,motion/ui/ballMain; motion/ui/bodyGeneral; motion/ui/image; motion/ui/forces
Motion & Forces > Motion > Balls,Concrete ball,motion/concrete-ball2,dynamic-friction,Kinetic friction,double,,0.0,yes,ObserverSpinBox,,,"{""label"": """", ""values"": [{""key"": """", ""type"": ""value-map"", ""value"": ""0.0 5.0""}, {""key"": ""min"", ""type"": ""double"", ""value"": ""0.0""}, {""key"": ""max"", ""type"": ""double"", ""value"": ""5.0""}]}",,,motion/ui/ballMain; motion/ui/bodyGeneral; motion/ui/image; motion/ui/forces
Motion & Forces > Motion > Balls,Concrete ball,motion/concrete-ball2,coefficient-of-restitution,Elasticity,double,,0.0,yes,ObserverSpinBox,,,"{""label"": """", ""values"": [{""key"": """", ""type"": ""value-map"", ""value"": ""0.0 1.0""}, {""key"": ""min"", ""type"": ""double"", ""value"": ""0.0""}, {""key"": ""max"", ""type"": ""double"", ""value"": ""1.0""}]}",,,motion/ui/ballMain; motion/ui/bodyGeneral; motion/ui/image; motion/ui/forces
Motion & Forces > Motion > Balls,Concrete ball,motion/concrete-ball2,control-mode,Control mode,string,,Velocity,yes,ObserverComboBox,,,"{""label"": ""set-validator"", ""values"": [{""key"": """", ""type"": ""string-array"", ""value"": ""Velocity Force""}, {""key"": """", ""type"": ""string"", ""value"": ""Velocity""}, {""key"": """", ""type"": ""string"", ""value"": ""Force""}]}",,,motion/ui/ballMain; motion/ui/bodyGeneral; motion/ui/image; motion/ui/forces
Motion & Forces > Motion > Balls,Concrete ball,motion/concrete-ball2,part-id-prefix,,,,,no,,,,,,,motion/ui/ballMain; motion/ui/bodyGeneral; motion/ui/image; motion/ui/forces
Motion & Forces > Motion > Balls,Concrete ball,motion/concrete-ball2,radius,,,,0.05,yes,ObserverSpinBox; UnitChooser,,,,,,motion/ui/ballMain; motion/ui/bodyGeneral; motion/ui/image; motion/ui/forces
Motion & Forces > Motion > Balls,Concrete ball,motion/concrete-ball2,user-mass,Mass,,proxy,../p[@key='own-mass'],yes,ObserverSpinBox; UnitChooser,,,,,,motion/ui/ballMain; motion/ui/bodyGeneral; motion/ui/image; motion/ui/forces
Motion & Forces > Motion > Balls,Concrete ball,motion/concrete-ball2,image,,,,motion/images/balls/concrete,yes,ResourceDropdown,,,,,,motion/ui/ballMain; motion/ui/bodyGeneral; motion/ui/image; motion/ui/forces
Motion & Forces > Motion > Balls,Glass ball,motion/glass-ball2,moment-of-inertia,Moment of inertia,double,computed,,no,,,,,gram metres squared; kilogram metres squared,kilogram metres squared,motion/ui/ballMain; motion/ui/bodyGeneral; motion/ui/image; motion/ui/forces
Motion & Forces > Motion > Balls,Glass ball,motion/glass-ball2,own-mass,,,,1.31,no,,,,,,,motion/ui/ballMain; motion/ui/bodyGeneral; motion/ui/image; motion/ui/forces
Motion & Forces > Motion > Balls,Glass ball,motion/glass-ball2,user-ang,Angle of rotation,,"proxy,readonly",../p[@key='ang'],no,,,,,,,motion/ui/ballMain; motion/ui/bodyGeneral; motion/ui/image; motion/ui/forces
Motion & Forces > Motion > Balls,Glass ball,motion/glass-ball2,user-angvel,Angular velocity,,"proxy,readonly",../p[@key='angvel'],no,,,,,,,motion/ui/ballMain; motion/ui/bodyGeneral; motion/ui/image; motion/ui/forces
Motion & Forces > Motion > Balls,Glass ball,motion/glass-ball2,user-angacc,Angular acceleration,double,computed,,no,,,,,,,motion/ui/ballMain; motion/ui/bodyGeneral; motion/ui/image; motion/ui/forces
Motion & Forces > Motion > Balls,Glass ball,motion/glass-ball2,user-torque,Torque,double,computed,,no,,,,,newton metre,newton metre,motion/ui/ballMain; motion/ui/bodyGeneral; motion/ui/image; motion/ui/forces
Motion & Forces > Motion > Balls,Glass ball,motion/glass-ball2,weight,Weight,double,computed,,no,,,,,newton; kilonewton,newton,motion/ui/ballMain; motion/ui/bodyGeneral; motion/ui/image; motion/ui/forces
Motion & Forces > Motion > Balls,Glass ball,motion/glass-ball2,drag-coefficient,,,,0.5,yes,ObserverSpinBox,,,,,,motion/ui/ballMain; motion/ui/bodyGeneral; motion/ui/image; motion/ui/forces
Motion & Forces > Motion > Balls,Glass ball,motion/glass-ball2,user-velocity,Velocity (magnitude),double,writable-computed,,no,,,,"{""label"": """", ""values"": [{""key"": """", ""type"": ""value-map"", ""value"": ""-1e6 1e6""}, {""key"": ""min"", ""type"": ""double"", ""value"": ""-1e6""}, {""key"": ""max"", ""type"": ""double"", ""value"": ""1e6""}]}",metres per second; kilometres per second; kilometres per hour,metres per second,motion/ui/ballMain; motion/ui/bodyGeneral; motion/ui/image; motion/ui/forces
Motion & Forces > Motion > Balls,Glass ball,motion/glass-ball2,user-velocity-x,Velocity (x),double,writable-computed,,no,,,,"{""label"": """", ""values"": [{""key"": """", ""type"": ""value-map"", ""value"": ""-1e6 1e6""}, {""key"": ""min"", ""type"": ""double"", ""value"": ""-1e6""}, {""key"": ""max"", ""type"": ""double"", ""value"": ""1e6""}]}",metres per second; kilometres per second; kilometres per hour,metres per second,motion/ui/ballMain; motion/ui/bodyGeneral; motion/ui/image; motion/ui/forces
Motion & Forces > Motion > Balls,Glass ball,motion/glass-ball2,user-velocity-y,Velocity (y),double,writable-computed,,no,,,,"{""label"": """", ""values"": [{""key"": """", ""type"": ""value-map"", ""value"": ""-1e6 1e6""}, {""key"": ""min"", ""type"": ""double"", ""value"": ""-1e6""}, {""key"": ""max"", ""type"": ""double"", ""value"": ""1e6""}]}",metres per second; kilometres per second; kilometres per hour,metres per second,motion/ui/ballMain; motion/ui/bodyGeneral; motion/ui/image; motion/ui/forces
Motion & Forces > Motion > Balls,Glass ball,motion/glass-ball2,user-force,Driving force (magnitude),double,,,no,,,,,newton; kilonewton,newton,motion/ui/ballMain; motion/ui/bodyGeneral; motion/ui/image; motion/ui/forces
Motion & Forces > Motion > Balls,Glass ball,motion/glass-ball2,user-force-x,Driving force (x),double,writable-computed,,no,,,,,newton; kilonewton,newton,motion/ui/ballMain; motion/ui/bodyGeneral; motion/ui/image; motion/ui/forces
Motion & Forces > Motion > Balls,Glass ball,motion/glass-ball2,user-force-y,Driving force (y),double,writable-computed,,no,,,,,newton; kilonewton,newton,motion/ui/ballMain; motion/ui/bodyGeneral; motion/ui/image; motion/ui/forces
Motion & Forces > Motion > Balls,Glass ball,motion/glass-ball2,user-motion-pos-x,Displacement (x),double,writable-computed,,no,,,,,picometer; nanometer; micrometer; millimeter; centimeter; meter; kilometer,meter,motion/ui/ballMain; motion/ui/bodyGeneral; motion/ui/image; motion/ui/forces
Motion & Forces > Motion > Balls,Glass ball,motion/glass-ball2,user-motion-pos-y,Displacement (y),double,writable-computed,,no,,,,,picometer; nanometer; micrometer; millimeter; centimeter; meter; kilometer,meter,motion/ui/ballMain; motion/ui/bodyGeneral; motion/ui/image; motion/ui/forces
Motion & Forces > Motion > Balls,Glass ball,motion/glass-ball2,distance-from-origin,Distance,double,computed,,no,,,,,picometer; nanometer; micrometer; millimeter; centimeter; meter; kilometer,meter,motion/ui/ballMain; motion/ui/bodyGeneral; motion/ui/image; motion/ui/forces
Motion & Forces > Motion > Balls,Glass ball,motion/glass-ball2,user-acc-x,Acceleration (x),double,computed,,no,,,,,,metres per second per second,motion/ui/ballMain; motion/ui/bodyGeneral; motion/ui/image; motion/ui/forces
Motion & Forces > Motion > Balls,Glass ball,motion/glass-ball2,user-acc-y,Acceleration (y),double,computed,,no,,,,,,metres per second per second,motion/ui/ballMain; motion/ui/bodyGeneral; motion/ui/image; motion/ui/forces
Motion & Forces > Motion > Balls,Glass ball,motion/glass-ball2,user-acc-mag,Acceleration (magnitude),double,computed,,no,,,,,,metres per second per second,motion/ui/ballMain; motion/ui/bodyGeneral; motion/ui/image; motion/ui/forces
Motion & Forces > Motion > Balls,Glass ball,motion/glass-ball2,user-net-force-mag,Net force (translational),double,computed,,no,,,,,,newton,motion/ui/ballMain; motion/ui/bodyGeneral; motion/ui/image; motion/ui/forces
Motion & Forces > Motion > Balls,Glass ball,motion/glass-ball2,speed,Speed,,proxy,../p[@key='user-velocity'],no,,,,,,,motion/ui/ballMain; motion/ui/bodyGeneral; motion/ui/image; motion/ui/forces
Motion & Forces > Motion > Balls,Glass ball,motion/glass-ball2,translational-ek,Kinetic energy (translational),double,computed,,no,,,,,joule; kilojoule,joule,motion/ui/ballMain; motion/ui/bodyGeneral; motion/ui/image; motion/ui/forces
Motion & Forces > Motion > Balls,Glass ball,motion/glass-ball2,rotational-ek,Kinetic energy (rotational),double,computed,,no,,,,,joule; kilojoule,joule,motion/ui/ballMain; motion/ui/bodyGeneral; motion/ui/image; motion/ui/forces
Motion & Forces > Motion > Balls,Glass ball,motion/glass-ball2,total-ek,Kinetic energy (total),double,computed,,no,,,,,joule; kilojoule,joule,motion/ui/ballMain; motion/ui/bodyGeneral; motion/ui/image; motion/ui/forces
Motion & Forces > Motion > Balls,Glass ball,motion/glass-ball2,gravitational-ep,Gravitational potential energy,double,computed,,no,,,,,joule; kilojoule,joule,motion/ui/ballMain; motion/ui/bodyGeneral; motion/ui/image; motion/ui/forces
Motion & Forces > Motion > Balls,Glass ball,motion/glass-ball2,momentum-x,Momentum (x),double,computed,,no,,,,,,kilogram metres per second,motion/ui/ballMain; motion/ui/bodyGeneral; motion/ui/image; motion/ui/forces
Motion & Forces > Motion > Balls,Glass ball,motion/glass-ball2,momentum-y,Momentum (y),double,computed,,no,,,,,,kilogram metres per second,motion/ui/ballMain; motion/ui/bodyGeneral; motion/ui/image; motion/ui/forces
Motion & Forces > Motion > Balls,Glass ball,motion/glass-ball2,density,Density,double,computed,,no,,,,"{""label"": """", ""values"": [{""key"": """", ""type"": ""value-map"", ""value"": ""0""}, {""key"": ""min"", ""type"": ""double"", ""value"": ""0""}]}",grams per cubic centimetre; kilograms per cubic metre,kilograms per cubic metre,motion/ui/ballMain; motion/ui/bodyGeneral; motion/ui/image; motion/ui/forces
Motion & Forces > Motion > Balls,Glass ball,motion/glass-ball2,volume,Volume,double,computed,,no,,,,"{""label"": """", ""values"": [{""key"": """", ""type"": ""value-map"", ""value"": ""0""}, {""key"": ""min"", ""type"": ""double"", ""value"": ""0""}]}",cm3; m3,cm3,motion/ui/ballMain; motion/ui/bodyGeneral; motion/ui/image; motion/ui/forces
Motion & Forces > Motion > Balls,Glass ball,motion/glass-ball2,forces-shown,Force shown,bool,,,yes,ObserverCheckBox,Show forces,,,,,motion/ui/ballMain; motion/ui/bodyGeneral; motion/ui/image; motion/ui/forces
Motion & Forces > Motion > Balls,Glass ball,motion/glass-ball2,force-labels-shown,Force labels shown,bool,,,yes,ObserverComboBox,,,,,,motion/ui/ballMain; motion/ui/bodyGeneral; motion/ui/image; motion/ui/forces
Motion & Forces > Motion > Balls,Glass ball,motion/glass-ball2,gravity-force-shown,Weight shown,bool,,,yes,ObserverCheckBox,Weight,,,,,motion/ui/ballMain; motion/ui/bodyGeneral; motion/ui/image; motion/ui/forces
Motion & Forces > Motion > Balls,Glass ball,motion/glass-ball2,resolved-gravity-force-shown,Resolved weight shown,bool,,,yes,ObserverCheckBox,Weight (resolved),,,,,motion/ui/ballMain; motion/ui/bodyGeneral; motion/ui/image; motion/ui/forces
Motion & Forces > Motion > Balls,Glass ball,motion/glass-ball2,net-force-shown,Net force shown,bool,,,yes,ObserverCheckBox,Net force,,,,,motion/ui/ballMain; motion/ui/bodyGeneral; motion/ui/image; motion/ui/forces
Motion & Forces > Motion > Balls,Glass ball,motion/glass-ball2,constant-force-shown,Driving force shown,bool,,,yes,ObserverCheckBox,Driving force,,,,,motion/ui/ballMain; motion/ui/bodyGeneral; motion/ui/image; motion/ui/forces
Motion & Forces > Motion > Balls,Glass ball,motion/glass-ball2,friction-force-shown,Friction force shown,bool,,,yes,ObserverCheckBox,Friction,,,,,motion/ui/ballMain; motion/ui/bodyGeneral; motion/ui/image; motion/ui/forces
Motion & Forces > Motion > Balls,Glass ball,motion/glass-ball2,contact-force-shown,Contact force shown,bool,,,yes,ObserverCheckBox,Contact,,,,,motion/ui/ballMain; motion/ui/bodyGeneral; motion/ui/image; motion/ui/forces
Motion & Forces > Motion > Balls,Glass ball,motion/glass-ball2,tension-force-shown,Tension force shown,bool,,,yes,ObserverCheckBox,Tension,,,,,motion/ui/ballMain; motion/ui/bodyGeneral; motion/ui/image; motion/ui/forces
Motion & Forces > Motion > Balls,Glass ball,motion/glass-ball2,drag-force-shown,Drag force shown,bool,,,yes,ObserverCheckBox,Drag force,,,,,motion/ui/ballMain; motion/ui/bodyGeneral; motion/ui/image; motion/ui/forces
Motion & Forces > Motion > Balls,Glass ball,motion/glass-ball2,buoyancy-force-shown,Buoyancy force shown,bool,,,yes,ObserverCheckBox,Buoyancy force,,,,,motion/ui/ballMain; motion/ui/bodyGeneral; motion/ui/image; motion/ui/forces
Motion & Forces > Motion > Balls,Glass ball,motion/glass-ball2,material,,,,,yes,ObserverComboBox,,,,,,motion/ui/ballMain; motion/ui/bodyGeneral; motion/ui/image; motion/ui/forces
Motion & Forces > Motion > Balls,Glass ball,motion/glass-ball2,static-friction,Static friction,double,,0.0,yes,ObserverSpinBox,,,"{""label"": """", ""values"": [{""key"": """", ""type"": ""value-map"", ""value"": ""0.0 5.0""}, {""key"": ""min"", ""type"": ""double"", ""value"": ""0.0""}, {""key"": ""max"", ""type"": ""double"", ""value"": ""5.0""}]}",,,motion/ui/ballMain; motion/ui/bodyGeneral; motion/ui/image; motion/ui/forces
Motion & Forces > Motion > Balls,Glass ball,motion/glass-ball2,dynamic-friction,Kinetic friction,double,,0.0,yes,ObserverSpinBox,,,"{""label"": """", ""values"": [{""key"": """", ""type"": ""value-map"", ""value"": ""0.0 5.0""}, {""key"": ""min"", ""type"": ""double"", ""value"": ""0.0""}, {""key"": ""max"", ""type"": ""double"", ""value"": ""5.0""}]}",,,motion/ui/ballMain; motion/ui/bodyGeneral; motion/ui/image; motion/ui/forces
Motion & Forces > Motion > Balls,Glass ball,motion/glass-ball2,coefficient-of-restitution,Elasticity,double,,0.0,yes,ObserverSpinBox,,,"{""label"": """", ""values"": [{""key"": """", ""type"": ""value-map"", ""value"": ""0.0 1.0""}, {""key"": ""min"", ""type"": ""double"", ""value"": ""0.0""}, {""key"": ""max"", ""type"": ""double"", ""value"": ""1.0""}]}",,,motion/ui/ballMain; motion/ui/bodyGeneral; motion/ui/image; motion/ui/forces
Motion & Forces > Motion > Balls,Glass ball,motion/glass-ball2,control-mode,Control mode,string,,Velocity,yes,ObserverComboBox,,,"{""label"": ""set-validator"", ""values"": [{""key"": """", ""type"": ""string-array"", ""value"": ""Velocity Force""}, {""key"": """", ""type"": ""string"", ""value"": ""Velocity""}, {""key"": """", ""type"": ""string"", ""value"": ""Force""}]}",,,motion/ui/ballMain; motion/ui/bodyGeneral; motion/ui/image; motion/ui/forces
Motion & Forces > Motion > Balls,Glass ball,motion/glass-ball2,part-id-prefix,,,,,no,,,,,,,motion/ui/ballMain; motion/ui/bodyGeneral; motion/ui/image; motion/ui/forces
Motion & Forces > Motion > Balls,Glass ball,motion/glass-ball2,radius,,,,0.05,yes,ObserverSpinBox; UnitChooser,,,,,,motion/ui/ballMain; motion/ui/bodyGeneral; motion/ui/image; motion/ui/forces
Motion & Forces > Motion > Balls,Glass ball,motion/glass-ball2,user-mass,Mass,,proxy,../p[@key='own-mass'],yes,ObserverSpinBox; UnitChooser,,,,,,motion/ui/ballMain; motion/ui/bodyGeneral; motion/ui/image; motion/ui/forces
Motion & Forces > Motion > Balls,Glass ball,motion/glass-ball2,image,,,,motion/images/balls/glass,yes,ResourceDropdown,,,,,,motion/ui/ballMain; motion/ui/bodyGeneral; motion/ui/image; motion/ui/forces
Motion & Forces > Motion > Balls,Ice ball,motion/ice-ball2,moment-of-inertia,Moment of inertia,double,computed,,no,,,,,gram metres squared; kilogram metres squared,kilogram metres squared,motion/ui/ballMain; motion/ui/bodyGeneral; motion/ui/image; motion/ui/forces
Motion & Forces > Motion > Balls,Ice ball,motion/ice-ball2,own-mass,,,,0.5,no,,,,,,,motion/ui/ballMain; motion/ui/bodyGeneral; motion/ui/image; motion/ui/forces
Motion & Forces > Motion > Balls,Ice ball,motion/ice-ball2,user-ang,Angle of rotation,,"proxy,readonly",../p[@key='ang'],no,,,,,,,motion/ui/ballMain; motion/ui/bodyGeneral; motion/ui/image; motion/ui/forces
Motion & Forces > Motion > Balls,Ice ball,motion/ice-ball2,user-angvel,Angular velocity,,"proxy,readonly",../p[@key='angvel'],no,,,,,,,motion/ui/ballMain; motion/ui/bodyGeneral; motion/ui/image; motion/ui/forces
Motion & Forces > Motion > Balls,Ice ball,motion/ice-ball2,user-angacc,Angular acceleration,double,computed,,no,,,,,,,motion/ui/ballMain; motion/ui/bodyGeneral; motion/ui/image; motion/ui/forces
Motion & Forces > Motion > Balls,Ice ball,motion/ice-ball2,user-torque,Torque,double,computed,,no,,,,,newton metre,newton metre,motion/ui/ballMain; motion/ui/bodyGeneral; motion/ui/image; motion/ui/forces
Motion & Forces > Motion > Balls,Ice ball,motion/ice-ball2,weight,Weight,double,computed,,no,,,,,newton; kilonewton,newton,motion/ui/ballMain; motion/ui/bodyGeneral; motion/ui/image; motion/ui/forces
Motion & Forces > Motion > Balls,Ice ball,motion/ice-ball2,drag-coefficient,,,,0.5,yes,ObserverSpinBox,,,,,,motion/ui/ballMain; motion/ui/bodyGeneral; motion/ui/image; motion/ui/forces
Motion & Forces > Motion > Balls,Ice ball,motion/ice-ball2,user-velocity,Velocity (magnitude),double,writable-computed,,no,,,,"{""label"": """", ""values"": [{""key"": """", ""type"": ""value-map"", ""value"": ""-1e6 1e6""}, {""key"": ""min"", ""type"": ""double"", ""value"": ""-1e6""}, {""key"": ""max"", ""type"": ""double"", ""value"": ""1e6""}]}",metres per second; kilometres per second; kilometres per hour,metres per second,motion/ui/ballMain; motion/ui/bodyGeneral; motion/ui/image; motion/ui/forces
Motion & Forces > Motion > Balls,Ice ball,motion/ice-ball2,user-velocity-x,Velocity (x),double,writable-computed,,no,,,,"{""label"": """", ""values"": [{""key"": """", ""type"": ""value-map"", ""value"": ""-1e6 1e6""}, {""key"": ""min"", ""type"": ""double"", ""value"": ""-1e6""}, {""key"": ""max"", ""type"": ""double"", ""value"": ""1e6""}]}",metres per second; kilometres per second; kilometres per hour,metres per second,motion/ui/ballMain; motion/ui/bodyGeneral; motion/ui/image; motion/ui/forces
Motion & Forces > Motion > Balls,Ice ball,motion/ice-ball2,user-velocity-y,Velocity (y),double,writable-computed,,no,,,,"{""label"": """", ""values"": [{""key"": """", ""type"": ""value-map"", ""value"": ""-1e6 1e6""}, {""key"": ""min"", ""type"": ""double"", ""value"": ""-1e6""}, {""key"": ""max"", ""type"": ""double"", ""value"": ""1e6""}]}",metres per second; kilometres per second; kilometres per hour,metres per second,motion/ui/ballMain; motion/ui/bodyGeneral; motion/ui/image; motion/ui/forces
Motion & Forces > Motion > Balls,Ice ball,motion/ice-ball2,user-force,Driving force (magnitude),double,,,no,,,,,newton; kilonewton,newton,motion/ui/ballMain; motion/ui/bodyGeneral; motion/ui/image; motion/ui/forces
Motion & Forces > Motion > Balls,Ice ball,motion/ice-ball2,user-force-x,Driving force (x),double,writable-computed,,no,,,,,newton; kilonewton,newton,motion/ui/ballMain; motion/ui/bodyGeneral; motion/ui/image; motion/ui/forces
Motion & Forces > Motion > Balls,Ice ball,motion/ice-ball2,user-force-y,Driving force (y),double,writable-computed,,no,,,,,newton; kilonewton,newton,motion/ui/ballMain; motion/ui/bodyGeneral; motion/ui/image; motion/ui/forces
Motion & Forces > Motion > Balls,Ice ball,motion/ice-ball2,user-motion-pos-x,Displacement (x),double,writable-computed,,no,,,,,picometer; nanometer; micrometer; millimeter; centimeter; meter; kilometer,meter,motion/ui/ballMain; motion/ui/bodyGeneral; motion/ui/image; motion/ui/forces
Motion & Forces > Motion > Balls,Ice ball,motion/ice-ball2,user-motion-pos-y,Displacement (y),double,writable-computed,,no,,,,,picometer; nanometer; micrometer; millimeter; centimeter; meter; kilometer,meter,motion/ui/ballMain; motion/ui/bodyGeneral; motion/ui/image; motion/ui/forces
Motion & Forces > Motion > Balls,Ice ball,motion/ice-ball2,distance-from-origin,Distance,double,computed,,no,,,,,picometer; nanometer; micrometer; millimeter; centimeter; meter; kilometer,meter,motion/ui/ballMain; motion/ui/bodyGeneral; motion/ui/image; motion/ui/forces
Motion & Forces > Motion > Balls,Ice ball,motion/ice-ball2,user-acc-x,Acceleration (x),double,computed,,no,,,,,,metres per second per second,motion/ui/ballMain; motion/ui/bodyGeneral; motion/ui/image; motion/ui/forces
Motion & Forces > Motion > Balls,Ice ball,motion/ice-ball2,user-acc-y,Acceleration (y),double,computed,,no,,,,,,metres per second per second,motion/ui/ballMain; motion/ui/bodyGeneral; motion/ui/image; motion/ui/forces
Motion & Forces > Motion > Balls,Ice ball,motion/ice-ball2,user-acc-mag,Acceleration (magnitude),double,computed,,no,,,,,,metres per second per second,motion/ui/ballMain; motion/ui/bodyGeneral; motion/ui/image; motion/ui/forces
Motion & Forces > Motion > Balls,Ice ball,motion/ice-ball2,user-net-force-mag,Net force (translational),double,computed,,no,,,,,,newton,motion/ui/ballMain; motion/ui/bodyGeneral; motion/ui/image; motion/ui/forces
Motion & Forces > Motion > Balls,Ice ball,motion/ice-ball2,speed,Speed,,proxy,../p[@key='user-velocity'],no,,,,,,,motion/ui/ballMain; motion/ui/bodyGeneral; motion/ui/image; motion/ui/forces
Motion & Forces > Motion > Balls,Ice ball,motion/ice-ball2,translational-ek,Kinetic energy (translational),double,computed,,no,,,,,joule; kilojoule,joule,motion/ui/ballMain; motion/ui/bodyGeneral; motion/ui/image; motion/ui/forces
Motion & Forces > Motion > Balls,Ice ball,motion/ice-ball2,rotational-ek,Kinetic energy (rotational),double,computed,,no,,,,,joule; kilojoule,joule,motion/ui/ballMain; motion/ui/bodyGeneral; motion/ui/image; motion/ui/forces
Motion & Forces > Motion > Balls,Ice ball,motion/ice-ball2,total-ek,Kinetic energy (total),double,computed,,no,,,,,joule; kilojoule,joule,motion/ui/ballMain; motion/ui/bodyGeneral; motion/ui/image; motion/ui/forces
Motion & Forces > Motion > Balls,Ice ball,motion/ice-ball2,gravitational-ep,Gravitational potential energy,double,computed,,no,,,,,joule; kilojoule,joule,motion/ui/ballMain; motion/ui/bodyGeneral; motion/ui/image; motion/ui/forces
Motion & Forces > Motion > Balls,Ice ball,motion/ice-ball2,momentum-x,Momentum (x),double,computed,,no,,,,,,kilogram metres per second,motion/ui/ballMain; motion/ui/bodyGeneral; motion/ui/image; motion/ui/forces
Motion & Forces > Motion > Balls,Ice ball,motion/ice-ball2,momentum-y,Momentum (y),double,computed,,no,,,,,,kilogram metres per second,motion/ui/ballMain; motion/ui/bodyGeneral; motion/ui/image; motion/ui/forces
Motion & Forces > Motion > Balls,Ice ball,motion/ice-ball2,density,Density,double,computed,,no,,,,"{""label"": """", ""values"": [{""key"": """", ""type"": ""value-map"", ""value"": ""0""}, {""key"": ""min"", ""type"": ""double"", ""value"": ""0""}]}",grams per cubic centimetre; kilograms per cubic metre,kilograms per cubic metre,motion/ui/ballMain; motion/ui/bodyGeneral; motion/ui/image; motion/ui/forces
Motion & Forces > Motion > Balls,Ice ball,motion/ice-ball2,volume,Volume,double,computed,,no,,,,"{""label"": """", ""values"": [{""key"": """", ""type"": ""value-map"", ""value"": ""0""}, {""key"": ""min"", ""type"": ""double"", ""value"": ""0""}]}",cm3; m3,cm3,motion/ui/ballMain; motion/ui/bodyGeneral; motion/ui/image; motion/ui/forces
Motion & Forces > Motion > Balls,Ice ball,motion/ice-ball2,forces-shown,Force shown,bool,,,yes,ObserverCheckBox,Show forces,,,,,motion/ui/ballMain; motion/ui/bodyGeneral; motion/ui/image; motion/ui/forces
Motion & Forces > Motion > Balls,Ice ball,motion/ice-ball2,force-labels-shown,Force labels shown,bool,,,yes,ObserverComboBox,,,,,,motion/ui/ballMain; motion/ui/bodyGeneral; motion/ui/image; motion/ui/forces
Motion & Forces > Motion > Balls,Ice ball,motion/ice-ball2,gravity-force-shown,Weight shown,bool,,,yes,ObserverCheckBox,Weight,,,,,motion/ui/ballMain; motion/ui/bodyGeneral; motion/ui/image; motion/ui/forces
Motion & Forces > Motion > Balls,Ice ball,motion/ice-ball2,resolved-gravity-force-shown,Resolved weight shown,bool,,,yes,ObserverCheckBox,Weight (resolved),,,,,motion/ui/ballMain; motion/ui/bodyGeneral; motion/ui/image; motion/ui/forces
Motion & Forces > Motion > Balls,Ice ball,motion/ice-ball2,net-force-shown,Net force shown,bool,,,yes,ObserverCheckBox,Net force,,,,,motion/ui/ballMain; motion/ui/bodyGeneral; motion/ui/image; motion/ui/forces
Motion & Forces > Motion > Balls,Ice ball,motion/ice-ball2,constant-force-shown,Driving force shown,bool,,,yes,ObserverCheckBox,Driving force,,,,,motion/ui/ballMain; motion/ui/bodyGeneral; motion/ui/image; motion/ui/forces
Motion & Forces > Motion > Balls,Ice ball,motion/ice-ball2,friction-force-shown,Friction force shown,bool,,,yes,ObserverCheckBox,Friction,,,,,motion/ui/ballMain; motion/ui/bodyGeneral; motion/ui/image; motion/ui/forces
Motion & Forces > Motion > Balls,Ice ball,motion/ice-ball2,contact-force-shown,Contact force shown,bool,,,yes,ObserverCheckBox,Contact,,,,,motion/ui/ballMain; motion/ui/bodyGeneral; motion/ui/image; motion/ui/forces
Motion & Forces > Motion > Balls,Ice ball,motion/ice-ball2,tension-force-shown,Tension force shown,bool,,,yes,ObserverCheckBox,Tension,,,,,motion/ui/ballMain; motion/ui/bodyGeneral; motion/ui/image; motion/ui/forces
Motion & Forces > Motion > Balls,Ice ball,motion/ice-ball2,drag-force-shown,Drag force shown,bool,,,yes,ObserverCheckBox,Drag force,,,,,motion/ui/ballMain; motion/ui/bodyGeneral; motion/ui/image; motion/ui/forces
Motion & Forces > Motion > Balls,Ice ball,motion/ice-ball2,buoyancy-force-shown,Buoyancy force shown,bool,,,yes,ObserverCheckBox,Buoyancy force,,,,,motion/ui/ballMain; motion/ui/bodyGeneral; motion/ui/image; motion/ui/forces
Motion & Forces > Motion > Balls,Ice ball,motion/ice-ball2,material,,,,,yes,ObserverComboBox,,,,,,motion/ui/ballMain; motion/ui/bodyGeneral; motion/ui/image; motion/ui/forces
Motion & Forces > Motion > Balls,Ice ball,motion/ice-ball2,static-friction,Static friction,double,,0.0,yes,ObserverSpinBox,,,"{""label"": """", ""values"": [{""key"": """", ""type"": ""value-map"", ""value"": ""0.0 5.0""}, {""key"": ""min"", ""type"": ""double"", ""value"": ""0.0""}, {""key"": ""max"", ""type"": ""double"", ""value"": ""5.0""}]}",,,motion/ui/ballMain; motion/ui/bodyGeneral; motion/ui/image; motion/ui/forces
Motion & Forces > Motion > Balls,Ice ball,motion/ice-ball2,dynamic-friction,Kinetic friction,double,,0.0,yes,ObserverSpinBox,,,"{""label"": """", ""values"": [{""key"": """", ""type"": ""value-map"", ""value"": ""0.0 5.0""}, {""key"": ""min"", ""type"": ""double"", ""value"": ""0.0""}, {""key"": ""max"", ""type"": ""double"", ""value"": ""5.0""}]}",,,motion/ui/ballMain; motion/ui/bodyGeneral; motion/ui/image; motion/ui/forces
Motion & Forces > Motion > Balls,Ice ball,motion/ice-ball2,coefficient-of-restitution,Elasticity,double,,0.0,yes,ObserverSpinBox,,,"{""label"": """", ""values"": [{""key"": """", ""type"": ""value-map"", ""value"": ""0.0 1.0""}, {""key"": ""min"", ""type"": ""double"", ""value"": ""0.0""}, {""key"": ""max"", ""type"": ""double"", ""value"": ""1.0""}]}",,,motion/ui/ballMain; motion/ui/bodyGeneral; motion/ui/image; motion/ui/forces
Motion & Forces > Motion > Balls,Ice ball,motion/ice-ball2,control-mode,Control mode,string,,Velocity,yes,ObserverComboBox,,,"{""label"": ""set-validator"", ""values"": [{""key"": """", ""type"": ""string-array"", ""value"": ""Velocity Force""}, {""key"": """", ""type"": ""string"", ""value"": ""Velocity""}, {""key"": """", ""type"": ""string"", ""value"": ""Force""}]}",,,motion/ui/ballMain; motion/ui/bodyGeneral; motion/ui/image; motion/ui/forces
Motion & Forces > Motion > Balls,Ice ball,motion/ice-ball2,part-id-prefix,,,,,no,,,,,,,motion/ui/ballMain; motion/ui/bodyGeneral; motion/ui/image; motion/ui/forces
Motion & Forces > Motion > Balls,Ice ball,motion/ice-ball2,radius,,,,0.05,yes,ObserverSpinBox; UnitChooser,,,,,,motion/ui/ballMain; motion/ui/bodyGeneral; motion/ui/image; motion/ui/forces
Motion & Forces > Motion > Balls,Ice ball,motion/ice-ball2,user-mass,Mass,,proxy,../p[@key='own-mass'],yes,ObserverSpinBox; UnitChooser,,,,,,motion/ui/ballMain; motion/ui/bodyGeneral; motion/ui/image; motion/ui/forces
Motion & Forces > Motion > Balls,Ice ball,motion/ice-ball2,image,,,,motion/images/balls/ice,yes,ResourceDropdown,,,,,,motion/ui/ballMain; motion/ui/bodyGeneral; motion/ui/image; motion/ui/forces
Motion & Forces > Motion > Blocks,Ideal elastic block,motion/ideal-elastic-block,moment-of-inertia,Moment of inertia,double,computed,,no,,,,,gram metres squared; kilogram metres squared,kilogram metres squared,motion/ui/blockMain; motion/ui/bodyGeneral; motion/ui/image; motion/ui/forces
Motion & Forces > Motion > Blocks,Ideal elastic block,motion/ideal-elastic-block,own-mass,,,,1,no,,,,"{""label"": """", ""values"": [{""key"": """", ""type"": ""value-map"", ""value"": ""1e-3 1e3""}, {""key"": ""min"", ""type"": ""double"", ""value"": ""1e-3""}, {""key"": ""max"", ""type"": ""double"", ""value"": ""1e3""}]}",,,motion/ui/blockMain; motion/ui/bodyGeneral; motion/ui/image; motion/ui/forces
Motion & Forces > Motion > Blocks,Ideal elastic block,motion/ideal-elastic-block,user-ang,Angle of rotation,,"proxy,readonly",../p[@key='ang'],no,,,,,,,motion/ui/blockMain; motion/ui/bodyGeneral; motion/ui/image; motion/ui/forces
Motion & Forces > Motion > Blocks,Ideal elastic block,motion/ideal-elastic-block,user-angvel,Angular velocity,,"proxy,readonly",../p[@key='angvel'],no,,,,,,,motion/ui/blockMain; motion/ui/bodyGeneral; motion/ui/image; motion/ui/forces
Motion & Forces > Motion > Blocks,Ideal elastic block,motion/ideal-elastic-block,user-angacc,Angular acceleration,double,computed,,no,,,,,,,motion/ui/blockMain; motion/ui/bodyGeneral; motion/ui/image; motion/ui/forces
Motion & Forces > Motion > Blocks,Ideal elastic block,motion/ideal-elastic-block,user-torque,Torque,double,computed,,no,,,,,newton metre,newton metre,motion/ui/blockMain; motion/ui/bodyGeneral; motion/ui/image; motion/ui/forces
Motion & Forces > Motion > Blocks,Ideal elastic block,motion/ideal-elastic-block,weight,Weight,double,computed,,no,,,,,newton; kilonewton,newton,motion/ui/blockMain; motion/ui/bodyGeneral; motion/ui/image; motion/ui/forces
Motion & Forces > Motion > Blocks,Ideal elastic block,motion/ideal-elastic-block,drag-coefficient,,,,1.0,yes,ObserverSpinBox,,,,,,motion/ui/blockMain; motion/ui/bodyGeneral; motion/ui/image; motion/ui/forces
Motion & Forces > Motion > Blocks,Ideal elastic block,motion/ideal-elastic-block,user-velocity,Velocity (magnitude),double,writable-computed,,no,,,,"{""label"": """", ""values"": [{""key"": """", ""type"": ""value-map"", ""value"": ""-1e6 1e6""}, {""key"": ""min"", ""type"": ""double"", ""value"": ""-1e6""}, {""key"": ""max"", ""type"": ""double"", ""value"": ""1e6""}]}",metres per second; kilometres per second; kilometres per hour,metres per second,motion/ui/blockMain; motion/ui/bodyGeneral; motion/ui/image; motion/ui/forces
Motion & Forces > Motion > Blocks,Ideal elastic block,motion/ideal-elastic-block,user-velocity-x,Velocity (x),double,writable-computed,,no,,,,"{""label"": """", ""values"": [{""key"": """", ""type"": ""value-map"", ""value"": ""-1e6 1e6""}, {""key"": ""min"", ""type"": ""double"", ""value"": ""-1e6""}, {""key"": ""max"", ""type"": ""double"", ""value"": ""1e6""}]}",metres per second; kilometres per second; kilometres per hour,metres per second,motion/ui/blockMain; motion/ui/bodyGeneral; motion/ui/image; motion/ui/forces
Motion & Forces > Motion > Blocks,Ideal elastic block,motion/ideal-elastic-block,user-velocity-y,Velocity (y),double,writable-computed,,no,,,,"{""label"": """", ""values"": [{""key"": """", ""type"": ""value-map"", ""value"": ""-1e6 1e6""}, {""key"": ""min"", ""type"": ""double"", ""value"": ""-1e6""}, {""key"": ""max"", ""type"": ""double"", ""value"": ""1e6""}]}",metres per second; kilometres per second; kilometres per hour,metres per second,motion/ui/blockMain; motion/ui/bodyGeneral; motion/ui/image; motion/ui/forces
Motion & Forces > Motion > Blocks,Ideal elastic block,motion/ideal-elastic-block,user-force,Driving force (magnitude),double,,,no,,,,,newton; kilonewton,newton,motion/ui/blockMain; motion/ui/bodyGeneral; motion/ui/image; motion/ui/forces
Motion & Forces > Motion > Blocks,Ideal elastic block,motion/ideal-elastic-block,user-force-x,Driving force (x),double,writable-computed,,no,,,,,newton; kilonewton,newton,motion/ui/blockMain; motion/ui/bodyGeneral; motion/ui/image; motion/ui/forces
Motion & Forces > Motion > Blocks,Ideal elastic block,motion/ideal-elastic-block,user-force-y,Driving force (y),double,writable-computed,,no,,,,,newton; kilonewton,newton,motion/ui/blockMain; motion/ui/bodyGeneral; motion/ui/image; motion/ui/forces
Motion & Forces > Motion > Blocks,Ideal elastic block,motion/ideal-elastic-block,user-motion-pos-x,Displacement (x),double,writable-computed,,no,,,,,picometer; nanometer; micrometer; millimeter; centimeter; meter; kilometer,meter,motion/ui/blockMain; motion/ui/bodyGeneral; motion/ui/image; motion/ui/forces
Motion & Forces > Motion > Blocks,Ideal elastic block,motion/ideal-elastic-block,user-motion-pos-y,Displacement (y),double,writable-computed,,no,,,,,picometer; nanometer; micrometer; millimeter; centimeter; meter; kilometer,meter,motion/ui/blockMain; motion/ui/bodyGeneral; motion/ui/image; motion/ui/forces
Motion & Forces > Motion > Blocks,Ideal elastic block,motion/ideal-elastic-block,distance-from-origin,Distance,double,computed,,no,,,,,picometer; nanometer; micrometer; millimeter; centimeter; meter; kilometer,meter,motion/ui/blockMain; motion/ui/bodyGeneral; motion/ui/image; motion/ui/forces
Motion & Forces > Motion > Blocks,Ideal elastic block,motion/ideal-elastic-block,user-acc-x,Acceleration (x),double,computed,,no,,,,,,metres per second per second,motion/ui/blockMain; motion/ui/bodyGeneral; motion/ui/image; motion/ui/forces
Motion & Forces > Motion > Blocks,Ideal elastic block,motion/ideal-elastic-block,user-acc-y,Acceleration (y),double,computed,,no,,,,,,metres per second per second,motion/ui/blockMain; motion/ui/bodyGeneral; motion/ui/image; motion/ui/forces
Motion & Forces > Motion > Blocks,Ideal elastic block,motion/ideal-elastic-block,user-acc-mag,Acceleration (magnitude),double,computed,,no,,,,,,metres per second per second,motion/ui/blockMain; motion/ui/bodyGeneral; motion/ui/image; motion/ui/forces
Motion & Forces > Motion > Blocks,Ideal elastic block,motion/ideal-elastic-block,user-net-force-mag,Net force (translational),double,computed,,no,,,,,,newton,motion/ui/blockMain; motion/ui/bodyGeneral; motion/ui/image; motion/ui/forces
Motion & Forces > Motion > Blocks,Ideal elastic block,motion/ideal-elastic-block,speed,Speed,,proxy,../p[@key='user-velocity'],no,,,,,,,motion/ui/blockMain; motion/ui/bodyGeneral; motion/ui/image; motion/ui/forces
Motion & Forces > Motion > Blocks,Ideal elastic block,motion/ideal-elastic-block,translational-ek,Kinetic energy (translational),double,computed,,no,,,,,joule; kilojoule,joule,motion/ui/blockMain; motion/ui/bodyGeneral; motion/ui/image; motion/ui/forces
Motion & Forces > Motion > Blocks,Ideal elastic block,motion/ideal-elastic-block,rotational-ek,Kinetic energy (rotational),double,computed,,no,,,,,joule; kilojoule,joule,motion/ui/blockMain; motion/ui/bodyGeneral; motion/ui/image; motion/ui/forces
Motion & Forces > Motion > Blocks,Ideal elastic block,motion/ideal-elastic-block,total-ek,Kinetic energy (total),double,computed,,no,,,,,joule; kilojoule,joule,motion/ui/blockMain; motion/ui/bodyGeneral; motion/ui/image; motion/ui/forces
Motion & Forces > Motion > Blocks,Ideal elastic block,motion/ideal-elastic-block,gravitational-ep,Gravitational potential energy,double,computed,,no,,,,,joule; kilojoule,joule,motion/ui/blockMain; motion/ui/bodyGeneral; motion/ui/image; motion/ui/forces
Motion & Forces > Motion > Blocks,Ideal elastic block,motion/ideal-elastic-block,momentum-x,Momentum (x),double,computed,,no,,,,,,kilogram metres per second,motion/ui/blockMain; motion/ui/bodyGeneral; motion/ui/image; motion/ui/forces
Motion & Forces > Motion > Blocks,Ideal elastic block,motion/ideal-elastic-block,momentum-y,Momentum (y),double,computed,,no,,,,,,kilogram metres per second,motion/ui/blockMain; motion/ui/bodyGeneral; motion/ui/image; motion/ui/forces
Motion & Forces > Motion > Blocks,Ideal elastic block,motion/ideal-elastic-block,density,Density,double,computed,,no,,,,"{""label"": """", ""values"": [{""key"": """", ""type"": ""value-map"", ""value"": ""0""}, {""key"": ""min"", ""type"": ""double"", ""value"": ""0""}]}",grams per cubic centimetre; kilograms per cubic metre,kilograms per cubic metre,motion/ui/blockMain; motion/ui/bodyGeneral; motion/ui/image; motion/ui/forces
Motion & Forces > Motion > Blocks,Ideal elastic block,motion/ideal-elastic-block,volume,Volume,double,computed,,no,,,,"{""label"": """", ""values"": [{""key"": """", ""type"": ""value-map"", ""value"": ""0""}, {""key"": ""min"", ""type"": ""double"", ""value"": ""0""}]}",cm3; m3,cm3,motion/ui/blockMain; motion/ui/bodyGeneral; motion/ui/image; motion/ui/forces
Motion & Forces > Motion > Blocks,Ideal elastic block,motion/ideal-elastic-block,forces-shown,Force shown,bool,,,yes,ObserverCheckBox,Show forces,,,,,motion/ui/blockMain; motion/ui/bodyGeneral; motion/ui/image; motion/ui/forces
Motion & Forces > Motion > Blocks,Ideal elastic block,motion/ideal-elastic-block,force-labels-shown,Force labels shown,bool,,,yes,ObserverComboBox,,,,,,motion/ui/blockMain; motion/ui/bodyGeneral; motion/ui/image; motion/ui/forces
Motion & Forces > Motion > Blocks,Ideal elastic block,motion/ideal-elastic-block,gravity-force-shown,Weight shown,bool,,,yes,ObserverCheckBox,Weight,,,,,motion/ui/blockMain; motion/ui/bodyGeneral; motion/ui/image; motion/ui/forces
Motion & Forces > Motion > Blocks,Ideal elastic block,motion/ideal-elastic-block,resolved-gravity-force-shown,Resolved weight shown,bool,,,yes,ObserverCheckBox,Weight (resolved),,,,,motion/ui/blockMain; motion/ui/bodyGeneral; motion/ui/image; motion/ui/forces
Motion & Forces > Motion > Blocks,Ideal elastic block,motion/ideal-elastic-block,net-force-shown,Net force shown,bool,,,yes,ObserverCheckBox,Net force,,,,,motion/ui/blockMain; motion/ui/bodyGeneral; motion/ui/image; motion/ui/forces
Motion & Forces > Motion > Blocks,Ideal elastic block,motion/ideal-elastic-block,constant-force-shown,Driving force shown,bool,,,yes,ObserverCheckBox,Driving force,,,,,motion/ui/blockMain; motion/ui/bodyGeneral; motion/ui/image; motion/ui/forces
Motion & Forces > Motion > Blocks,Ideal elastic block,motion/ideal-elastic-block,friction-force-shown,Friction force shown,bool,,,yes,ObserverCheckBox,Friction,,,,,motion/ui/blockMain; motion/ui/bodyGeneral; motion/ui/image; motion/ui/forces
Motion & Forces > Motion > Blocks,Ideal elastic block,motion/ideal-elastic-block,contact-force-shown,Contact force shown,bool,,,yes,ObserverCheckBox,Contact,,,,,motion/ui/blockMain; motion/ui/bodyGeneral; motion/ui/image; motion/ui/forces
Motion & Forces > Motion > Blocks,Ideal elastic block,motion/ideal-elastic-block,tension-force-shown,Tension force shown,bool,,,yes,ObserverCheckBox,Tension,,,,,motion/ui/blockMain; motion/ui/bodyGeneral; motion/ui/image; motion/ui/forces
Motion & Forces > Motion > Blocks,Ideal elastic block,motion/ideal-elastic-block,drag-force-shown,Drag force shown,bool,,,yes,ObserverCheckBox,Drag force,,,,,motion/ui/blockMain; motion/ui/bodyGeneral; motion/ui/image; motion/ui/forces
Motion & Forces > Motion > Blocks,Ideal elastic block,motion/ideal-elastic-block,buoyancy-force-shown,Buoyancy force shown,bool,,,yes,ObserverCheckBox,Buoyancy force,,,,,motion/ui/blockMain; motion/ui/bodyGeneral; motion/ui/image; motion/ui/forces
Motion & Forces > Motion > Blocks,Ideal elastic block,motion/ideal-elastic-block,material,,,,,yes,ObserverComboBox,,,,,,motion/ui/blockMain; motion/ui/bodyGeneral; motion/ui/image; motion/ui/forces
Motion & Forces > Motion > Blocks,Ideal elastic block,motion/ideal-elastic-block,static-friction,Static friction,double,,0.0,yes,ObserverSpinBox,,,"{""label"": """", ""values"": [{""key"": """", ""type"": ""value-map"", ""value"": ""0.0 5.0""}, {""key"": ""min"", ""type"": ""double"", ""value"": ""0.0""}, {""key"": ""max"", ""type"": ""double"", ""value"": ""5.0""}]}",,,motion/ui/blockMain; motion/ui/bodyGeneral; motion/ui/image; motion/ui/forces
Motion & Forces > Motion > Blocks,Ideal elastic block,motion/ideal-elastic-block,dynamic-friction,Kinetic friction,double,,0.0,yes,ObserverSpinBox,,,"{""label"": """", ""values"": [{""key"": """", ""type"": ""value-map"", ""value"": ""0.0 5.0""}, {""key"": ""min"", ""type"": ""double"", ""value"": ""0.0""}, {""key"": ""max"", ""type"": ""double"", ""value"": ""5.0""}]}",,,motion/ui/blockMain; motion/ui/bodyGeneral; motion/ui/image; motion/ui/forces
Motion & Forces > Motion > Blocks,Ideal elastic block,motion/ideal-elastic-block,coefficient-of-restitution,Elasticity,double,,0.0,yes,ObserverSpinBox,,,"{""label"": """", ""values"": [{""key"": """", ""type"": ""value-map"", ""value"": ""0.0 1.0""}, {""key"": ""min"", ""type"": ""double"", ""value"": ""0.0""}, {""key"": ""max"", ""type"": ""double"", ""value"": ""1.0""}]}",,,motion/ui/blockMain; motion/ui/bodyGeneral; motion/ui/image; motion/ui/forces
Motion & Forces > Motion > Blocks,Ideal elastic block,motion/ideal-elastic-block,control-mode,Control mode,string,,Velocity,yes,ObserverComboBox,,,"{""label"": ""set-validator"", ""values"": [{""key"": """", ""type"": ""string-array"", ""value"": ""Velocity Force""}, {""key"": """", ""type"": ""string"", ""value"": ""Velocity""}, {""key"": """", ""type"": ""string"", ""value"": ""Force""}]}",,,motion/ui/blockMain; motion/ui/bodyGeneral; motion/ui/image; motion/ui/forces
Motion & Forces > Motion > Blocks,Ideal elastic block,motion/ideal-elastic-block,part-id-prefix,,,,,no,,,,,,,motion/ui/blockMain; motion/ui/bodyGeneral; motion/ui/image; motion/ui/forces
Motion & Forces > Motion > Blocks,Ideal elastic block,motion/ideal-elastic-block,block-width,Width,double,scalable,0.20,yes,ObserverSpinBox; UnitChooser,,,"{""label"": """", ""values"": [{""key"": """", ""type"": ""value-map"", ""value"": ""1e-12""}, {""key"": ""min"", ""type"": ""double"", ""value"": ""1e-12""}]}",picometer; nanometer; micrometer; millimeter; centimeter; meter; kilometer,centimeter,motion/ui/blockMain; motion/ui/bodyGeneral; motion/ui/image; motion/ui/forces
Motion & Forces > Motion > Blocks,Ideal elastic block,motion/ideal-elastic-block,block-height,Height,double,scalable,0.10,yes,ObserverSpinBox; UnitChooser,,,"{""label"": """", ""values"": [{""key"": """", ""type"": ""value-map"", ""value"": ""1e-12""}, {""key"": ""min"", ""type"": ""double"", ""value"": ""1e-12""}]}",picometer; nanometer; micrometer; millimeter; centimeter; meter; kilometer,centimeter,motion/ui/blockMain; motion/ui/bodyGeneral; motion/ui/image; motion/ui/forces
Motion & Forces > Motion > Blocks,Ideal elastic block,motion/ideal-elastic-block,block-depth,Depth,double,scalable,0.20,yes,ObserverSpinBox; UnitChooser,,,"{""label"": """", ""values"": [{""key"": """", ""type"": ""value-map"", ""value"": ""1e-12""}, {""key"": ""min"", ""type"": ""double"", ""value"": ""1e-12""}]}",picometer; nanometer; micrometer; millimeter; centimeter; meter; kilometer,centimeter,motion/ui/blockMain; motion/ui/bodyGeneral; motion/ui/image; motion/ui/forces
Motion & Forces > Motion > Blocks,Ideal elastic block,motion/ideal-elastic-block,user-mass,Mass,,proxy,../p[@key='own-mass'],yes,ObserverSpinBox; UnitChooser,,,,,,motion/ui/blockMain; motion/ui/bodyGeneral; motion/ui/image; motion/ui/forces
Motion & Forces > Motion > Blocks,Ideal elastic block,motion/ideal-elastic-block,image,,,,motion/images/blocks/standard,yes,ResourceDropdown,,,,,,motion/ui/blockMain; motion/ui/bodyGeneral; motion/ui/image; motion/ui/forces
Motion & Forces > Motion > Blocks,Ideal inelastic block,motion/ideal-inelastic-block,moment-of-inertia,Moment of inertia,double,computed,,no,,,,,gram metres squared; kilogram metres squared,kilogram metres squared,motion/ui/blockMain; motion/ui/bodyGeneral; motion/ui/image; motion/ui/forces
Motion & Forces > Motion > Blocks,Ideal inelastic block,motion/ideal-inelastic-block,own-mass,,,,1,no,,,,"{""label"": """", ""values"": [{""key"": """", ""type"": ""value-map"", ""value"": ""1e-3 1e3""}, {""key"": ""min"", ""type"": ""double"", ""value"": ""1e-3""}, {""key"": ""max"", ""type"": ""double"", ""value"": ""1e3""}]}",,,motion/ui/blockMain; motion/ui/bodyGeneral; motion/ui/image; motion/ui/forces
Motion & Forces > Motion > Blocks,Ideal inelastic block,motion/ideal-inelastic-block,user-ang,Angle of rotation,,"proxy,readonly",../p[@key='ang'],no,,,,,,,motion/ui/blockMain; motion/ui/bodyGeneral; motion/ui/image; motion/ui/forces
Motion & Forces > Motion > Blocks,Ideal inelastic block,motion/ideal-inelastic-block,user-angvel,Angular velocity,,"proxy,readonly",../p[@key='angvel'],no,,,,,,,motion/ui/blockMain; motion/ui/bodyGeneral; motion/ui/image; motion/ui/forces
Motion & Forces > Motion > Blocks,Ideal inelastic block,motion/ideal-inelastic-block,user-angacc,Angular acceleration,double,computed,,no,,,,,,,motion/ui/blockMain; motion/ui/bodyGeneral; motion/ui/image; motion/ui/forces
Motion & Forces > Motion > Blocks,Ideal inelastic block,motion/ideal-inelastic-block,user-torque,Torque,double,computed,,no,,,,,newton metre,newton metre,motion/ui/blockMain; motion/ui/bodyGeneral; motion/ui/image; motion/ui/forces
Motion & Forces > Motion > Blocks,Ideal inelastic block,motion/ideal-inelastic-block,weight,Weight,double,computed,,no,,,,,newton; kilonewton,newton,motion/ui/blockMain; motion/ui/bodyGeneral; motion/ui/image; motion/ui/forces
Motion & Forces > Motion > Blocks,Ideal inelastic block,motion/ideal-inelastic-block,drag-coefficient,,,,0.0,yes,ObserverSpinBox,,,,,,motion/ui/blockMain; motion/ui/bodyGeneral; motion/ui/image; motion/ui/forces
Motion & Forces > Motion > Blocks,Ideal inelastic block,motion/ideal-inelastic-block,user-velocity,Velocity (magnitude),double,writable-computed,,no,,,,"{""label"": """", ""values"": [{""key"": """", ""type"": ""value-map"", ""value"": ""-1e6 1e6""}, {""key"": ""min"", ""type"": ""double"", ""value"": ""-1e6""}, {""key"": ""max"", ""type"": ""double"", ""value"": ""1e6""}]}",metres per second; kilometres per second; kilometres per hour,metres per second,motion/ui/blockMain; motion/ui/bodyGeneral; motion/ui/image; motion/ui/forces
Motion & Forces > Motion > Blocks,Ideal inelastic block,motion/ideal-inelastic-block,user-velocity-x,Velocity (x),double,writable-computed,,no,,,,"{""label"": """", ""values"": [{""key"": """", ""type"": ""value-map"", ""value"": ""-1e6 1e6""}, {""key"": ""min"", ""type"": ""double"", ""value"": ""-1e6""}, {""key"": ""max"", ""type"": ""double"", ""value"": ""1e6""}]}",metres per second; kilometres per second; kilometres per hour,metres per second,motion/ui/blockMain; motion/ui/bodyGeneral; motion/ui/image; motion/ui/forces
Motion & Forces > Motion > Blocks,Ideal inelastic block,motion/ideal-inelastic-block,user-velocity-y,Velocity (y),double,writable-computed,,no,,,,"{""label"": """", ""values"": [{""key"": """", ""type"": ""value-map"", ""value"": ""-1e6 1e6""}, {""key"": ""min"", ""type"": ""double"", ""value"": ""-1e6""}, {""key"": ""max"", ""type"": ""double"", ""value"": ""1e6""}]}",metres per second; kilometres per second; kilometres per hour,metres per second,motion/ui/blockMain; motion/ui/bodyGeneral; motion/ui/image; motion/ui/forces
Motion & Forces > Motion > Blocks,Ideal inelastic block,motion/ideal-inelastic-block,user-force,Driving force (magnitude),double,,,no,,,,,newton; kilonewton,newton,motion/ui/blockMain; motion/ui/bodyGeneral; motion/ui/image; motion/ui/forces
Motion & Forces > Motion > Blocks,Ideal inelastic block,motion/ideal-inelastic-block,user-force-x,Driving force (x),double,writable-computed,,no,,,,,newton; kilonewton,newton,motion/ui/blockMain; motion/ui/bodyGeneral; motion/ui/image; motion/ui/forces
Motion & Forces > Motion > Blocks,Ideal inelastic block,motion/ideal-inelastic-block,user-force-y,Driving force (y),double,writable-computed,,no,,,,,newton; kilonewton,newton,motion/ui/blockMain; motion/ui/bodyGeneral; motion/ui/image; motion/ui/forces
Motion & Forces > Motion > Blocks,Ideal inelastic block,motion/ideal-inelastic-block,user-motion-pos-x,Displacement (x),double,writable-computed,,no,,,,,picometer; nanometer; micrometer; millimeter; centimeter; meter; kilometer,meter,motion/ui/blockMain; motion/ui/bodyGeneral; motion/ui/image; motion/ui/forces
Motion & Forces > Motion > Blocks,Ideal inelastic block,motion/ideal-inelastic-block,user-motion-pos-y,Displacement (y),double,writable-computed,,no,,,,,picometer; nanometer; micrometer; millimeter; centimeter; meter; kilometer,meter,motion/ui/blockMain; motion/ui/bodyGeneral; motion/ui/image; motion/ui/forces
Motion & Forces > Motion > Blocks,Ideal inelastic block,motion/ideal-inelastic-block,distance-from-origin,Distance,double,computed,,no,,,,,picometer; nanometer; micrometer; millimeter; centimeter; meter; kilometer,meter,motion/ui/blockMain; motion/ui/bodyGeneral; motion/ui/image; motion/ui/forces
Motion & Forces > Motion > Blocks,Ideal inelastic block,motion/ideal-inelastic-block,user-acc-x,Acceleration (x),double,computed,,no,,,,,,metres per second per second,motion/ui/blockMain; motion/ui/bodyGeneral; motion/ui/image; motion/ui/forces
Motion & Forces > Motion > Blocks,Ideal inelastic block,motion/ideal-inelastic-block,user-acc-y,Acceleration (y),double,computed,,no,,,,,,metres per second per second,motion/ui/blockMain; motion/ui/bodyGeneral; motion/ui/image; motion/ui/forces
Motion & Forces > Motion > Blocks,Ideal inelastic block,motion/ideal-inelastic-block,user-acc-mag,Acceleration (magnitude),double,computed,,no,,,,,,metres per second per second,motion/ui/blockMain; motion/ui/bodyGeneral; motion/ui/image; motion/ui/forces
Motion & Forces > Motion > Blocks,Ideal inelastic block,motion/ideal-inelastic-block,user-net-force-mag,Net force (translational),double,computed,,no,,,,,,newton,motion/ui/blockMain; motion/ui/bodyGeneral; motion/ui/image; motion/ui/forces
Motion & Forces > Motion > Blocks,Ideal inelastic block,motion/ideal-inelastic-block,speed,Speed,,proxy,../p[@key='user-velocity'],no,,,,,,,motion/ui/blockMain; motion/ui/bodyGeneral; motion/ui/image; motion/ui/forces
Motion & Forces > Motion > Blocks,Ideal inelastic block,motion/ideal-inelastic-block,translational-ek,Kinetic energy (translational),double,computed,,no,,,,,joule; kilojoule,joule,motion/ui/blockMain; motion/ui/bodyGeneral; motion/ui/image; motion/ui/forces
Motion & Forces > Motion > Blocks,Ideal inelastic block,motion/ideal-inelastic-block,rotational-ek,Kinetic energy (rotational),double,computed,,no,,,,,joule; kilojoule,joule,motion/ui/blockMain; motion/ui/bodyGeneral; motion/ui/image; motion/ui/forces
Motion & Forces > Motion > Blocks,Ideal inelastic block,motion/ideal-inelastic-block,total-ek,Kinetic energy (total),double,computed,,no,,,,,joule; kilojoule,joule,motion/ui/blockMain; motion/ui/bodyGeneral; motion/ui/image; motion/ui/forces
Motion & Forces > Motion > Blocks,Ideal inelastic block,motion/ideal-inelastic-block,gravitational-ep,Gravitational potential energy,double,computed,,no,,,,,joule; kilojoule,joule,motion/ui/blockMain; motion/ui/bodyGeneral; motion/ui/image; motion/ui/forces
Motion & Forces > Motion > Blocks,Ideal inelastic block,motion/ideal-inelastic-block,momentum-x,Momentum (x),double,computed,,no,,,,,,kilogram metres per second,motion/ui/blockMain; motion/ui/bodyGeneral; motion/ui/image; motion/ui/forces
Motion & Forces > Motion > Blocks,Ideal inelastic block,motion/ideal-inelastic-block,momentum-y,Momentum (y),double,computed,,no,,,,,,kilogram metres per second,motion/ui/blockMain; motion/ui/bodyGeneral; motion/ui/image; motion/ui/forces
Motion & Forces > Motion > Blocks,Ideal inelastic block,motion/ideal-inelastic-block,density,Density,double,computed,,no,,,,"{""label"": """", ""values"": [{""key"": """", ""type"": ""value-map"", ""value"": ""0""}, {""key"": ""min"", ""type"": ""double"", ""value"": ""0""}]}",grams per cubic centimetre; kilograms per cubic metre,kilograms per cubic metre,motion/ui/blockMain; motion/ui/bodyGeneral; motion/ui/image; motion/ui/forces
Motion & Forces > Motion > Blocks,Ideal inelastic block,motion/ideal-inelastic-block,volume,Volume,double,computed,,no,,,,"{""label"": """", ""values"": [{""key"": """", ""type"": ""value-map"", ""value"": ""0""}, {""key"": ""min"", ""type"": ""double"", ""value"": ""0""}]}",cm3; m3,cm3,motion/ui/blockMain; motion/ui/bodyGeneral; motion/ui/image; motion/ui/forces
Motion & Forces > Motion > Blocks,Ideal inelastic block,motion/ideal-inelastic-block,forces-shown,Force shown,bool,,,yes,ObserverCheckBox,Show forces,,,,,motion/ui/blockMain; motion/ui/bodyGeneral; motion/ui/image; motion/ui/forces
Motion & Forces > Motion > Blocks,Ideal inelastic block,motion/ideal-inelastic-block,force-labels-shown,Force labels shown,bool,,,yes,ObserverComboBox,,,,,,motion/ui/blockMain; motion/ui/bodyGeneral; motion/ui/image; motion/ui/forces
Motion & Forces > Motion > Blocks,Ideal inelastic block,motion/ideal-inelastic-block,gravity-force-shown,Weight shown,bool,,,yes,ObserverCheckBox,Weight,,,,,motion/ui/blockMain; motion/ui/bodyGeneral; motion/ui/image; motion/ui/forces
Motion & Forces > Motion > Blocks,Ideal inelastic block,motion/ideal-inelastic-block,resolved-gravity-force-shown,Resolved weight shown,bool,,,yes,ObserverCheckBox,Weight (resolved),,,,,motion/ui/blockMain; motion/ui/bodyGeneral; motion/ui/image; motion/ui/forces
Motion & Forces > Motion > Blocks,Ideal inelastic block,motion/ideal-inelastic-block,net-force-shown,Net force shown,bool,,,yes,ObserverCheckBox,Net force,,,,,motion/ui/blockMain; motion/ui/bodyGeneral; motion/ui/image; motion/ui/forces
Motion & Forces > Motion > Blocks,Ideal inelastic block,motion/ideal-inelastic-block,constant-force-shown,Driving force shown,bool,,,yes,ObserverCheckBox,Driving force,,,,,motion/ui/blockMain; motion/ui/bodyGeneral; motion/ui/image; motion/ui/forces
Motion & Forces > Motion > Blocks,Ideal inelastic block,motion/ideal-inelastic-block,friction-force-shown,Friction force shown,bool,,,yes,ObserverCheckBox,Friction,,,,,motion/ui/blockMain; motion/ui/bodyGeneral; motion/ui/image; motion/ui/forces
Motion & Forces > Motion > Blocks,Ideal inelastic block,motion/ideal-inelastic-block,contact-force-shown,Contact force shown,bool,,,yes,ObserverCheckBox,Contact,,,,,motion/ui/blockMain; motion/ui/bodyGeneral; motion/ui/image; motion/ui/forces
Motion & Forces > Motion > Blocks,Ideal inelastic block,motion/ideal-inelastic-block,tension-force-shown,Tension force shown,bool,,,yes,ObserverCheckBox,Tension,,,,,motion/ui/blockMain; motion/ui/bodyGeneral; motion/ui/image; motion/ui/forces
Motion & Forces > Motion > Blocks,Ideal inelastic block,motion/ideal-inelastic-block,drag-force-shown,Drag force shown,bool,,,yes,ObserverCheckBox,Drag force,,,,,motion/ui/blockMain; motion/ui/bodyGeneral; motion/ui/image; motion/ui/forces
Motion & Forces > Motion > Blocks,Ideal inelastic block,motion/ideal-inelastic-block,buoyancy-force-shown,Buoyancy force shown,bool,,,yes,ObserverCheckBox,Buoyancy force,,,,,motion/ui/blockMain; motion/ui/bodyGeneral; motion/ui/image; motion/ui/forces
Motion & Forces > Motion > Blocks,Ideal inelastic block,motion/ideal-inelastic-block,material,,,,,yes,ObserverComboBox,,,,,,motion/ui/blockMain; motion/ui/bodyGeneral; motion/ui/image; motion/ui/forces
Motion & Forces > Motion > Blocks,Ideal inelastic block,motion/ideal-inelastic-block,static-friction,Static friction,double,,0.0,yes,ObserverSpinBox,,,"{""label"": """", ""values"": [{""key"": """", ""type"": ""value-map"", ""value"": ""0.0 5.0""}, {""key"": ""min"", ""type"": ""double"", ""value"": ""0.0""}, {""key"": ""max"", ""type"": ""double"", ""value"": ""5.0""}]}",,,motion/ui/blockMain; motion/ui/bodyGeneral; motion/ui/image; motion/ui/forces
Motion & Forces > Motion > Blocks,Ideal inelastic block,motion/ideal-inelastic-block,dynamic-friction,Kinetic friction,double,,0.0,yes,ObserverSpinBox,,,"{""label"": """", ""values"": [{""key"": """", ""type"": ""value-map"", ""value"": ""0.0 5.0""}, {""key"": ""min"", ""type"": ""double"", ""value"": ""0.0""}, {""key"": ""max"", ""type"": ""double"", ""value"": ""5.0""}]}",,,motion/ui/blockMain; motion/ui/bodyGeneral; motion/ui/image; motion/ui/forces
Motion & Forces > Motion > Blocks,Ideal inelastic block,motion/ideal-inelastic-block,coefficient-of-restitution,Elasticity,double,,0.0,yes,ObserverSpinBox,,,"{""label"": """", ""values"": [{""key"": """", ""type"": ""value-map"", ""value"": ""0.0 1.0""}, {""key"": ""min"", ""type"": ""double"", ""value"": ""0.0""}, {""key"": ""max"", ""type"": ""double"", ""value"": ""1.0""}]}",,,motion/ui/blockMain; motion/ui/bodyGeneral; motion/ui/image; motion/ui/forces
Motion & Forces > Motion > Blocks,Ideal inelastic block,motion/ideal-inelastic-block,control-mode,Control mode,string,,Velocity,yes,ObserverComboBox,,,"{""label"": ""set-validator"", ""values"": [{""key"": """", ""type"": ""string-array"", ""value"": ""Velocity Force""}, {""key"": """", ""type"": ""string"", ""value"": ""Velocity""}, {""key"": """", ""type"": ""string"", ""value"": ""Force""}]}",,,motion/ui/blockMain; motion/ui/bodyGeneral; motion/ui/image; motion/ui/forces
Motion & Forces > Motion > Blocks,Ideal inelastic block,motion/ideal-inelastic-block,part-id-prefix,,,,,no,,,,,,,motion/ui/blockMain; motion/ui/bodyGeneral; motion/ui/image; motion/ui/forces
Motion & Forces > Motion > Blocks,Ideal inelastic block,motion/ideal-inelastic-block,block-width,Width,double,scalable,0.20,yes,ObserverSpinBox; UnitChooser,,,"{""label"": """", ""values"": [{""key"": """", ""type"": ""value-map"", ""value"": ""1e-12""}, {""key"": ""min"", ""type"": ""double"", ""value"": ""1e-12""}]}",picometer; nanometer; micrometer; millimeter; centimeter; meter; kilometer,centimeter,motion/ui/blockMain; motion/ui/bodyGeneral; motion/ui/image; motion/ui/forces
Motion & Forces > Motion > Blocks,Ideal inelastic block,motion/ideal-inelastic-block,block-height,Height,double,scalable,0.10,yes,ObserverSpinBox; UnitChooser,,,"{""label"": """", ""values"": [{""key"": """", ""type"": ""value-map"", ""value"": ""1e-12""}, {""key"": ""min"", ""type"": ""double"", ""value"": ""1e-12""}]}",picometer; nanometer; micrometer; millimeter; centimeter; meter; kilometer,centimeter,motion/ui/blockMain; motion/ui/bodyGeneral; motion/ui/image; motion/ui/forces
Motion & Forces > Motion > Blocks,Ideal inelastic block,motion/ideal-inelastic-block,block-depth,Depth,double,scalable,0.20,yes,ObserverSpinBox; UnitChooser,,,"{""label"": """", ""values"": [{""key"": """", ""type"": ""value-map"", ""value"": ""1e-12""}, {""key"": ""min"", ""type"": ""double"", ""value"": ""1e-12""}]}",picometer; nanometer; micrometer; millimeter; centimeter; meter; kilometer,centimeter,motion/ui/blockMain; motion/ui/bodyGeneral; motion/ui/image; motion/ui/forces
Motion & Forces > Motion > Blocks,Ideal inelastic block,motion/ideal-inelastic-block,user-mass,Mass,,proxy,../p[@key='own-mass'],yes,ObserverSpinBox; UnitChooser,,,,,,motion/ui/blockMain; motion/ui/bodyGeneral; motion/ui/image; motion/ui/forces
Motion & Forces > Motion > Blocks,Ideal inelastic block,motion/ideal-inelastic-block,image,,,,motion/images/blocks/standard2,yes,ResourceDropdown,,,,,,motion/ui/blockMain; motion/ui/bodyGeneral; motion/ui/image; motion/ui/forces
Motion & Forces > Motion > Blocks,Brick,motion/brick2,moment-of-inertia,Moment of inertia,double,computed,,no,,,,,gram metres squared; kilogram metres squared,kilogram metres squared,motion/ui/blockMain; motion/ui/bodyGeneral; motion/ui/image; motion/ui/forces
Motion & Forces > Motion > Blocks,Brick,motion/brick2,own-mass,,,,7.7,no,,,,,,,motion/ui/blockMain; motion/ui/bodyGeneral; motion/ui/image; motion/ui/forces
Motion & Forces > Motion > Blocks,Brick,motion/brick2,user-ang,Angle of rotation,,"proxy,readonly",../p[@key='ang'],no,,,,,,,motion/ui/blockMain; motion/ui/bodyGeneral; motion/ui/image; motion/ui/forces
Motion & Forces > Motion > Blocks,Brick,motion/brick2,user-angvel,Angular velocity,,"proxy,readonly",../p[@key='angvel'],no,,,,,,,motion/ui/blockMain; motion/ui/bodyGeneral; motion/ui/image; motion/ui/forces
Motion & Forces > Motion > Blocks,Brick,motion/brick2,user-angacc,Angular acceleration,double,computed,,no,,,,,,,motion/ui/blockMain; motion/ui/bodyGeneral; motion/ui/image; motion/ui/forces
Motion & Forces > Motion > Blocks,Brick,motion/brick2,user-torque,Torque,double,computed,,no,,,,,newton metre,newton metre,motion/ui/blockMain; motion/ui/bodyGeneral; motion/ui/image; motion/ui/forces
Motion & Forces > Motion > Blocks,Brick,motion/brick2,weight,Weight,double,computed,,no,,,,,newton; kilonewton,newton,motion/ui/blockMain; motion/ui/bodyGeneral; motion/ui/image; motion/ui/forces
Motion & Forces > Motion > Blocks,Brick,motion/brick2,drag-coefficient,,,,2.1,yes,ObserverSpinBox,,,,,,motion/ui/blockMain; motion/ui/bodyGeneral; motion/ui/image; motion/ui/forces
Motion & Forces > Motion > Blocks,Brick,motion/brick2,user-velocity,Velocity (magnitude),double,writable-computed,,no,,,,"{""label"": """", ""values"": [{""key"": """", ""type"": ""value-map"", ""value"": ""-1e6 1e6""}, {""key"": ""min"", ""type"": ""double"", ""value"": ""-1e6""}, {""key"": ""max"", ""type"": ""double"", ""value"": ""1e6""}]}",metres per second; kilometres per second; kilometres per hour,metres per second,motion/ui/blockMain; motion/ui/bodyGeneral; motion/ui/image; motion/ui/forces
Motion & Forces > Motion > Blocks,Brick,motion/brick2,user-velocity-x,Velocity (x),double,writable-computed,,no,,,,"{""label"": """", ""values"": [{""key"": """", ""type"": ""value-map"", ""value"": ""-1e6 1e6""}, {""key"": ""min"", ""type"": ""double"", ""value"": ""-1e6""}, {""key"": ""max"", ""type"": ""double"", ""value"": ""1e6""}]}",metres per second; kilometres per second; kilometres per hour,metres per second,motion/ui/blockMain; motion/ui/bodyGeneral; motion/ui/image; motion/ui/forces
Motion & Forces > Motion > Blocks,Brick,motion/brick2,user-velocity-y,Velocity (y),double,writable-computed,,no,,,,"{""label"": """", ""values"": [{""key"": """", ""type"": ""value-map"", ""value"": ""-1e6 1e6""}, {""key"": ""min"", ""type"": ""double"", ""value"": ""-1e6""}, {""key"": ""max"", ""type"": ""double"", ""value"": ""1e6""}]}",metres per second; kilometres per second; kilometres per hour,metres per second,motion/ui/blockMain; motion/ui/bodyGeneral; motion/ui/image; motion/ui/forces
Motion & Forces > Motion > Blocks,Brick,motion/brick2,user-force,Driving force (magnitude),double,,,no,,,,,newton; kilonewton,newton,motion/ui/blockMain; motion/ui/bodyGeneral; motion/ui/image; motion/ui/forces
Motion & Forces > Motion > Blocks,Brick,motion/brick2,user-force-x,Driving force (x),double,writable-computed,,no,,,,,newton; kilonewton,newton,motion/ui/blockMain; motion/ui/bodyGeneral; motion/ui/image; motion/ui/forces
Motion & Forces > Motion > Blocks,Brick,motion/brick2,user-force-y,Driving force (y),double,writable-computed,,no,,,,,newton; kilonewton,newton,motion/ui/blockMain; motion/ui/bodyGeneral; motion/ui/image; motion/ui/forces
Motion & Forces > Motion > Blocks,Brick,motion/brick2,user-motion-pos-x,Displacement (x),double,writable-computed,,no,,,,,picometer; nanometer; micrometer; millimeter; centimeter; meter; kilometer,meter,motion/ui/blockMain; motion/ui/bodyGeneral; motion/ui/image; motion/ui/forces
Motion & Forces > Motion > Blocks,Brick,motion/brick2,user-motion-pos-y,Displacement (y),double,writable-computed,,no,,,,,picometer; nanometer; micrometer; millimeter; centimeter; meter; kilometer,meter,motion/ui/blockMain; motion/ui/bodyGeneral; motion/ui/image; motion/ui/forces
Motion & Forces > Motion > Blocks,Brick,motion/brick2,distance-from-origin,Distance,double,computed,,no,,,,,picometer; nanometer; micrometer; millimeter; centimeter; meter; kilometer,meter,motion/ui/blockMain; motion/ui/bodyGeneral; motion/ui/image; motion/ui/forces
Motion & Forces > Motion > Blocks,Brick,motion/brick2,user-acc-x,Acceleration (x),double,computed,,no,,,,,,metres per second per second,motion/ui/blockMain; motion/ui/bodyGeneral; motion/ui/image; motion/ui/forces
Motion & Forces > Motion > Blocks,Brick,motion/brick2,user-acc-y,Acceleration (y),double,computed,,no,,,,,,metres per second per second,motion/ui/blockMain; motion/ui/bodyGeneral; motion/ui/image; motion/ui/forces
Motion & Forces > Motion > Blocks,Brick,motion/brick2,user-acc-mag,Acceleration (magnitude),double,computed,,no,,,,,,metres per second per second,motion/ui/blockMain; motion/ui/bodyGeneral; motion/ui/image; motion/ui/forces
Motion & Forces > Motion > Blocks,Brick,motion/brick2,user-net-force-mag,Net force (translational),double,computed,,no,,,,,,newton,motion/ui/blockMain; motion/ui/bodyGeneral; motion/ui/image; motion/ui/forces
Motion & Forces > Motion > Blocks,Brick,motion/brick2,speed,Speed,,proxy,../p[@key='user-velocity'],no,,,,,,,motion/ui/blockMain; motion/ui/bodyGeneral; motion/ui/image; motion/ui/forces
Motion & Forces > Motion > Blocks,Brick,motion/brick2,translational-ek,Kinetic energy (translational),double,computed,,no,,,,,joule; kilojoule,joule,motion/ui/blockMain; motion/ui/bodyGeneral; motion/ui/image; motion/ui/forces
Motion & Forces > Motion > Blocks,Brick,motion/brick2,rotational-ek,Kinetic energy (rotational),double,computed,,no,,,,,joule; kilojoule,joule,motion/ui/blockMain; motion/ui/bodyGeneral; motion/ui/image; motion/ui/forces
Motion & Forces > Motion > Blocks,Brick,motion/brick2,total-ek,Kinetic energy (total),double,computed,,no,,,,,joule; kilojoule,joule,motion/ui/blockMain; motion/ui/bodyGeneral; motion/ui/image; motion/ui/forces
Motion & Forces > Motion > Blocks,Brick,motion/brick2,gravitational-ep,Gravitational potential energy,double,computed,,no,,,,,joule; kilojoule,joule,motion/ui/blockMain; motion/ui/bodyGeneral; motion/ui/image; motion/ui/forces
Motion & Forces > Motion > Blocks,Brick,motion/brick2,momentum-x,Momentum (x),double,computed,,no,,,,,,kilogram metres per second,motion/ui/blockMain; motion/ui/bodyGeneral; motion/ui/image; motion/ui/forces
Motion & Forces > Motion > Blocks,Brick,motion/brick2,momentum-y,Momentum (y),double,computed,,no,,,,,,kilogram metres per second,motion/ui/blockMain; motion/ui/bodyGeneral; motion/ui/image; motion/ui/forces
Motion & Forces > Motion > Blocks,Brick,motion/brick2,density,Density,double,computed,,no,,,,"{""label"": """", ""values"": [{""key"": """", ""type"": ""value-map"", ""value"": ""0""}, {""key"": ""min"", ""type"": ""double"", ""value"": ""0""}]}",grams per cubic centimetre; kilograms per cubic metre,kilograms per cubic metre,motion/ui/blockMain; motion/ui/bodyGeneral; motion/ui/image; motion/ui/forces
Motion & Forces > Motion > Blocks,Brick,motion/brick2,volume,Volume,double,computed,,no,,,,"{""label"": """", ""values"": [{""key"": """", ""type"": ""value-map"", ""value"": ""0""}, {""key"": ""min"", ""type"": ""double"", ""value"": ""0""}]}",cm3; m3,cm3,motion/ui/blockMain; motion/ui/bodyGeneral; motion/ui/image; motion/ui/forces
Motion & Forces > Motion > Blocks,Brick,motion/brick2,forces-shown,Force shown,bool,,,yes,ObserverCheckBox,Show forces,,,,,motion/ui/blockMain; motion/ui/bodyGeneral; motion/ui/image; motion/ui/forces
Motion & Forces > Motion > Blocks,Brick,motion/brick2,force-labels-shown,Force labels shown,bool,,,yes,ObserverComboBox,,,,,,motion/ui/blockMain; motion/ui/bodyGeneral; motion/ui/image; motion/ui/forces
Motion & Forces > Motion > Blocks,Brick,motion/brick2,gravity-force-shown,Weight shown,bool,,,yes,ObserverCheckBox,Weight,,,,,motion/ui/blockMain; motion/ui/bodyGeneral; motion/ui/image; motion/ui/forces
Motion & Forces > Motion > Blocks,Brick,motion/brick2,resolved-gravity-force-shown,Resolved weight shown,bool,,,yes,ObserverCheckBox,Weight (resolved),,,,,motion/ui/blockMain; motion/ui/bodyGeneral; motion/ui/image; motion/ui/forces
Motion & Forces > Motion > Blocks,Brick,motion/brick2,net-force-shown,Net force shown,bool,,,yes,ObserverCheckBox,Net force,,,,,motion/ui/blockMain; motion/ui/bodyGeneral; motion/ui/image; motion/ui/forces
Motion & Forces > Motion > Blocks,Brick,motion/brick2,constant-force-shown,Driving force shown,bool,,,yes,ObserverCheckBox,Driving force,,,,,motion/ui/blockMain; motion/ui/bodyGeneral; motion/ui/image; motion/ui/forces
Motion & Forces > Motion > Blocks,Brick,motion/brick2,friction-force-shown,Friction force shown,bool,,,yes,ObserverCheckBox,Friction,,,,,motion/ui/blockMain; motion/ui/bodyGeneral; motion/ui/image; motion/ui/forces
Motion & Forces > Motion > Blocks,Brick,motion/brick2,contact-force-shown,Contact force shown,bool,,,yes,ObserverCheckBox,Contact,,,,,motion/ui/blockMain; motion/ui/bodyGeneral; motion/ui/image; motion/ui/forces
Motion & Forces > Motion > Blocks,Brick,motion/brick2,tension-force-shown,Tension force shown,bool,,,yes,ObserverCheckBox,Tension,,,,,motion/ui/blockMain; motion/ui/bodyGeneral; motion/ui/image; motion/ui/forces
Motion & Forces > Motion > Blocks,Brick,motion/brick2,drag-force-shown,Drag force shown,bool,,,yes,ObserverCheckBox,Drag force,,,,,motion/ui/blockMain; motion/ui/bodyGeneral; motion/ui/image; motion/ui/forces
Motion & Forces > Motion > Blocks,Brick,motion/brick2,buoyancy-force-shown,Buoyancy force shown,bool,,,yes,ObserverCheckBox,Buoyancy force,,,,,motion/ui/blockMain; motion/ui/bodyGeneral; motion/ui/image; motion/ui/forces
Motion & Forces > Motion > Blocks,Brick,motion/brick2,material,,,,,yes,ObserverComboBox,,,,,,motion/ui/blockMain; motion/ui/bodyGeneral; motion/ui/image; motion/ui/forces
Motion & Forces > Motion > Blocks,Brick,motion/brick2,static-friction,,,,0.6,yes,ObserverSpinBox,,,,,,motion/ui/blockMain; motion/ui/bodyGeneral; motion/ui/image; motion/ui/forces
Motion & Forces > Motion > Blocks,Brick,motion/brick2,dynamic-friction,,,,0.5,yes,ObserverSpinBox,,,,,,motion/ui/blockMain; motion/ui/bodyGeneral; motion/ui/image; motion/ui/forces
Motion & Forces > Motion > Blocks,Brick,motion/brick2,coefficient-of-restitution,,,,0.4,yes,ObserverSpinBox,,,,,,motion/ui/blockMain; motion/ui/bodyGeneral; motion/ui/image; motion/ui/forces
Motion & Forces > Motion > Blocks,Brick,motion/brick2,control-mode,Control mode,string,,Velocity,yes,ObserverComboBox,,,"{""label"": ""set-validator"", ""values"": [{""key"": """", ""type"": ""string-array"", ""value"": ""Velocity Force""}, {""key"": """", ""type"": ""string"", ""value"": ""Velocity""}, {""key"": """", ""type"": ""string"", ""value"": ""Force""}]}",,,motion/ui/blockMain; motion/ui/bodyGeneral; motion/ui/image; motion/ui/forces
Motion & Forces > Motion > Blocks,Brick,motion/brick2,part-id-prefix,,,,,no,,,,,,,motion/ui/blockMain; motion/ui/bodyGeneral; motion/ui/image; motion/ui/forces
Motion & Forces > Motion > Blocks,Brick,motion/brick2,block-width,Width,double,scalable,0.20,yes,ObserverSpinBox; UnitChooser,,,"{""label"": """", ""values"": [{""key"": """", ""type"": ""value-map"", ""value"": ""1e-12""}, {""key"": ""min"", ""type"": ""double"", ""value"": ""1e-12""}]}",picometer; nanometer; micrometer; millimeter; centimeter; meter; kilometer,centimeter,motion/ui/blockMain; motion/ui/bodyGeneral; motion/ui/image; motion/ui/forces
Motion & Forces > Motion > Blocks,Brick,motion/brick2,block-height,Height,double,scalable,0.10,yes,ObserverSpinBox; UnitChooser,,,"{""label"": """", ""values"": [{""key"": """", ""type"": ""value-map"", ""value"": ""1e-12""}, {""key"": ""min"", ""type"": ""double"", ""value"": ""1e-12""}]}",picometer; nanometer; micrometer; millimeter; centimeter; meter; kilometer,centimeter,motion/ui/blockMain; motion/ui/bodyGeneral; motion/ui/image; motion/ui/forces
Motion & Forces > Motion > Blocks,Brick,motion/brick2,block-depth,Depth,double,scalable,0.20,yes,ObserverSpinBox; UnitChooser,,,"{""label"": """", ""values"": [{""key"": """", ""type"": ""value-map"", ""value"": ""1e-12""}, {""key"": ""min"", ""type"": ""double"", ""value"": ""1e-12""}]}",picometer; nanometer; micrometer; millimeter; centimeter; meter; kilometer,centimeter,motion/ui/blockMain; motion/ui/bodyGeneral; motion/ui/image; motion/ui/forces
Motion & Forces > Motion > Blocks,Brick,motion/brick2,user-mass,Mass,,proxy,../p[@key='own-mass'],yes,ObserverSpinBox; UnitChooser,,,,,,motion/ui/blockMain; motion/ui/bodyGeneral; motion/ui/image; motion/ui/forces
Motion & Forces > Motion > Blocks,Brick,motion/brick2,image,,,,motion/images/blocks/brick,yes,ResourceDropdown,,,,,,motion/ui/blockMain; motion/ui/bodyGeneral; motion/ui/image; motion/ui/forces
Motion & Forces > Motion > Blocks,Wooden block,motion/wood-block2,moment-of-inertia,Moment of inertia,double,computed,,no,,,,,gram metres squared; kilogram metres squared,kilogram metres squared,motion/ui/blockMain; motion/ui/bodyGeneral; motion/ui/image; motion/ui/forces
Motion & Forces > Motion > Blocks,Wooden block,motion/wood-block2,own-mass,,,,2.82,no,,,,,,,motion/ui/blockMain; motion/ui/bodyGeneral; motion/ui/image; motion/ui/forces
Motion & Forces > Motion > Blocks,Wooden block,motion/wood-block2,user-ang,Angle of rotation,,"proxy,readonly",../p[@key='ang'],no,,,,,,,motion/ui/blockMain; motion/ui/bodyGeneral; motion/ui/image; motion/ui/forces
Motion & Forces > Motion > Blocks,Wooden block,motion/wood-block2,user-angvel,Angular velocity,,"proxy,readonly",../p[@key='angvel'],no,,,,,,,motion/ui/blockMain; motion/ui/bodyGeneral; motion/ui/image; motion/ui/forces
Motion & Forces > Motion > Blocks,Wooden block,motion/wood-block2,user-angacc,Angular acceleration,double,computed,,no,,,,,,,motion/ui/blockMain; motion/ui/bodyGeneral; motion/ui/image; motion/ui/forces
Motion & Forces > Motion > Blocks,Wooden block,motion/wood-block2,user-torque,Torque,double,computed,,no,,,,,newton metre,newton metre,motion/ui/blockMain; motion/ui/bodyGeneral; motion/ui/image; motion/ui/forces
Motion & Forces > Motion > Blocks,Wooden block,motion/wood-block2,weight,Weight,double,computed,,no,,,,,newton; kilonewton,newton,motion/ui/blockMain; motion/ui/bodyGeneral; motion/ui/image; motion/ui/forces
Motion & Forces > Motion > Blocks,Wooden block,motion/wood-block2,drag-coefficient,,,,2.0,yes,ObserverSpinBox,,,,,,motion/ui/blockMain; motion/ui/bodyGeneral; motion/ui/image; motion/ui/forces
Motion & Forces > Motion > Blocks,Wooden block,motion/wood-block2,user-velocity,Velocity (magnitude),double,writable-computed,,no,,,,"{""label"": """", ""values"": [{""key"": """", ""type"": ""value-map"", ""value"": ""-1e6 1e6""}, {""key"": ""min"", ""type"": ""double"", ""value"": ""-1e6""}, {""key"": ""max"", ""type"": ""double"", ""value"": ""1e6""}]}",metres per second; kilometres per second; kilometres per hour,metres per second,motion/ui/blockMain; motion/ui/bodyGeneral; motion/ui/image; motion/ui/forces
Motion & Forces > Motion > Blocks,Wooden block,motion/wood-block2,user-velocity-x,Velocity (x),double,writable-computed,,no,,,,"{""label"": """", ""values"": [{""key"": """", ""type"": ""value-map"", ""value"": ""-1e6 1e6""}, {""key"": ""min"", ""type"": ""double"", ""value"": ""-1e6""}, {""key"": ""max"", ""type"": ""double"", ""value"": ""1e6""}]}",metres per second; kilometres per second; kilometres per hour,metres per second,motion/ui/blockMain; motion/ui/bodyGeneral; motion/ui/image; motion/ui/forces
Motion & Forces > Motion > Blocks,Wooden block,motion/wood-block2,user-velocity-y,Velocity (y),double,writable-computed,,no,,,,"{""label"": """", ""values"": [{""key"": """", ""type"": ""value-map"", ""value"": ""-1e6 1e6""}, {""key"": ""min"", ""type"": ""double"", ""value"": ""-1e6""}, {""key"": ""max"", ""type"": ""double"", ""value"": ""1e6""}]}",metres per second; kilometres per second; kilometres per hour,metres per second,motion/ui/blockMain; motion/ui/bodyGeneral; motion/ui/image; motion/ui/forces
Motion & Forces > Motion > Blocks,Wooden block,motion/wood-block2,user-force,Driving force (magnitude),double,,,no,,,,,newton; kilonewton,newton,motion/ui/blockMain; motion/ui/bodyGeneral; motion/ui/image; motion/ui/forces
Motion & Forces > Motion > Blocks,Wooden block,motion/wood-block2,user-force-x,Driving force (x),double,writable-computed,,no,,,,,newton; kilonewton,newton,motion/ui/blockMain; motion/ui/bodyGeneral; motion/ui/image; motion/ui/forces
Motion & Forces > Motion > Blocks,Wooden block,motion/wood-block2,user-force-y,Driving force (y),double,writable-computed,,no,,,,,newton; kilonewton,newton,motion/ui/blockMain; motion/ui/bodyGeneral; motion/ui/image; motion/ui/forces
Motion & Forces > Motion > Blocks,Wooden block,motion/wood-block2,user-motion-pos-x,Displacement (x),double,writable-computed,,no,,,,,picometer; nanometer; micrometer; millimeter; centimeter; meter; kilometer,meter,motion/ui/blockMain; motion/ui/bodyGeneral; motion/ui/image; motion/ui/forces
Motion & Forces > Motion > Blocks,Wooden block,motion/wood-block2,user-motion-pos-y,Displacement (y),double,writable-computed,,no,,,,,picometer; nanometer; micrometer; millimeter; centimeter; meter; kilometer,meter,motion/ui/blockMain; motion/ui/bodyGeneral; motion/ui/image; motion/ui/forces
Motion & Forces > Motion > Blocks,Wooden block,motion/wood-block2,distance-from-origin,Distance,double,computed,,no,,,,,picometer; nanometer; micrometer; millimeter; centimeter; meter; kilometer,meter,motion/ui/blockMain; motion/ui/bodyGeneral; motion/ui/image; motion/ui/forces
Motion & Forces > Motion > Blocks,Wooden block,motion/wood-block2,user-acc-x,Acceleration (x),double,computed,,no,,,,,,metres per second per second,motion/ui/blockMain; motion/ui/bodyGeneral; motion/ui/image; motion/ui/forces
Motion & Forces > Motion > Blocks,Wooden block,motion/wood-block2,user-acc-y,Acceleration (y),double,computed,,no,,,,,,metres per second per second,motion/ui/blockMain; motion/ui/bodyGeneral; motion/ui/image; motion/ui/forces
Motion & Forces > Motion > Blocks,Wooden block,motion/wood-block2,user-acc-mag,Acceleration (magnitude),double,computed,,no,,,,,,metres per second per second,motion/ui/blockMain; motion/ui/bodyGeneral; motion/ui/image; motion/ui/forces
Motion & Forces > Motion > Blocks,Wooden block,motion/wood-block2,user-net-force-mag,Net force (translational),double,computed,,no,,,,,,newton,motion/ui/blockMain; motion/ui/bodyGeneral; motion/ui/image; motion/ui/forces
Motion & Forces > Motion > Blocks,Wooden block,motion/wood-block2,speed,Speed,,proxy,../p[@key='user-velocity'],no,,,,,,,motion/ui/blockMain; motion/ui/bodyGeneral; motion/ui/image; motion/ui/forces
Motion & Forces > Motion > Blocks,Wooden block,motion/wood-block2,translational-ek,Kinetic energy (translational),double,computed,,no,,,,,joule; kilojoule,joule,motion/ui/blockMain; motion/ui/bodyGeneral; motion/ui/image; motion/ui/forces
Motion & Forces > Motion > Blocks,Wooden block,motion/wood-block2,rotational-ek,Kinetic energy (rotational),double,computed,,no,,,,,joule; kilojoule,joule,motion/ui/blockMain; motion/ui/bodyGeneral; motion/ui/image; motion/ui/forces
Motion & Forces > Motion > Blocks,Wooden block,motion/wood-block2,total-ek,Kinetic energy (total),double,computed,,no,,,,,joule; kilojoule,joule,motion/ui/blockMain; motion/ui/bodyGeneral; motion/ui/image; motion/ui/forces
Motion & Forces > Motion > Blocks,Wooden block,motion/wood-block2,gravitational-ep,Gravitational potential energy,double,computed,,no,,,,,joule; kilojoule,joule,motion/ui/blockMain; motion/ui/bodyGeneral; motion/ui/image; motion/ui/forces
Motion & Forces > Motion > Blocks,Wooden block,motion/wood-block2,momentum-x,Momentum (x),double,computed,,no,,,,,,kilogram metres per second,motion/ui/blockMain; motion/ui/bodyGeneral; motion/ui/image; motion/ui/forces
Motion & Forces > Motion > Blocks,Wooden block,motion/wood-block2,momentum-y,Momentum (y),double,computed,,no,,,,,,kilogram metres per second,motion/ui/blockMain; motion/ui/bodyGeneral; motion/ui/image; motion/ui/forces
Motion & Forces > Motion > Blocks,Wooden block,motion/wood-block2,density,Density,double,computed,,no,,,,"{""label"": """", ""values"": [{""key"": """", ""type"": ""value-map"", ""value"": ""0""}, {""key"": ""min"", ""type"": ""double"", ""value"": ""0""}]}",grams per cubic centimetre; kilograms per cubic metre,kilograms per cubic metre,motion/ui/blockMain; motion/ui/bodyGeneral; motion/ui/image; motion/ui/forces
Motion & Forces > Motion > Blocks,Wooden block,motion/wood-block2,volume,Volume,double,computed,,no,,,,"{""label"": """", ""values"": [{""key"": """", ""type"": ""value-map"", ""value"": ""0""}, {""key"": ""min"", ""type"": ""double"", ""value"": ""0""}]}",cm3; m3,cm3,motion/ui/blockMain; motion/ui/bodyGeneral; motion/ui/image; motion/ui/forces
Motion & Forces > Motion > Blocks,Wooden block,motion/wood-block2,forces-shown,Force shown,bool,,,yes,ObserverCheckBox,Show forces,,,,,motion/ui/blockMain; motion/ui/bodyGeneral; motion/ui/image; motion/ui/forces
Motion & Forces > Motion > Blocks,Wooden block,motion/wood-block2,force-labels-shown,Force labels shown,bool,,,yes,ObserverComboBox,,,,,,motion/ui/blockMain; motion/ui/bodyGeneral; motion/ui/image; motion/ui/forces
Motion & Forces > Motion > Blocks,Wooden block,motion/wood-block2,gravity-force-shown,Weight shown,bool,,,yes,ObserverCheckBox,Weight,,,,,motion/ui/blockMain; motion/ui/bodyGeneral; motion/ui/image; motion/ui/forces
Motion & Forces > Motion > Blocks,Wooden block,motion/wood-block2,resolved-gravity-force-shown,Resolved weight shown,bool,,,yes,ObserverCheckBox,Weight (resolved),,,,,motion/ui/blockMain; motion/ui/bodyGeneral; motion/ui/image; motion/ui/forces
Motion & Forces > Motion > Blocks,Wooden block,motion/wood-block2,net-force-shown,Net force shown,bool,,,yes,ObserverCheckBox,Net force,,,,,motion/ui/blockMain; motion/ui/bodyGeneral; motion/ui/image; motion/ui/forces
Motion & Forces > Motion > Blocks,Wooden block,motion/wood-block2,constant-force-shown,Driving force shown,bool,,,yes,ObserverCheckBox,Driving force,,,,,motion/ui/blockMain; motion/ui/bodyGeneral; motion/ui/image; motion/ui/forces
Motion & Forces > Motion > Blocks,Wooden block,motion/wood-block2,friction-force-shown,Friction force shown,bool,,,yes,ObserverCheckBox,Friction,,,,,motion/ui/blockMain; motion/ui/bodyGeneral; motion/ui/image; motion/ui/forces
Motion & Forces > Motion > Blocks,Wooden block,motion/wood-block2,contact-force-shown,Contact force shown,bool,,,yes,ObserverCheckBox,Contact,,,,,motion/ui/blockMain; motion/ui/bodyGeneral; motion/ui/image; motion/ui/forces
Motion & Forces > Motion > Blocks,Wooden block,motion/wood-block2,tension-force-shown,Tension force shown,bool,,,yes,ObserverCheckBox,Tension,,,,,motion/ui/blockMain; motion/ui/bodyGeneral; motion/ui/image; motion/ui/forces
Motion & Forces > Motion > Blocks,Wooden block,motion/wood-block2,drag-force-shown,Drag force shown,bool,,,yes,ObserverCheckBox,Drag force,,,,,motion/ui/blockMain; motion/ui/bodyGeneral; motion/ui/image; motion/ui/forces
Motion & Forces > Motion > Blocks,Wooden block,motion/wood-block2,buoyancy-force-shown,Buoyancy force shown,bool,,,yes,ObserverCheckBox,Buoyancy force,,,,,motion/ui/blockMain; motion/ui/bodyGeneral; motion/ui/image; motion/ui/forces
Motion & Forces > Motion > Blocks,Wooden block,motion/wood-block2,material,,,,,yes,ObserverComboBox,,,,,,motion/ui/blockMain; motion/ui/bodyGeneral; motion/ui/image; motion/ui/forces
Motion & Forces > Motion > Blocks,Wooden block,motion/wood-block2,static-friction,Static friction,double,,0.0,yes,ObserverSpinBox,,,"{""label"": """", ""values"": [{""key"": """", ""type"": ""value-map"", ""value"": ""0.0 5.0""}, {""key"": ""min"", ""type"": ""double"", ""value"": ""0.0""}, {""key"": ""max"", ""type"": ""double"", ""value"": ""5.0""}]}",,,motion/ui/blockMain; motion/ui/bodyGeneral; motion/ui/image; motion/ui/forces
Motion & Forces > Motion > Blocks,Wooden block,motion/wood-block2,dynamic-friction,Kinetic friction,double,,0.0,yes,ObserverSpinBox,,,"{""label"": """", ""values"": [{""key"": """", ""type"": ""value-map"", ""value"": ""0.0 5.0""}, {""key"": ""min"", ""type"": ""double"", ""value"": ""0.0""}, {""key"": ""max"", ""type"": ""double"", ""value"": ""5.0""}]}",,,motion/ui/blockMain; motion/ui/bodyGeneral; motion/ui/image; motion/ui/forces
Motion & Forces > Motion > Blocks,Wooden block,motion/wood-block2,coefficient-of-restitution,Elasticity,double,,0.0,yes,ObserverSpinBox,,,"{""label"": """", ""values"": [{""key"": """", ""type"": ""value-map"", ""value"": ""0.0 1.0""}, {""key"": ""min"", ""type"": ""double"", ""value"": ""0.0""}, {""key"": ""max"", ""type"": ""double"", ""value"": ""1.0""}]}",,,motion/ui/blockMain; motion/ui/bodyGeneral; motion/ui/image; motion/ui/forces
Motion & Forces > Motion > Blocks,Wooden block,motion/wood-block2,control-mode,Control mode,string,,Velocity,yes,ObserverComboBox,,,"{""label"": ""set-validator"", ""values"": [{""key"": """", ""type"": ""string-array"", ""value"": ""Velocity Force""}, {""key"": """", ""type"": ""string"", ""value"": ""Velocity""}, {""key"": """", ""type"": ""string"", ""value"": ""Force""}]}",,,motion/ui/blockMain; motion/ui/bodyGeneral; motion/ui/image; motion/ui/forces
Motion & Forces > Motion > Blocks,Wooden block,motion/wood-block2,part-id-prefix,,,,,no,,,,,,,motion/ui/blockMain; motion/ui/bodyGeneral; motion/ui/image; motion/ui/forces
Motion & Forces > Motion > Blocks,Wooden block,motion/wood-block2,block-width,Width,double,scalable,0.20,yes,ObserverSpinBox; UnitChooser,,,"{""label"": """", ""values"": [{""key"": """", ""type"": ""value-map"", ""value"": ""1e-12""}, {""key"": ""min"", ""type"": ""double"", ""value"": ""1e-12""}]}",picometer; nanometer; micrometer; millimeter; centimeter; meter; kilometer,centimeter,motion/ui/blockMain; motion/ui/bodyGeneral; motion/ui/image; motion/ui/forces
Motion & Forces > Motion > Blocks,Wooden block,motion/wood-block2,block-height,Height,double,scalable,0.10,yes,ObserverSpinBox; UnitChooser,,,"{""label"": """", ""values"": [{""key"": """", ""type"": ""value-map"", ""value"": ""1e-12""}, {""key"": ""min"", ""type"": ""double"", ""value"": ""1e-12""}]}",picometer; nanometer; micrometer; millimeter; centimeter; meter; kilometer,centimeter,motion/ui/blockMain; motion/ui/bodyGeneral; motion/ui/image; motion/ui/forces
Motion & Forces > Motion > Blocks,Wooden block,motion/wood-block2,block-depth,Depth,double,scalable,0.20,yes,ObserverSpinBox; UnitChooser,,,"{""label"": """", ""values"": [{""key"": """", ""type"": ""value-map"", ""value"": ""1e-12""}, {""key"": ""min"", ""type"": ""double"", ""value"": ""1e-12""}]}",picometer; nanometer; micrometer; millimeter; centimeter; meter; kilometer,centimeter,motion/ui/blockMain; motion/ui/bodyGeneral; motion/ui/image; motion/ui/forces
Motion & Forces > Motion > Blocks,Wooden block,motion/wood-block2,user-mass,Mass,,proxy,../p[@key='own-mass'],yes,ObserverSpinBox; UnitChooser,,,,,,motion/ui/blockMain; motion/ui/bodyGeneral; motion/ui/image; motion/ui/forces
Motion & Forces > Motion > Blocks,Wooden block,motion/wood-block2,image,,,,motion/images/blocks/wood,yes,ResourceDropdown,,,,,,motion/ui/blockMain; motion/ui/bodyGeneral; motion/ui/image; motion/ui/forces
Motion & Forces > Motion > Blocks,Metal block,motion/metal-block2,moment-of-inertia,Moment of inertia,double,computed,,no,,,,,gram metres squared; kilogram metres squared,kilogram metres squared,motion/ui/blockMain; motion/ui/bodyGeneral; motion/ui/image; motion/ui/forces
Motion & Forces > Motion > Blocks,Metal block,motion/metal-block2,own-mass,,,,32,no,,,,,,,motion/ui/blockMain; motion/ui/bodyGeneral; motion/ui/image; motion/ui/forces
Motion & Forces > Motion > Blocks,Metal block,motion/metal-block2,user-ang,Angle of rotation,,"proxy,readonly",../p[@key='ang'],no,,,,,,,motion/ui/blockMain; motion/ui/bodyGeneral; motion/ui/image; motion/ui/forces
Motion & Forces > Motion > Blocks,Metal block,motion/metal-block2,user-angvel,Angular velocity,,"proxy,readonly",../p[@key='angvel'],no,,,,,,,motion/ui/blockMain; motion/ui/bodyGeneral; motion/ui/image; motion/ui/forces
Motion & Forces > Motion > Blocks,Metal block,motion/metal-block2,user-angacc,Angular acceleration,double,computed,,no,,,,,,,motion/ui/blockMain; motion/ui/bodyGeneral; motion/ui/image; motion/ui/forces
Motion & Forces > Motion > Blocks,Metal block,motion/metal-block2,user-torque,Torque,double,computed,,no,,,,,newton metre,newton metre,motion/ui/blockMain; motion/ui/bodyGeneral; motion/ui/image; motion/ui/forces
Motion & Forces > Motion > Blocks,Metal block,motion/metal-block2,weight,Weight,double,computed,,no,,,,,newton; kilonewton,newton,motion/ui/blockMain; motion/ui/bodyGeneral; motion/ui/image; motion/ui/forces
Motion & Forces > Motion > Blocks,Metal block,motion/metal-block2,drag-coefficient,,,,2.1,yes,ObserverSpinBox,,,,,,motion/ui/blockMain; motion/ui/bodyGeneral; motion/ui/image; motion/ui/forces
Motion & Forces > Motion > Blocks,Metal block,motion/metal-block2,user-velocity,Velocity (magnitude),double,writable-computed,,no,,,,"{""label"": """", ""values"": [{""key"": """", ""type"": ""value-map"", ""value"": ""-1e6 1e6""}, {""key"": ""min"", ""type"": ""double"", ""value"": ""-1e6""}, {""key"": ""max"", ""type"": ""double"", ""value"": ""1e6""}]}",metres per second; kilometres per second; kilometres per hour,metres per second,motion/ui/blockMain; motion/ui/bodyGeneral; motion/ui/image; motion/ui/forces
Motion & Forces > Motion > Blocks,Metal block,motion/metal-block2,user-velocity-x,Velocity (x),double,writable-computed,,no,,,,"{""label"": """", ""values"": [{""key"": """", ""type"": ""value-map"", ""value"": ""-1e6 1e6""}, {""key"": ""min"", ""type"": ""double"", ""value"": ""-1e6""}, {""key"": ""max"", ""type"": ""double"", ""value"": ""1e6""}]}",metres per second; kilometres per second; kilometres per hour,metres per second,motion/ui/blockMain; motion/ui/bodyGeneral; motion/ui/image; motion/ui/forces
Motion & Forces > Motion > Blocks,Metal block,motion/metal-block2,user-velocity-y,Velocity (y),double,writable-computed,,no,,,,"{""label"": """", ""values"": [{""key"": """", ""type"": ""value-map"", ""value"": ""-1e6 1e6""}, {""key"": ""min"", ""type"": ""double"", ""value"": ""-1e6""}, {""key"": ""max"", ""type"": ""double"", ""value"": ""1e6""}]}",metres per second; kilometres per second; kilometres per hour,metres per second,motion/ui/blockMain; motion/ui/bodyGeneral; motion/ui/image; motion/ui/forces
Motion & Forces > Motion > Blocks,Metal block,motion/metal-block2,user-force,Driving force (magnitude),double,,,no,,,,,newton; kilonewton,newton,motion/ui/blockMain; motion/ui/bodyGeneral; motion/ui/image; motion/ui/forces
Motion & Forces > Motion > Blocks,Metal block,motion/metal-block2,user-force-x,Driving force (x),double,writable-computed,,no,,,,,newton; kilonewton,newton,motion/ui/blockMain; motion/ui/bodyGeneral; motion/ui/image; motion/ui/forces
Motion & Forces > Motion > Blocks,Metal block,motion/metal-block2,user-force-y,Driving force (y),double,writable-computed,,no,,,,,newton; kilonewton,newton,motion/ui/blockMain; motion/ui/bodyGeneral; motion/ui/image; motion/ui/forces
Motion & Forces > Motion > Blocks,Metal block,motion/metal-block2,user-motion-pos-x,Displacement (x),double,writable-computed,,no,,,,,picometer; nanometer; micrometer; millimeter; centimeter; meter; kilometer,meter,motion/ui/blockMain; motion/ui/bodyGeneral; motion/ui/image; motion/ui/forces
Motion & Forces > Motion > Blocks,Metal block,motion/metal-block2,user-motion-pos-y,Displacement (y),double,writable-computed,,no,,,,,picometer; nanometer; micrometer; millimeter; centimeter; meter; kilometer,meter,motion/ui/blockMain; motion/ui/bodyGeneral; motion/ui/image; motion/ui/forces
Motion & Forces > Motion > Blocks,Metal block,motion/metal-block2,distance-from-origin,Distance,double,computed,,no,,,,,picometer; nanometer; micrometer; millimeter; centimeter; meter; kilometer,meter,motion/ui/blockMain; motion/ui/bodyGeneral; motion/ui/image; motion/ui/forces
Motion & Forces > Motion > Blocks,Metal block,motion/metal-block2,user-acc-x,Acceleration (x),double,computed,,no,,,,,,metres per second per second,motion/ui/blockMain; motion/ui/bodyGeneral; motion/ui/image; motion/ui/forces
Motion & Forces > Motion > Blocks,Metal block,motion/metal-block2,user-acc-y,Acceleration (y),double,computed,,no,,,,,,metres per second per second,motion/ui/blockMain; motion/ui/bodyGeneral; motion/ui/image; motion/ui/forces
Motion & Forces > Motion > Blocks,Metal block,motion/metal-block2,user-acc-mag,Acceleration (magnitude),double,computed,,no,,,,,,metres per second per second,motion/ui/blockMain; motion/ui/bodyGeneral; motion/ui/image; motion/ui/forces
Motion & Forces > Motion > Blocks,Metal block,motion/metal-block2,user-net-force-mag,Net force (translational),double,computed,,no,,,,,,newton,motion/ui/blockMain; motion/ui/bodyGeneral; motion/ui/image; motion/ui/forces
Motion & Forces > Motion > Blocks,Metal block,motion/metal-block2,speed,Speed,,proxy,../p[@key='user-velocity'],no,,,,,,,motion/ui/blockMain; motion/ui/bodyGeneral; motion/ui/image; motion/ui/forces
Motion & Forces > Motion > Blocks,Metal block,motion/metal-block2,translational-ek,Kinetic energy (translational),double,computed,,no,,,,,joule; kilojoule,joule,motion/ui/blockMain; motion/ui/bodyGeneral; motion/ui/image; motion/ui/forces
Motion & Forces > Motion > Blocks,Metal block,motion/metal-block2,rotational-ek,Kinetic energy (rotational),double,computed,,no,,,,,joule; kilojoule,joule,motion/ui/blockMain; motion/ui/bodyGeneral; motion/ui/image; motion/ui/forces
Motion & Forces > Motion > Blocks,Metal block,motion/metal-block2,total-ek,Kinetic energy (total),double,computed,,no,,,,,joule; kilojoule,joule,motion/ui/blockMain; motion/ui/bodyGeneral; motion/ui/image; motion/ui/forces
Motion & Forces > Motion > Blocks,Metal block,motion/metal-block2,gravitational-ep,Gravitational potential energy,double,computed,,no,,,,,joule; kilojoule,joule,motion/ui/blockMain; motion/ui/bodyGeneral; motion/ui/image; motion/ui/forces
Motion & Forces > Motion > Blocks,Metal block,motion/metal-block2,momentum-x,Momentum (x),double,computed,,no,,,,,,kilogram metres per second,motion/ui/blockMain; motion/ui/bodyGeneral; motion/ui/image; motion/ui/forces
Motion & Forces > Motion > Blocks,Metal block,motion/metal-block2,momentum-y,Momentum (y),double,computed,,no,,,,,,kilogram metres per second,motion/ui/blockMain; motion/ui/bodyGeneral; motion/ui/image; motion/ui/forces
Motion & Forces > Motion > Blocks,Metal block,motion/metal-block2,density,Density,double,computed,,no,,,,"{""label"": """", ""values"": [{""key"": """", ""type"": ""value-map"", ""value"": ""0""}, {""key"": ""min"", ""type"": ""double"", ""value"": ""0""}]}",grams per cubic centimetre; kilograms per cubic metre,kilograms per cubic metre,motion/ui/blockMain; motion/ui/bodyGeneral; motion/ui/image; motion/ui/forces
Motion & Forces > Motion > Blocks,Metal block,motion/metal-block2,volume,Volume,double,computed,,no,,,,"{""label"": """", ""values"": [{""key"": """", ""type"": ""value-map"", ""value"": ""0""}, {""key"": ""min"", ""type"": ""double"", ""value"": ""0""}]}",cm3; m3,cm3,motion/ui/blockMain; motion/ui/bodyGeneral; motion/ui/image; motion/ui/forces
Motion & Forces > Motion > Blocks,Metal block,motion/metal-block2,forces-shown,Force shown,bool,,,yes,ObserverCheckBox,Show forces,,,,,motion/ui/blockMain; motion/ui/bodyGeneral; motion/ui/image; motion/ui/forces
Motion & Forces > Motion > Blocks,Metal block,motion/metal-block2,force-labels-shown,Force labels shown,bool,,,yes,ObserverComboBox,,,,,,motion/ui/blockMain; motion/ui/bodyGeneral; motion/ui/image; motion/ui/forces
Motion & Forces > Motion > Blocks,Metal block,motion/metal-block2,gravity-force-shown,Weight shown,bool,,,yes,ObserverCheckBox,Weight,,,,,motion/ui/blockMain; motion/ui/bodyGeneral; motion/ui/image; motion/ui/forces
Motion & Forces > Motion > Blocks,Metal block,motion/metal-block2,resolved-gravity-force-shown,Resolved weight shown,bool,,,yes,ObserverCheckBox,Weight (resolved),,,,,motion/ui/blockMain; motion/ui/bodyGeneral; motion/ui/image; motion/ui/forces
Motion & Forces > Motion > Blocks,Metal block,motion/metal-block2,net-force-shown,Net force shown,bool,,,yes,ObserverCheckBox,Net force,,,,,motion/ui/blockMain; motion/ui/bodyGeneral; motion/ui/image; motion/ui/forces
Motion & Forces > Motion > Blocks,Metal block,motion/metal-block2,constant-force-shown,Driving force shown,bool,,,yes,ObserverCheckBox,Driving force,,,,,motion/ui/blockMain; motion/ui/bodyGeneral; motion/ui/image; motion/ui/forces
Motion & Forces > Motion > Blocks,Metal block,motion/metal-block2,friction-force-shown,Friction force shown,bool,,,yes,ObserverCheckBox,Friction,,,,,motion/ui/blockMain; motion/ui/bodyGeneral; motion/ui/image; motion/ui/forces
Motion & Forces > Motion > Blocks,Metal block,motion/metal-block2,contact-force-shown,Contact force shown,bool,,,yes,ObserverCheckBox,Contact,,,,,motion/ui/blockMain; motion/ui/bodyGeneral; motion/ui/image; motion/ui/forces
Motion & Forces > Motion > Blocks,Metal block,motion/metal-block2,tension-force-shown,Tension force shown,bool,,,yes,ObserverCheckBox,Tension,,,,,motion/ui/blockMain; motion/ui/bodyGeneral; motion/ui/image; motion/ui/forces
Motion & Forces > Motion > Blocks,Metal block,motion/metal-block2,drag-force-shown,Drag force shown,bool,,,yes,ObserverCheckBox,Drag force,,,,,motion/ui/blockMain; motion/ui/bodyGeneral; motion/ui/image; motion/ui/forces
Motion & Forces > Motion > Blocks,Metal block,motion/metal-block2,buoyancy-force-shown,Buoyancy force shown,bool,,,yes,ObserverCheckBox,Buoyancy force,,,,,motion/ui/blockMain; motion/ui/bodyGeneral; motion/ui/image; motion/ui/forces
Motion & Forces > Motion > Blocks,Metal block,motion/metal-block2,material,,,,,yes,ObserverComboBox,,,,,,motion/ui/blockMain; motion/ui/bodyGeneral; motion/ui/image; motion/ui/forces
Motion & Forces > Motion > Blocks,Metal block,motion/metal-block2,static-friction,Static friction,double,,0.0,yes,ObserverSpinBox,,,"{""label"": """", ""values"": [{""key"": """", ""type"": ""value-map"", ""value"": ""0.0 5.0""}, {""key"": ""min"", ""type"": ""double"", ""value"": ""0.0""}, {""key"": ""max"", ""type"": ""double"", ""value"": ""5.0""}]}",,,motion/ui/blockMain; motion/ui/bodyGeneral; motion/ui/image; motion/ui/forces
Motion & Forces > Motion > Blocks,Metal block,motion/metal-block2,dynamic-friction,Kinetic friction,double,,0.0,yes,ObserverSpinBox,,,"{""label"": """", ""values"": [{""key"": """", ""type"": ""value-map"", ""value"": ""0.0 5.0""}, {""key"": ""min"", ""type"": ""double"", ""value"": ""0.0""}, {""key"": ""max"", ""type"": ""double"", ""value"": ""5.0""}]}",,,motion/ui/blockMain; motion/ui/bodyGeneral; motion/ui/image; motion/ui/forces
Motion & Forces > Motion > Blocks,Metal block,motion/metal-block2,coefficient-of-restitution,Elasticity,double,,0.0,yes,ObserverSpinBox,,,"{""label"": """", ""values"": [{""key"": """", ""type"": ""value-map"", ""value"": ""0.0 1.0""}, {""key"": ""min"", ""type"": ""double"", ""value"": ""0.0""}, {""key"": ""max"", ""type"": ""double"", ""value"": ""1.0""}]}",,,motion/ui/blockMain; motion/ui/bodyGeneral; motion/ui/image; motion/ui/forces
Motion & Forces > Motion > Blocks,Metal block,motion/metal-block2,control-mode,Control mode,string,,Velocity,yes,ObserverComboBox,,,"{""label"": ""set-validator"", ""values"": [{""key"": """", ""type"": ""string-array"", ""value"": ""Velocity Force""}, {""key"": """", ""type"": ""string"", ""value"": ""Velocity""}, {""key"": """", ""type"": ""string"", ""value"": ""Force""}]}",,,motion/ui/blockMain; motion/ui/bodyGeneral; motion/ui/image; motion/ui/forces
Motion & Forces > Motion > Blocks,Metal block,motion/metal-block2,part-id-prefix,,,,,no,,,,,,,motion/ui/blockMain; motion/ui/bodyGeneral; motion/ui/image; motion/ui/forces
Motion & Forces > Motion > Blocks,Metal block,motion/metal-block2,block-width,Width,double,scalable,0.20,yes,ObserverSpinBox; UnitChooser,,,"{""label"": """", ""values"": [{""key"": """", ""type"": ""value-map"", ""value"": ""1e-12""}, {""key"": ""min"", ""type"": ""double"", ""value"": ""1e-12""}]}",picometer; nanometer; micrometer; millimeter; centimeter; meter; kilometer,centimeter,motion/ui/blockMain; motion/ui/bodyGeneral; motion/ui/image; motion/ui/forces
Motion & Forces > Motion > Blocks,Metal block,motion/metal-block2,block-height,Height,double,scalable,0.10,yes,ObserverSpinBox; UnitChooser,,,"{""label"": """", ""values"": [{""key"": """", ""type"": ""value-map"", ""value"": ""1e-12""}, {""key"": ""min"", ""type"": ""double"", ""value"": ""1e-12""}]}",picometer; nanometer; micrometer; millimeter; centimeter; meter; kilometer,centimeter,motion/ui/blockMain; motion/ui/bodyGeneral; motion/ui/image; motion/ui/forces
Motion & Forces > Motion > Blocks,Metal block,motion/metal-block2,block-depth,Depth,double,scalable,0.20,yes,ObserverSpinBox; UnitChooser,,,"{""label"": """", ""values"": [{""key"": """", ""type"": ""value-map"", ""value"": ""1e-12""}, {""key"": ""min"", ""type"": ""double"", ""value"": ""1e-12""}]}",picometer; nanometer; micrometer; millimeter; centimeter; meter; kilometer,centimeter,motion/ui/blockMain; motion/ui/bodyGeneral; motion/ui/image; motion/ui/forces
Motion & Forces > Motion > Blocks,Metal block,motion/metal-block2,user-mass,Mass,,proxy,../p[@key='own-mass'],yes,ObserverSpinBox; UnitChooser,,,,,,motion/ui/blockMain; motion/ui/bodyGeneral; motion/ui/image; motion/ui/forces
Motion & Forces > Motion > Blocks,Metal block,motion/metal-block2,image,,,,motion/images/blocks/metal,yes,ResourceDropdown,,,,,,motion/ui/blockMain; motion/ui/bodyGeneral; motion/ui/image; motion/ui/forces
Motion & Forces > Motion > Blocks,Rubber block,motion/rubber-block2,moment-of-inertia,Moment of inertia,double,computed,,no,,,,,gram metres squared; kilogram metres squared,kilogram metres squared,motion/ui/blockMain; motion/ui/bodyGeneral; motion/ui/image; motion/ui/forces
Motion & Forces > Motion > Blocks,Rubber block,motion/rubber-block2,own-mass,,,,6.04,no,,,,,,,motion/ui/blockMain; motion/ui/bodyGeneral; motion/ui/image; motion/ui/forces
Motion & Forces > Motion > Blocks,Rubber block,motion/rubber-block2,user-ang,Angle of rotation,,"proxy,readonly",../p[@key='ang'],no,,,,,,,motion/ui/blockMain; motion/ui/bodyGeneral; motion/ui/image; motion/ui/forces
Motion & Forces > Motion > Blocks,Rubber block,motion/rubber-block2,user-angvel,Angular velocity,,"proxy,readonly",../p[@key='angvel'],no,,,,,,,motion/ui/blockMain; motion/ui/bodyGeneral; motion/ui/image; motion/ui/forces
Motion & Forces > Motion > Blocks,Rubber block,motion/rubber-block2,user-angacc,Angular acceleration,double,computed,,no,,,,,,,motion/ui/blockMain; motion/ui/bodyGeneral; motion/ui/image; motion/ui/forces
Motion & Forces > Motion > Blocks,Rubber block,motion/rubber-block2,user-torque,Torque,double,computed,,no,,,,,newton metre,newton metre,motion/ui/blockMain; motion/ui/bodyGeneral; motion/ui/image; motion/ui/forces
Motion & Forces > Motion > Blocks,Rubber block,motion/rubber-block2,weight,Weight,double,computed,,no,,,,,newton; kilonewton,newton,motion/ui/blockMain; motion/ui/bodyGeneral; motion/ui/image; motion/ui/forces
Motion & Forces > Motion > Blocks,Rubber block,motion/rubber-block2,drag-coefficient,,,,2.1,yes,ObserverSpinBox,,,,,,motion/ui/blockMain; motion/ui/bodyGeneral; motion/ui/image; motion/ui/forces
Motion & Forces > Motion > Blocks,Rubber block,motion/rubber-block2,user-velocity,Velocity (magnitude),double,writable-computed,,no,,,,"{""label"": """", ""values"": [{""key"": """", ""type"": ""value-map"", ""value"": ""-1e6 1e6""}, {""key"": ""min"", ""type"": ""double"", ""value"": ""-1e6""}, {""key"": ""max"", ""type"": ""double"", ""value"": ""1e6""}]}",metres per second; kilometres per second; kilometres per hour,metres per second,motion/ui/blockMain; motion/ui/bodyGeneral; motion/ui/image; motion/ui/forces
Motion & Forces > Motion > Blocks,Rubber block,motion/rubber-block2,user-velocity-x,Velocity (x),double,writable-computed,,no,,,,"{""label"": """", ""values"": [{""key"": """", ""type"": ""value-map"", ""value"": ""-1e6 1e6""}, {""key"": ""min"", ""type"": ""double"", ""value"": ""-1e6""}, {""key"": ""max"", ""type"": ""double"", ""value"": ""1e6""}]}",metres per second; kilometres per second; kilometres per hour,metres per second,motion/ui/blockMain; motion/ui/bodyGeneral; motion/ui/image; motion/ui/forces
Motion & Forces > Motion > Blocks,Rubber block,motion/rubber-block2,user-velocity-y,Velocity (y),double,writable-computed,,no,,,,"{""label"": """", ""values"": [{""key"": """", ""type"": ""value-map"", ""value"": ""-1e6 1e6""}, {""key"": ""min"", ""type"": ""double"", ""value"": ""-1e6""}, {""key"": ""max"", ""type"": ""double"", ""value"": ""1e6""}]}",metres per second; kilometres per second; kilometres per hour,metres per second,motion/ui/blockMain; motion/ui/bodyGeneral; motion/ui/image; motion/ui/forces
Motion & Forces > Motion > Blocks,Rubber block,motion/rubber-block2,user-force,Driving force (magnitude),double,,,no,,,,,newton; kilonewton,newton,motion/ui/blockMain; motion/ui/bodyGeneral; motion/ui/image; motion/ui/forces
Motion & Forces > Motion > Blocks,Rubber block,motion/rubber-block2,user-force-x,Driving force (x),double,writable-computed,,no,,,,,newton; kilonewton,newton,motion/ui/blockMain; motion/ui/bodyGeneral; motion/ui/image; motion/ui/forces
Motion & Forces > Motion > Blocks,Rubber block,motion/rubber-block2,user-force-y,Driving force (y),double,writable-computed,,no,,,,,newton; kilonewton,newton,motion/ui/blockMain; motion/ui/bodyGeneral; motion/ui/image; motion/ui/forces
Motion & Forces > Motion > Blocks,Rubber block,motion/rubber-block2,user-motion-pos-x,Displacement (x),double,writable-computed,,no,,,,,picometer; nanometer; micrometer; millimeter; centimeter; meter; kilometer,meter,motion/ui/blockMain; motion/ui/bodyGeneral; motion/ui/image; motion/ui/forces
Motion & Forces > Motion > Blocks,Rubber block,motion/rubber-block2,user-motion-pos-y,Displacement (y),double,writable-computed,,no,,,,,picometer; nanometer; micrometer; millimeter; centimeter; meter; kilometer,meter,motion/ui/blockMain; motion/ui/bodyGeneral; motion/ui/image; motion/ui/forces
Motion & Forces > Motion > Blocks,Rubber block,motion/rubber-block2,distance-from-origin,Distance,double,computed,,no,,,,,picometer; nanometer; micrometer; millimeter; centimeter; meter; kilometer,meter,motion/ui/blockMain; motion/ui/bodyGeneral; motion/ui/image; motion/ui/forces
Motion & Forces > Motion > Blocks,Rubber block,motion/rubber-block2,user-acc-x,Acceleration (x),double,computed,,no,,,,,,metres per second per second,motion/ui/blockMain; motion/ui/bodyGeneral; motion/ui/image; motion/ui/forces
Motion & Forces > Motion > Blocks,Rubber block,motion/rubber-block2,user-acc-y,Acceleration (y),double,computed,,no,,,,,,metres per second per second,motion/ui/blockMain; motion/ui/bodyGeneral; motion/ui/image; motion/ui/forces
Motion & Forces > Motion > Blocks,Rubber block,motion/rubber-block2,user-acc-mag,Acceleration (magnitude),double,computed,,no,,,,,,metres per second per second,motion/ui/blockMain; motion/ui/bodyGeneral; motion/ui/image; motion/ui/forces
Motion & Forces > Motion > Blocks,Rubber block,motion/rubber-block2,user-net-force-mag,Net force (translational),double,computed,,no,,,,,,newton,motion/ui/blockMain; motion/ui/bodyGeneral; motion/ui/image; motion/ui/forces
Motion & Forces > Motion > Blocks,Rubber block,motion/rubber-block2,speed,Speed,,proxy,../p[@key='user-velocity'],no,,,,,,,motion/ui/blockMain; motion/ui/bodyGeneral; motion/ui/image; motion/ui/forces
Motion & Forces > Motion > Blocks,Rubber block,motion/rubber-block2,translational-ek,Kinetic energy (translational),double,computed,,no,,,,,joule; kilojoule,joule,motion/ui/blockMain; motion/ui/bodyGeneral; motion/ui/image; motion/ui/forces
Motion & Forces > Motion > Blocks,Rubber block,motion/rubber-block2,rotational-ek,Kinetic energy (rotational),double,computed,,no,,,,,joule; kilojoule,joule,motion/ui/blockMain; motion/ui/bodyGeneral; motion/ui/image; motion/ui/forces
Motion & Forces > Motion > Blocks,Rubber block,motion/rubber-block2,total-ek,Kinetic energy (total),double,computed,,no,,,,,joule; kilojoule,joule,motion/ui/blockMain; motion/ui/bodyGeneral; motion/ui/image; motion/ui/forces
Motion & Forces > Motion > Blocks,Rubber block,motion/rubber-block2,gravitational-ep,Gravitational potential energy,double,computed,,no,,,,,joule; kilojoule,joule,motion/ui/blockMain; motion/ui/bodyGeneral; motion/ui/image; motion/ui/forces
Motion & Forces > Motion > Blocks,Rubber block,motion/rubber-block2,momentum-x,Momentum (x),double,computed,,no,,,,,,kilogram metres per second,motion/ui/blockMain; motion/ui/bodyGeneral; motion/ui/image; motion/ui/forces
Motion & Forces > Motion > Blocks,Rubber block,motion/rubber-block2,momentum-y,Momentum (y),double,computed,,no,,,,,,kilogram metres per second,motion/ui/blockMain; motion/ui/bodyGeneral; motion/ui/image; motion/ui/forces
Motion & Forces > Motion > Blocks,Rubber block,motion/rubber-block2,density,Density,double,computed,,no,,,,"{""label"": """", ""values"": [{""key"": """", ""type"": ""value-map"", ""value"": ""0""}, {""key"": ""min"", ""type"": ""double"", ""value"": ""0""}]}",grams per cubic centimetre; kilograms per cubic metre,kilograms per cubic metre,motion/ui/blockMain; motion/ui/bodyGeneral; motion/ui/image; motion/ui/forces
Motion & Forces > Motion > Blocks,Rubber block,motion/rubber-block2,volume,Volume,double,computed,,no,,,,"{""label"": """", ""values"": [{""key"": """", ""type"": ""value-map"", ""value"": ""0""}, {""key"": ""min"", ""type"": ""double"", ""value"": ""0""}]}",cm3; m3,cm3,motion/ui/blockMain; motion/ui/bodyGeneral; motion/ui/image; motion/ui/forces
Motion & Forces > Motion > Blocks,Rubber block,motion/rubber-block2,forces-shown,Force shown,bool,,,yes,ObserverCheckBox,Show forces,,,,,motion/ui/blockMain; motion/ui/bodyGeneral; motion/ui/image; motion/ui/forces
Motion & Forces > Motion > Blocks,Rubber block,motion/rubber-block2,force-labels-shown,Force labels shown,bool,,,yes,ObserverComboBox,,,,,,motion/ui/blockMain; motion/ui/bodyGeneral; motion/ui/image; motion/ui/forces
Motion & Forces > Motion > Blocks,Rubber block,motion/rubber-block2,gravity-force-shown,Weight shown,bool,,,yes,ObserverCheckBox,Weight,,,,,motion/ui/blockMain; motion/ui/bodyGeneral; motion/ui/image; motion/ui/forces
Motion & Forces > Motion > Blocks,Rubber block,motion/rubber-block2,resolved-gravity-force-shown,Resolved weight shown,bool,,,yes,ObserverCheckBox,Weight (resolved),,,,,motion/ui/blockMain; motion/ui/bodyGeneral; motion/ui/image; motion/ui/forces
Motion & Forces > Motion > Blocks,Rubber block,motion/rubber-block2,net-force-shown,Net force shown,bool,,,yes,ObserverCheckBox,Net force,,,,,motion/ui/blockMain; motion/ui/bodyGeneral; motion/ui/image; motion/ui/forces
Motion & Forces > Motion > Blocks,Rubber block,motion/rubber-block2,constant-force-shown,Driving force shown,bool,,,yes,ObserverCheckBox,Driving force,,,,,motion/ui/blockMain; motion/ui/bodyGeneral; motion/ui/image; motion/ui/forces
Motion & Forces > Motion > Blocks,Rubber block,motion/rubber-block2,friction-force-shown,Friction force shown,bool,,,yes,ObserverCheckBox,Friction,,,,,motion/ui/blockMain; motion/ui/bodyGeneral; motion/ui/image; motion/ui/forces
Motion & Forces > Motion > Blocks,Rubber block,motion/rubber-block2,contact-force-shown,Contact force shown,bool,,,yes,ObserverCheckBox,Contact,,,,,motion/ui/blockMain; motion/ui/bodyGeneral; motion/ui/image; motion/ui/forces
Motion & Forces > Motion > Blocks,Rubber block,motion/rubber-block2,tension-force-shown,Tension force shown,bool,,,yes,ObserverCheckBox,Tension,,,,,motion/ui/blockMain; motion/ui/bodyGeneral; motion/ui/image; motion/ui/forces
Motion & Forces > Motion > Blocks,Rubber block,motion/rubber-block2,drag-force-shown,Drag force shown,bool,,,yes,ObserverCheckBox,Drag force,,,,,motion/ui/blockMain; motion/ui/bodyGeneral; motion/ui/image; motion/ui/forces
Motion & Forces > Motion > Blocks,Rubber block,motion/rubber-block2,buoyancy-force-shown,Buoyancy force shown,bool,,,yes,ObserverCheckBox,Buoyancy force,,,,,motion/ui/blockMain; motion/ui/bodyGeneral; motion/ui/image; motion/ui/forces
Motion & Forces > Motion > Blocks,Rubber block,motion/rubber-block2,material,,,,,yes,ObserverComboBox,,,,,,motion/ui/blockMain; motion/ui/bodyGeneral; motion/ui/image; motion/ui/forces
Motion & Forces > Motion > Blocks,Rubber block,motion/rubber-block2,static-friction,Static friction,double,,0.0,yes,ObserverSpinBox,,,"{""label"": """", ""values"": [{""key"": """", ""type"": ""value-map"", ""value"": ""0.0 5.0""}, {""key"": ""min"", ""type"": ""double"", ""value"": ""0.0""}, {""key"": ""max"", ""type"": ""double"", ""value"": ""5.0""}]}",,,motion/ui/blockMain; motion/ui/bodyGeneral; motion/ui/image; motion/ui/forces
Motion & Forces > Motion > Blocks,Rubber block,motion/rubber-block2,dynamic-friction,Kinetic friction,double,,0.0,yes,ObserverSpinBox,,,"{""label"": """", ""values"": [{""key"": """", ""type"": ""value-map"", ""value"": ""0.0 5.0""}, {""key"": ""min"", ""type"": ""double"", ""value"": ""0.0""}, {""key"": ""max"", ""type"": ""double"", ""value"": ""5.0""}]}",,,motion/ui/blockMain; motion/ui/bodyGeneral; motion/ui/image; motion/ui/forces
Motion & Forces > Motion > Blocks,Rubber block,motion/rubber-block2,coefficient-of-restitution,Elasticity,double,,0.0,yes,ObserverSpinBox,,,"{""label"": """", ""values"": [{""key"": """", ""type"": ""value-map"", ""value"": ""0.0 1.0""}, {""key"": ""min"", ""type"": ""double"", ""value"": ""0.0""}, {""key"": ""max"", ""type"": ""double"", ""value"": ""1.0""}]}",,,motion/ui/blockMain; motion/ui/bodyGeneral; motion/ui/image; motion/ui/forces
Motion & Forces > Motion > Blocks,Rubber block,motion/rubber-block2,control-mode,Control mode,string,,Velocity,yes,ObserverComboBox,,,"{""label"": ""set-validator"", ""values"": [{""key"": """", ""type"": ""string-array"", ""value"": ""Velocity Force""}, {""key"": """", ""type"": ""string"", ""value"": ""Velocity""}, {""key"": """", ""type"": ""string"", ""value"": ""Force""}]}",,,motion/ui/blockMain; motion/ui/bodyGeneral; motion/ui/image; motion/ui/forces
Motion & Forces > Motion > Blocks,Rubber block,motion/rubber-block2,part-id-prefix,,,,,no,,,,,,,motion/ui/blockMain; motion/ui/bodyGeneral; motion/ui/image; motion/ui/forces
Motion & Forces > Motion > Blocks,Rubber block,motion/rubber-block2,block-width,Width,double,scalable,0.20,yes,ObserverSpinBox; UnitChooser,,,"{""label"": """", ""values"": [{""key"": """", ""type"": ""value-map"", ""value"": ""1e-12""}, {""key"": ""min"", ""type"": ""double"", ""value"": ""1e-12""}]}",picometer; nanometer; micrometer; millimeter; centimeter; meter; kilometer,centimeter,motion/ui/blockMain; motion/ui/bodyGeneral; motion/ui/image; motion/ui/forces
Motion & Forces > Motion > Blocks,Rubber block,motion/rubber-block2,block-height,Height,double,scalable,0.10,yes,ObserverSpinBox; UnitChooser,,,"{""label"": """", ""values"": [{""key"": """", ""type"": ""value-map"", ""value"": ""1e-12""}, {""key"": ""min"", ""type"": ""double"", ""value"": ""1e-12""}]}",picometer; nanometer; micrometer; millimeter; centimeter; meter; kilometer,centimeter,motion/ui/blockMain; motion/ui/bodyGeneral; motion/ui/image; motion/ui/forces
Motion & Forces > Motion > Blocks,Rubber block,motion/rubber-block2,block-depth,Depth,double,scalable,0.20,yes,ObserverSpinBox; UnitChooser,,,"{""label"": """", ""values"": [{""key"": """", ""type"": ""value-map"", ""value"": ""1e-12""}, {""key"": ""min"", ""type"": ""double"", ""value"": ""1e-12""}]}",picometer; nanometer; micrometer; millimeter; centimeter; meter; kilometer,centimeter,motion/ui/blockMain; motion/ui/bodyGeneral; motion/ui/image; motion/ui/forces
Motion & Forces > Motion > Blocks,Rubber block,motion/rubber-block2,user-mass,Mass,,proxy,../p[@key='own-mass'],yes,ObserverSpinBox; UnitChooser,,,,,,motion/ui/blockMain; motion/ui/bodyGeneral; motion/ui/image; motion/ui/forces
Motion & Forces > Motion > Blocks,Rubber block,motion/rubber-block2,image,,,,motion/images/blocks/rubber,yes,ResourceDropdown,,,,,,motion/ui/blockMain; motion/ui/bodyGeneral; motion/ui/image; motion/ui/forces
Motion & Forces > Motion > Blocks,Glass block,motion/glass-block2,moment-of-inertia,Moment of inertia,double,computed,,no,,,,,gram metres squared; kilogram metres squared,kilogram metres squared,motion/ui/blockMain; motion/ui/bodyGeneral; motion/ui/image; motion/ui/forces
Motion & Forces > Motion > Blocks,Glass block,motion/glass-block2,own-mass,,,,10,no,,,,,,,motion/ui/blockMain; motion/ui/bodyGeneral; motion/ui/image; motion/ui/forces
Motion & Forces > Motion > Blocks,Glass block,motion/glass-block2,user-ang,Angle of rotation,,"proxy,readonly",../p[@key='ang'],no,,,,,,,motion/ui/blockMain; motion/ui/bodyGeneral; motion/ui/image; motion/ui/forces
Motion & Forces > Motion > Blocks,Glass block,motion/glass-block2,user-angvel,Angular velocity,,"proxy,readonly",../p[@key='angvel'],no,,,,,,,motion/ui/blockMain; motion/ui/bodyGeneral; motion/ui/image; motion/ui/forces
Motion & Forces > Motion > Blocks,Glass block,motion/glass-block2,user-angacc,Angular acceleration,double,computed,,no,,,,,,,motion/ui/blockMain; motion/ui/bodyGeneral; motion/ui/image; motion/ui/forces
Motion & Forces > Motion > Blocks,Glass block,motion/glass-block2,user-torque,Torque,double,computed,,no,,,,,newton metre,newton metre,motion/ui/blockMain; motion/ui/bodyGeneral; motion/ui/image; motion/ui/forces
Motion & Forces > Motion > Blocks,Glass block,motion/glass-block2,weight,Weight,double,computed,,no,,,,,newton; kilonewton,newton,motion/ui/blockMain; motion/ui/bodyGeneral; motion/ui/image; motion/ui/forces
Motion & Forces > Motion > Blocks,Glass block,motion/glass-block2,drag-coefficient,,,,2.1,yes,ObserverSpinBox,,,,,,motion/ui/blockMain; motion/ui/bodyGeneral; motion/ui/image; motion/ui/forces
Motion & Forces > Motion > Blocks,Glass block,motion/glass-block2,user-velocity,Velocity (magnitude),double,writable-computed,,no,,,,"{""label"": """", ""values"": [{""key"": """", ""type"": ""value-map"", ""value"": ""-1e6 1e6""}, {""key"": ""min"", ""type"": ""double"", ""value"": ""-1e6""}, {""key"": ""max"", ""type"": ""double"", ""value"": ""1e6""}]}",metres per second; kilometres per second; kilometres per hour,metres per second,motion/ui/blockMain; motion/ui/bodyGeneral; motion/ui/image; motion/ui/forces
Motion & Forces > Motion > Blocks,Glass block,motion/glass-block2,user-velocity-x,Velocity (x),double,writable-computed,,no,,,,"{""label"": """", ""values"": [{""key"": """", ""type"": ""value-map"", ""value"": ""-1e6 1e6""}, {""key"": ""min"", ""type"": ""double"", ""value"": ""-1e6""}, {""key"": ""max"", ""type"": ""double"", ""value"": ""1e6""}]}",metres per second; kilometres per second; kilometres per hour,metres per second,motion/ui/blockMain; motion/ui/bodyGeneral; motion/ui/image; motion/ui/forces
Motion & Forces > Motion > Blocks,Glass block,motion/glass-block2,user-velocity-y,Velocity (y),double,writable-computed,,no,,,,"{""label"": """", ""values"": [{""key"": """", ""type"": ""value-map"", ""value"": ""-1e6 1e6""}, {""key"": ""min"", ""type"": ""double"", ""value"": ""-1e6""}, {""key"": ""max"", ""type"": ""double"", ""value"": ""1e6""}]}",metres per second; kilometres per second; kilometres per hour,metres per second,motion/ui/blockMain; motion/ui/bodyGeneral; motion/ui/image; motion/ui/forces
Motion & Forces > Motion > Blocks,Glass block,motion/glass-block2,user-force,Driving force (magnitude),double,,,no,,,,,newton; kilonewton,newton,motion/ui/blockMain; motion/ui/bodyGeneral; motion/ui/image; motion/ui/forces
Motion & Forces > Motion > Blocks,Glass block,motion/glass-block2,user-force-x,Driving force (x),double,writable-computed,,no,,,,,newton; kilonewton,newton,motion/ui/blockMain; motion/ui/bodyGeneral; motion/ui/image; motion/ui/forces
Motion & Forces > Motion > Blocks,Glass block,motion/glass-block2,user-force-y,Driving force (y),double,writable-computed,,no,,,,,newton; kilonewton,newton,motion/ui/blockMain; motion/ui/bodyGeneral; motion/ui/image; motion/ui/forces
Motion & Forces > Motion > Blocks,Glass block,motion/glass-block2,user-motion-pos-x,Displacement (x),double,writable-computed,,no,,,,,picometer; nanometer; micrometer; millimeter; centimeter; meter; kilometer,meter,motion/ui/blockMain; motion/ui/bodyGeneral; motion/ui/image; motion/ui/forces
Motion & Forces > Motion > Blocks,Glass block,motion/glass-block2,user-motion-pos-y,Displacement (y),double,writable-computed,,no,,,,,picometer; nanometer; micrometer; millimeter; centimeter; meter; kilometer,meter,motion/ui/blockMain; motion/ui/bodyGeneral; motion/ui/image; motion/ui/forces
Motion & Forces > Motion > Blocks,Glass block,motion/glass-block2,distance-from-origin,Distance,double,computed,,no,,,,,picometer; nanometer; micrometer; millimeter; centimeter; meter; kilometer,meter,motion/ui/blockMain; motion/ui/bodyGeneral; motion/ui/image; motion/ui/forces
Motion & Forces > Motion > Blocks,Glass block,motion/glass-block2,user-acc-x,Acceleration (x),double,computed,,no,,,,,,metres per second per second,motion/ui/blockMain; motion/ui/bodyGeneral; motion/ui/image; motion/ui/forces
Motion & Forces > Motion > Blocks,Glass block,motion/glass-block2,user-acc-y,Acceleration (y),double,computed,,no,,,,,,metres per second per second,motion/ui/blockMain; motion/ui/bodyGeneral; motion/ui/image; motion/ui/forces
Motion & Forces > Motion > Blocks,Glass block,motion/glass-block2,user-acc-mag,Acceleration (magnitude),double,computed,,no,,,,,,metres per second per second,motion/ui/blockMain; motion/ui/bodyGeneral; motion/ui/image; motion/ui/forces
Motion & Forces > Motion > Blocks,Glass block,motion/glass-block2,user-net-force-mag,Net force (translational),double,computed,,no,,,,,,newton,motion/ui/blockMain; motion/ui/bodyGeneral; motion/ui/image; motion/ui/forces
Motion & Forces > Motion > Blocks,Glass block,motion/glass-block2,speed,Speed,,proxy,../p[@key='user-velocity'],no,,,,,,,motion/ui/blockMain; motion/ui/bodyGeneral; motion/ui/image; motion/ui/forces
Motion & Forces > Motion > Blocks,Glass block,motion/glass-block2,translational-ek,Kinetic energy (translational),double,computed,,no,,,,,joule; kilojoule,joule,motion/ui/blockMain; motion/ui/bodyGeneral; motion/ui/image; motion/ui/forces
Motion & Forces > Motion > Blocks,Glass block,motion/glass-block2,rotational-ek,Kinetic energy (rotational),double,computed,,no,,,,,joule; kilojoule,joule,motion/ui/blockMain; motion/ui/bodyGeneral; motion/ui/image; motion/ui/forces
Motion & Forces > Motion > Blocks,Glass block,motion/glass-block2,total-ek,Kinetic energy (total),double,computed,,no,,,,,joule; kilojoule,joule,motion/ui/blockMain; motion/ui/bodyGeneral; motion/ui/image; motion/ui/forces
Motion & Forces > Motion > Blocks,Glass block,motion/glass-block2,gravitational-ep,Gravitational potential energy,double,computed,,no,,,,,joule; kilojoule,joule,motion/ui/blockMain; motion/ui/bodyGeneral; motion/ui/image; motion/ui/forces
Motion & Forces > Motion > Blocks,Glass block,motion/glass-block2,momentum-x,Momentum (x),double,computed,,no,,,,,,kilogram metres per second,motion/ui/blockMain; motion/ui/bodyGeneral; motion/ui/image; motion/ui/forces
Motion & Forces > Motion > Blocks,Glass block,motion/glass-block2,momentum-y,Momentum (y),double,computed,,no,,,,,,kilogram metres per second,motion/ui/blockMain; motion/ui/bodyGeneral; motion/ui/image; motion/ui/forces
Motion & Forces > Motion > Blocks,Glass block,motion/glass-block2,density,Density,double,computed,,no,,,,"{""label"": """", ""values"": [{""key"": """", ""type"": ""value-map"", ""value"": ""0""}, {""key"": ""min"", ""type"": ""double"", ""value"": ""0""}]}",grams per cubic centimetre; kilograms per cubic metre,kilograms per cubic metre,motion/ui/blockMain; motion/ui/bodyGeneral; motion/ui/image; motion/ui/forces
Motion & Forces > Motion > Blocks,Glass block,motion/glass-block2,volume,Volume,double,computed,,no,,,,"{""label"": """", ""values"": [{""key"": """", ""type"": ""value-map"", ""value"": ""0""}, {""key"": ""min"", ""type"": ""double"", ""value"": ""0""}]}",cm3; m3,cm3,motion/ui/blockMain; motion/ui/bodyGeneral; motion/ui/image; motion/ui/forces
Motion & Forces > Motion > Blocks,Glass block,motion/glass-block2,forces-shown,Force shown,bool,,,yes,ObserverCheckBox,Show forces,,,,,motion/ui/blockMain; motion/ui/bodyGeneral; motion/ui/image; motion/ui/forces
Motion & Forces > Motion > Blocks,Glass block,motion/glass-block2,force-labels-shown,Force labels shown,bool,,,yes,ObserverComboBox,,,,,,motion/ui/blockMain; motion/ui/bodyGeneral; motion/ui/image; motion/ui/forces
Motion & Forces > Motion > Blocks,Glass block,motion/glass-block2,gravity-force-shown,Weight shown,bool,,,yes,ObserverCheckBox,Weight,,,,,motion/ui/blockMain; motion/ui/bodyGeneral; motion/ui/image; motion/ui/forces
Motion & Forces > Motion > Blocks,Glass block,motion/glass-block2,resolved-gravity-force-shown,Resolved weight shown,bool,,,yes,ObserverCheckBox,Weight (resolved),,,,,motion/ui/blockMain; motion/ui/bodyGeneral; motion/ui/image; motion/ui/forces
Motion & Forces > Motion > Blocks,Glass block,motion/glass-block2,net-force-shown,Net force shown,bool,,,yes,ObserverCheckBox,Net force,,,,,motion/ui/blockMain; motion/ui/bodyGeneral; motion/ui/image; motion/ui/forces
Motion & Forces > Motion > Blocks,Glass block,motion/glass-block2,constant-force-shown,Driving force shown,bool,,,yes,ObserverCheckBox,Driving force,,,,,motion/ui/blockMain; motion/ui/bodyGeneral; motion/ui/image; motion/ui/forces
Motion & Forces > Motion > Blocks,Glass block,motion/glass-block2,friction-force-shown,Friction force shown,bool,,,yes,ObserverCheckBox,Friction,,,,,motion/ui/blockMain; motion/ui/bodyGeneral; motion/ui/image; motion/ui/forces
Motion & Forces > Motion > Blocks,Glass block,motion/glass-block2,contact-force-shown,Contact force shown,bool,,,yes,ObserverCheckBox,Contact,,,,,motion/ui/blockMain; motion/ui/bodyGeneral; motion/ui/image; motion/ui/forces
Motion & Forces > Motion > Blocks,Glass block,motion/glass-block2,tension-force-shown,Tension force shown,bool,,,yes,ObserverCheckBox,Tension,,,,,motion/ui/blockMain; motion/ui/bodyGeneral; motion/ui/image; motion/ui/forces
Motion & Forces > Motion > Blocks,Glass block,motion/glass-block2,drag-force-shown,Drag force shown,bool,,,yes,ObserverCheckBox,Drag force,,,,,motion/ui/blockMain; motion/ui/bodyGeneral; motion/ui/image; motion/ui/forces
Motion & Forces > Motion > Blocks,Glass block,motion/glass-block2,buoyancy-force-shown,Buoyancy force shown,bool,,,yes,ObserverCheckBox,Buoyancy force,,,,,motion/ui/blockMain; motion/ui/bodyGeneral; motion/ui/image; motion/ui/forces
Motion & Forces > Motion > Blocks,Glass block,motion/glass-block2,material,,,,,yes,ObserverComboBox,,,,,,motion/ui/blockMain; motion/ui/bodyGeneral; motion/ui/image; motion/ui/forces
Motion & Forces > Motion > Blocks,Glass block,motion/glass-block2,static-friction,Static friction,double,,0.0,yes,ObserverSpinBox,,,"{""label"": """", ""values"": [{""key"": """", ""type"": ""value-map"", ""value"": ""0.0 5.0""}, {""key"": ""min"", ""type"": ""double"", ""value"": ""0.0""}, {""key"": ""max"", ""type"": ""double"", ""value"": ""5.0""}]}",,,motion/ui/blockMain; motion/ui/bodyGeneral; motion/ui/image; motion/ui/forces
Motion & Forces > Motion > Blocks,Glass block,motion/glass-block2,dynamic-friction,Kinetic friction,double,,0.0,yes,ObserverSpinBox,,,"{""label"": """", ""values"": [{""key"": """", ""type"": ""value-map"", ""value"": ""0.0 5.0""}, {""key"": ""min"", ""type"": ""double"", ""value"": ""0.0""}, {""key"": ""max"", ""type"": ""double"", ""value"": ""5.0""}]}",,,motion/ui/blockMain; motion/ui/bodyGeneral; motion/ui/image; motion/ui/forces
Motion & Forces > Motion > Blocks,Glass block,motion/glass-block2,coefficient-of-restitution,Elasticity,double,,0.0,yes,ObserverSpinBox,,,"{""label"": """", ""values"": [{""key"": """", ""type"": ""value-map"", ""value"": ""0.0 1.0""}, {""key"": ""min"", ""type"": ""double"", ""value"": ""0.0""}, {""key"": ""max"", ""type"": ""double"", ""value"": ""1.0""}]}",,,motion/ui/blockMain; motion/ui/bodyGeneral; motion/ui/image; motion/ui/forces
Motion & Forces > Motion > Blocks,Glass block,motion/glass-block2,control-mode,Control mode,string,,Velocity,yes,ObserverComboBox,,,"{""label"": ""set-validator"", ""values"": [{""key"": """", ""type"": ""string-array"", ""value"": ""Velocity Force""}, {""key"": """", ""type"": ""string"", ""value"": ""Velocity""}, {""key"": """", ""type"": ""string"", ""value"": ""Force""}]}",,,motion/ui/blockMain; motion/ui/bodyGeneral; motion/ui/image; motion/ui/forces
Motion & Forces > Motion > Blocks,Glass block,motion/glass-block2,part-id-prefix,,,,,no,,,,,,,motion/ui/blockMain; motion/ui/bodyGeneral; motion/ui/image; motion/ui/forces
Motion & Forces > Motion > Blocks,Glass block,motion/glass-block2,block-width,Width,double,scalable,0.20,yes,ObserverSpinBox; UnitChooser,,,"{""label"": """", ""values"": [{""key"": """", ""type"": ""value-map"", ""value"": ""1e-12""}, {""key"": ""min"", ""type"": ""double"", ""value"": ""1e-12""}]}",picometer; nanometer; micrometer; millimeter; centimeter; meter; kilometer,centimeter,motion/ui/blockMain; motion/ui/bodyGeneral; motion/ui/image; motion/ui/forces
Motion & Forces > Motion > Blocks,Glass block,motion/glass-block2,block-height,Height,double,scalable,0.10,yes,ObserverSpinBox; UnitChooser,,,"{""label"": """", ""values"": [{""key"": """", ""type"": ""value-map"", ""value"": ""1e-12""}, {""key"": ""min"", ""type"": ""double"", ""value"": ""1e-12""}]}",picometer; nanometer; micrometer; millimeter; centimeter; meter; kilometer,centimeter,motion/ui/blockMain; motion/ui/bodyGeneral; motion/ui/image; motion/ui/forces
Motion & Forces > Motion > Blocks,Glass block,motion/glass-block2,block-depth,Depth,double,scalable,0.20,yes,ObserverSpinBox; UnitChooser,,,"{""label"": """", ""values"": [{""key"": """", ""type"": ""value-map"", ""value"": ""1e-12""}, {""key"": ""min"", ""type"": ""double"", ""value"": ""1e-12""}]}",picometer; nanometer; micrometer; millimeter; centimeter; meter; kilometer,centimeter,motion/ui/blockMain; motion/ui/bodyGeneral; motion/ui/image; motion/ui/forces
Motion & Forces > Motion > Blocks,Glass block,motion/glass-block2,user-mass,Mass,,proxy,../p[@key='own-mass'],yes,ObserverSpinBox; UnitChooser,,,,,,motion/ui/blockMain; motion/ui/bodyGeneral; motion/ui/image; motion/ui/forces
Motion & Forces > Motion > Blocks,Glass block,motion/glass-block2,image,,,,motion/images/blocks/glass,yes,ResourceDropdown,,,,,,motion/ui/blockMain; motion/ui/bodyGeneral; motion/ui/image; motion/ui/forces
Motion & Forces > Motion > Blocks,Ice block,motion/ice-block2,moment-of-inertia,Moment of inertia,double,computed,,no,,,,,gram metres squared; kilogram metres squared,kilogram metres squared,motion/ui/blockMain; motion/ui/bodyGeneral; motion/ui/image; motion/ui/forces
Motion & Forces > Motion > Blocks,Ice block,motion/ice-block2,own-mass,,,,3.82,no,,,,,,,motion/ui/blockMain; motion/ui/bodyGeneral; motion/ui/image; motion/ui/forces
Motion & Forces > Motion > Blocks,Ice block,motion/ice-block2,user-ang,Angle of rotation,,"proxy,readonly",../p[@key='ang'],no,,,,,,,motion/ui/blockMain; motion/ui/bodyGeneral; motion/ui/image; motion/ui/forces
Motion & Forces > Motion > Blocks,Ice block,motion/ice-block2,user-angvel,Angular velocity,,"proxy,readonly",../p[@key='angvel'],no,,,,,,,motion/ui/blockMain; motion/ui/bodyGeneral; motion/ui/image; motion/ui/forces
Motion & Forces > Motion > Blocks,Ice block,motion/ice-block2,user-angacc,Angular acceleration,double,computed,,no,,,,,,,motion/ui/blockMain; motion/ui/bodyGeneral; motion/ui/image; motion/ui/forces
Motion & Forces > Motion > Blocks,Ice block,motion/ice-block2,user-torque,Torque,double,computed,,no,,,,,newton metre,newton metre,motion/ui/blockMain; motion/ui/bodyGeneral; motion/ui/image; motion/ui/forces
Motion & Forces > Motion > Blocks,Ice block,motion/ice-block2,weight,Weight,double,computed,,no,,,,,newton; kilonewton,newton,motion/ui/blockMain; motion/ui/bodyGeneral; motion/ui/image; motion/ui/forces
Motion & Forces > Motion > Blocks,Ice block,motion/ice-block2,drag-coefficient,,,,2.1,yes,ObserverSpinBox,,,,,,motion/ui/blockMain; motion/ui/bodyGeneral; motion/ui/image; motion/ui/forces
Motion & Forces > Motion > Blocks,Ice block,motion/ice-block2,user-velocity,Velocity (magnitude),double,writable-computed,,no,,,,"{""label"": """", ""values"": [{""key"": """", ""type"": ""value-map"", ""value"": ""-1e6 1e6""}, {""key"": ""min"", ""type"": ""double"", ""value"": ""-1e6""}, {""key"": ""max"", ""type"": ""double"", ""value"": ""1e6""}]}",metres per second; kilometres per second; kilometres per hour,metres per second,motion/ui/blockMain; motion/ui/bodyGeneral; motion/ui/image; motion/ui/forces
Motion & Forces > Motion > Blocks,Ice block,motion/ice-block2,user-velocity-x,Velocity (x),double,writable-computed,,no,,,,"{""label"": """", ""values"": [{""key"": """", ""type"": ""value-map"", ""value"": ""-1e6 1e6""}, {""key"": ""min"", ""type"": ""double"", ""value"": ""-1e6""}, {""key"": ""max"", ""type"": ""double"", ""value"": ""1e6""}]}",metres per second; kilometres per second; kilometres per hour,metres per second,motion/ui/blockMain; motion/ui/bodyGeneral; motion/ui/image; motion/ui/forces
Motion & Forces > Motion > Blocks,Ice block,motion/ice-block2,user-velocity-y,Velocity (y),double,writable-computed,,no,,,,"{""label"": """", ""values"": [{""key"": """", ""type"": ""value-map"", ""value"": ""-1e6 1e6""}, {""key"": ""min"", ""type"": ""double"", ""value"": ""-1e6""}, {""key"": ""max"", ""type"": ""double"", ""value"": ""1e6""}]}",metres per second; kilometres per second; kilometres per hour,metres per second,motion/ui/blockMain; motion/ui/bodyGeneral; motion/ui/image; motion/ui/forces
Motion & Forces > Motion > Blocks,Ice block,motion/ice-block2,user-force,Driving force (magnitude),double,,,no,,,,,newton; kilonewton,newton,motion/ui/blockMain; motion/ui/bodyGeneral; motion/ui/image; motion/ui/forces
Motion & Forces > Motion > Blocks,Ice block,motion/ice-block2,user-force-x,Driving force (x),double,writable-computed,,no,,,,,newton; kilonewton,newton,motion/ui/blockMain; motion/ui/bodyGeneral; motion/ui/image; motion/ui/forces
Motion & Forces > Motion > Blocks,Ice block,motion/ice-block2,user-force-y,Driving force (y),double,writable-computed,,no,,,,,newton; kilonewton,newton,motion/ui/blockMain; motion/ui/bodyGeneral; motion/ui/image; motion/ui/forces
Motion & Forces > Motion > Blocks,Ice block,motion/ice-block2,user-motion-pos-x,Displacement (x),double,writable-computed,,no,,,,,picometer; nanometer; micrometer; millimeter; centimeter; meter; kilometer,meter,motion/ui/blockMain; motion/ui/bodyGeneral; motion/ui/image; motion/ui/forces
Motion & Forces > Motion > Blocks,Ice block,motion/ice-block2,user-motion-pos-y,Displacement (y),double,writable-computed,,no,,,,,picometer; nanometer; micrometer; millimeter; centimeter; meter; kilometer,meter,motion/ui/blockMain; motion/ui/bodyGeneral; motion/ui/image; motion/ui/forces
Motion & Forces > Motion > Blocks,Ice block,motion/ice-block2,distance-from-origin,Distance,double,computed,,no,,,,,picometer; nanometer; micrometer; millimeter; centimeter; meter; kilometer,meter,motion/ui/blockMain; motion/ui/bodyGeneral; motion/ui/image; motion/ui/forces
Motion & Forces > Motion > Blocks,Ice block,motion/ice-block2,user-acc-x,Acceleration (x),double,computed,,no,,,,,,metres per second per second,motion/ui/blockMain; motion/ui/bodyGeneral; motion/ui/image; motion/ui/forces
Motion & Forces > Motion > Blocks,Ice block,motion/ice-block2,user-acc-y,Acceleration (y),double,computed,,no,,,,,,metres per second per second,motion/ui/blockMain; motion/ui/bodyGeneral; motion/ui/image; motion/ui/forces
Motion & Forces > Motion > Blocks,Ice block,motion/ice-block2,user-acc-mag,Acceleration (magnitude),double,computed,,no,,,,,,metres per second per second,motion/ui/blockMain; motion/ui/bodyGeneral; motion/ui/image; motion/ui/forces
Motion & Forces > Motion > Blocks,Ice block,motion/ice-block2,user-net-force-mag,Net force (translational),double,computed,,no,,,,,,newton,motion/ui/blockMain; motion/ui/bodyGeneral; motion/ui/image; motion/ui/forces
Motion & Forces > Motion > Blocks,Ice block,motion/ice-block2,speed,Speed,,proxy,../p[@key='user-velocity'],no,,,,,,,motion/ui/blockMain; motion/ui/bodyGeneral; motion/ui/image; motion/ui/forces
Motion & Forces > Motion > Blocks,Ice block,motion/ice-block2,translational-ek,Kinetic energy (translational),double,computed,,no,,,,,joule; kilojoule,joule,motion/ui/blockMain; motion/ui/bodyGeneral; motion/ui/image; motion/ui/forces
Motion & Forces > Motion > Blocks,Ice block,motion/ice-block2,rotational-ek,Kinetic energy (rotational),double,computed,,no,,,,,joule; kilojoule,joule,motion/ui/blockMain; motion/ui/bodyGeneral; motion/ui/image; motion/ui/forces
Motion & Forces > Motion > Blocks,Ice block,motion/ice-block2,total-ek,Kinetic energy (total),double,computed,,no,,,,,joule; kilojoule,joule,motion/ui/blockMain; motion/ui/bodyGeneral; motion/ui/image; motion/ui/forces
Motion & Forces > Motion > Blocks,Ice block,motion/ice-block2,gravitational-ep,Gravitational potential energy,double,computed,,no,,,,,joule; kilojoule,joule,motion/ui/blockMain; motion/ui/bodyGeneral; motion/ui/image; motion/ui/forces
Motion & Forces > Motion > Blocks,Ice block,motion/ice-block2,momentum-x,Momentum (x),double,computed,,no,,,,,,kilogram metres per second,motion/ui/blockMain; motion/ui/bodyGeneral; motion/ui/image; motion/ui/forces
Motion & Forces > Motion > Blocks,Ice block,motion/ice-block2,momentum-y,Momentum (y),double,computed,,no,,,,,,kilogram metres per second,motion/ui/blockMain; motion/ui/bodyGeneral; motion/ui/image; motion/ui/forces
Motion & Forces > Motion > Blocks,Ice block,motion/ice-block2,density,Density,double,computed,,no,,,,"{""label"": """", ""values"": [{""key"": """", ""type"": ""value-map"", ""value"": ""0""}, {""key"": ""min"", ""type"": ""double"", ""value"": ""0""}]}",grams per cubic centimetre; kilograms per cubic metre,kilograms per cubic metre,motion/ui/blockMain; motion/ui/bodyGeneral; motion/ui/image; motion/ui/forces
Motion & Forces > Motion > Blocks,Ice block,motion/ice-block2,volume,Volume,double,computed,,no,,,,"{""label"": """", ""values"": [{""key"": """", ""type"": ""value-map"", ""value"": ""0""}, {""key"": ""min"", ""type"": ""double"", ""value"": ""0""}]}",cm3; m3,cm3,motion/ui/blockMain; motion/ui/bodyGeneral; motion/ui/image; motion/ui/forces
Motion & Forces > Motion > Blocks,Ice block,motion/ice-block2,forces-shown,Force shown,bool,,,yes,ObserverCheckBox,Show forces,,,,,motion/ui/blockMain; motion/ui/bodyGeneral; motion/ui/image; motion/ui/forces
Motion & Forces > Motion > Blocks,Ice block,motion/ice-block2,force-labels-shown,Force labels shown,bool,,,yes,ObserverComboBox,,,,,,motion/ui/blockMain; motion/ui/bodyGeneral; motion/ui/image; motion/ui/forces
Motion & Forces > Motion > Blocks,Ice block,motion/ice-block2,gravity-force-shown,Weight shown,bool,,,yes,ObserverCheckBox,Weight,,,,,motion/ui/blockMain; motion/ui/bodyGeneral; motion/ui/image; motion/ui/forces
Motion & Forces > Motion > Blocks,Ice block,motion/ice-block2,resolved-gravity-force-shown,Resolved weight shown,bool,,,yes,ObserverCheckBox,Weight (resolved),,,,,motion/ui/blockMain; motion/ui/bodyGeneral; motion/ui/image; motion/ui/forces
Motion & Forces > Motion > Blocks,Ice block,motion/ice-block2,net-force-shown,Net force shown,bool,,,yes,ObserverCheckBox,Net force,,,,,motion/ui/blockMain; motion/ui/bodyGeneral; motion/ui/image; motion/ui/forces
Motion & Forces > Motion > Blocks,Ice block,motion/ice-block2,constant-force-shown,Driving force shown,bool,,,yes,ObserverCheckBox,Driving force,,,,,motion/ui/blockMain; motion/ui/bodyGeneral; motion/ui/image; motion/ui/forces
Motion & Forces > Motion > Blocks,Ice block,motion/ice-block2,friction-force-shown,Friction force shown,bool,,,yes,ObserverCheckBox,Friction,,,,,motion/ui/blockMain; motion/ui/bodyGeneral; motion/ui/image; motion/ui/forces
Motion & Forces > Motion > Blocks,Ice block,motion/ice-block2,contact-force-shown,Contact force shown,bool,,,yes,ObserverCheckBox,Contact,,,,,motion/ui/blockMain; motion/ui/bodyGeneral; motion/ui/image; motion/ui/forces
Motion & Forces > Motion > Blocks,Ice block,motion/ice-block2,tension-force-shown,Tension force shown,bool,,,yes,ObserverCheckBox,Tension,,,,,motion/ui/blockMain; motion/ui/bodyGeneral; motion/ui/image; motion/ui/forces
Motion & Forces > Motion > Blocks,Ice block,motion/ice-block2,drag-force-shown,Drag force shown,bool,,,yes,ObserverCheckBox,Drag force,,,,,motion/ui/blockMain; motion/ui/bodyGeneral; motion/ui/image; motion/ui/forces
Motion & Forces > Motion > Blocks,Ice block,motion/ice-block2,buoyancy-force-shown,Buoyancy force shown,bool,,,yes,ObserverCheckBox,Buoyancy force,,,,,motion/ui/blockMain; motion/ui/bodyGeneral; motion/ui/image; motion/ui/forces
Motion & Forces > Motion > Blocks,Ice block,motion/ice-block2,material,,,,,yes,ObserverComboBox,,,,,,motion/ui/blockMain; motion/ui/bodyGeneral; motion/ui/image; motion/ui/forces
Motion & Forces > Motion > Blocks,Ice block,motion/ice-block2,static-friction,Static friction,double,,0.0,yes,ObserverSpinBox,,,"{""label"": """", ""values"": [{""key"": """", ""type"": ""value-map"", ""value"": ""0.0 5.0""}, {""key"": ""min"", ""type"": ""double"", ""value"": ""0.0""}, {""key"": ""max"", ""type"": ""double"", ""value"": ""5.0""}]}",,,motion/ui/blockMain; motion/ui/bodyGeneral; motion/ui/image; motion/ui/forces
Motion & Forces > Motion > Blocks,Ice block,motion/ice-block2,dynamic-friction,Kinetic friction,double,,0.0,yes,ObserverSpinBox,,,"{""label"": """", ""values"": [{""key"": """", ""type"": ""value-map"", ""value"": ""0.0 5.0""}, {""key"": ""min"", ""type"": ""double"", ""value"": ""0.0""}, {""key"": ""max"", ""type"": ""double"", ""value"": ""5.0""}]}",,,motion/ui/blockMain; motion/ui/bodyGeneral; motion/ui/image; motion/ui/forces
Motion & Forces > Motion > Blocks,Ice block,motion/ice-block2,coefficient-of-restitution,Elasticity,double,,0.0,yes,ObserverSpinBox,,,"{""label"": """", ""values"": [{""key"": """", ""type"": ""value-map"", ""value"": ""0.0 1.0""}, {""key"": ""min"", ""type"": ""double"", ""value"": ""0.0""}, {""key"": ""max"", ""type"": ""double"", ""value"": ""1.0""}]}",,,motion/ui/blockMain; motion/ui/bodyGeneral; motion/ui/image; motion/ui/forces
Motion & Forces > Motion > Blocks,Ice block,motion/ice-block2,control-mode,Control mode,string,,Velocity,yes,ObserverComboBox,,,"{""label"": ""set-validator"", ""values"": [{""key"": """", ""type"": ""string-array"", ""value"": ""Velocity Force""}, {""key"": """", ""type"": ""string"", ""value"": ""Velocity""}, {""key"": """", ""type"": ""string"", ""value"": ""Force""}]}",,,motion/ui/blockMain; motion/ui/bodyGeneral; motion/ui/image; motion/ui/forces
Motion & Forces > Motion > Blocks,Ice block,motion/ice-block2,part-id-prefix,,,,,no,,,,,,,motion/ui/blockMain; motion/ui/bodyGeneral; motion/ui/image; motion/ui/forces
Motion & Forces > Motion > Blocks,Ice block,motion/ice-block2,block-width,Width,double,scalable,0.20,yes,ObserverSpinBox; UnitChooser,,,"{""label"": """", ""values"": [{""key"": """", ""type"": ""value-map"", ""value"": ""1e-12""}, {""key"": ""min"", ""type"": ""double"", ""value"": ""1e-12""}]}",picometer; nanometer; micrometer; millimeter; centimeter; meter; kilometer,centimeter,motion/ui/blockMain; motion/ui/bodyGeneral; motion/ui/image; motion/ui/forces
Motion & Forces > Motion > Blocks,Ice block,motion/ice-block2,block-height,Height,double,scalable,0.10,yes,ObserverSpinBox; UnitChooser,,,"{""label"": """", ""values"": [{""key"": """", ""type"": ""value-map"", ""value"": ""1e-12""}, {""key"": ""min"", ""type"": ""double"", ""value"": ""1e-12""}]}",picometer; nanometer; micrometer; millimeter; centimeter; meter; kilometer,centimeter,motion/ui/blockMain; motion/ui/bodyGeneral; motion/ui/image; motion/ui/forces
Motion & Forces > Motion > Blocks,Ice block,motion/ice-block2,block-depth,Depth,double,scalable,0.20,yes,ObserverSpinBox; UnitChooser,,,"{""label"": """", ""values"": [{""key"": """", ""type"": ""value-map"", ""value"": ""1e-12""}, {""key"": ""min"", ""type"": ""double"", ""value"": ""1e-12""}]}",picometer; nanometer; micrometer; millimeter; centimeter; meter; kilometer,centimeter,motion/ui/blockMain; motion/ui/bodyGeneral; motion/ui/image; motion/ui/forces
Motion & Forces > Motion > Blocks,Ice block,motion/ice-block2,user-mass,Mass,,proxy,../p[@key='own-mass'],yes,ObserverSpinBox; UnitChooser,,,,,,motion/ui/blockMain; motion/ui/bodyGeneral; motion/ui/image; motion/ui/forces
Motion & Forces > Motion > Blocks,Ice block,motion/ice-block2,image,,,,motion/images/blocks/ice,yes,ResourceDropdown,,,,,,motion/ui/blockMain; motion/ui/bodyGeneral; motion/ui/image; motion/ui/forces
Motion & Forces > Motion > Blocks,Concrete block,motion/concrete-block2,moment-of-inertia,Moment of inertia,double,computed,,no,,,,,gram metres squared; kilogram metres squared,kilogram metres squared,motion/ui/blockMain; motion/ui/bodyGeneral; motion/ui/image; motion/ui/forces
Motion & Forces > Motion > Blocks,Concrete block,motion/concrete-block2,own-mass,,,,9.64,no,,,,,,,motion/ui/blockMain; motion/ui/bodyGeneral; motion/ui/image; motion/ui/forces
Motion & Forces > Motion > Blocks,Concrete block,motion/concrete-block2,user-ang,Angle of rotation,,"proxy,readonly",../p[@key='ang'],no,,,,,,,motion/ui/blockMain; motion/ui/bodyGeneral; motion/ui/image; motion/ui/forces
Motion & Forces > Motion > Blocks,Concrete block,motion/concrete-block2,user-angvel,Angular velocity,,"proxy,readonly",../p[@key='angvel'],no,,,,,,,motion/ui/blockMain; motion/ui/bodyGeneral; motion/ui/image; motion/ui/forces
Motion & Forces > Motion > Blocks,Concrete block,motion/concrete-block2,user-angacc,Angular acceleration,double,computed,,no,,,,,,,motion/ui/blockMain; motion/ui/bodyGeneral; motion/ui/image; motion/ui/forces
Motion & Forces > Motion > Blocks,Concrete block,motion/concrete-block2,user-torque,Torque,double,computed,,no,,,,,newton metre,newton metre,motion/ui/blockMain; motion/ui/bodyGeneral; motion/ui/image; motion/ui/forces
Motion & Forces > Motion > Blocks,Concrete block,motion/concrete-block2,weight,Weight,double,computed,,no,,,,,newton; kilonewton,newton,motion/ui/blockMain; motion/ui/bodyGeneral; motion/ui/image; motion/ui/forces
Motion & Forces > Motion > Blocks,Concrete block,motion/concrete-block2,drag-coefficient,,,,2.3,yes,ObserverSpinBox,,,,,,motion/ui/blockMain; motion/ui/bodyGeneral; motion/ui/image; motion/ui/forces
Motion & Forces > Motion > Blocks,Concrete block,motion/concrete-block2,user-velocity,Velocity (magnitude),double,writable-computed,,no,,,,"{""label"": """", ""values"": [{""key"": """", ""type"": ""value-map"", ""value"": ""-1e6 1e6""}, {""key"": ""min"", ""type"": ""double"", ""value"": ""-1e6""}, {""key"": ""max"", ""type"": ""double"", ""value"": ""1e6""}]}",metres per second; kilometres per second; kilometres per hour,metres per second,motion/ui/blockMain; motion/ui/bodyGeneral; motion/ui/image; motion/ui/forces
Motion & Forces > Motion > Blocks,Concrete block,motion/concrete-block2,user-velocity-x,Velocity (x),double,writable-computed,,no,,,,"{""label"": """", ""values"": [{""key"": """", ""type"": ""value-map"", ""value"": ""-1e6 1e6""}, {""key"": ""min"", ""type"": ""double"", ""value"": ""-1e6""}, {""key"": ""max"", ""type"": ""double"", ""value"": ""1e6""}]}",metres per second; kilometres per second; kilometres per hour,metres per second,motion/ui/blockMain; motion/ui/bodyGeneral; motion/ui/image; motion/ui/forces
Motion & Forces > Motion > Blocks,Concrete block,motion/concrete-block2,user-velocity-y,Velocity (y),double,writable-computed,,no,,,,"{""label"": """", ""values"": [{""key"": """", ""type"": ""value-map"", ""value"": ""-1e6 1e6""}, {""key"": ""min"", ""type"": ""double"", ""value"": ""-1e6""}, {""key"": ""max"", ""type"": ""double"", ""value"": ""1e6""}]}",metres per second; kilometres per second; kilometres per hour,metres per second,motion/ui/blockMain; motion/ui/bodyGeneral; motion/ui/image; motion/ui/forces
Motion & Forces > Motion > Blocks,Concrete block,motion/concrete-block2,user-force,Driving force (magnitude),double,,,no,,,,,newton; kilonewton,newton,motion/ui/blockMain; motion/ui/bodyGeneral; motion/ui/image; motion/ui/forces
Motion & Forces > Motion > Blocks,Concrete block,motion/concrete-block2,user-force-x,Driving force (x),double,writable-computed,,no,,,,,newton; kilonewton,newton,motion/ui/blockMain; motion/ui/bodyGeneral; motion/ui/image; motion/ui/forces
Motion & Forces > Motion > Blocks,Concrete block,motion/concrete-block2,user-force-y,Driving force (y),double,writable-computed,,no,,,,,newton; kilonewton,newton,motion/ui/blockMain; motion/ui/bodyGeneral; motion/ui/image; motion/ui/forces
Motion & Forces > Motion > Blocks,Concrete block,motion/concrete-block2,user-motion-pos-x,Displacement (x),double,writable-computed,,no,,,,,picometer; nanometer; micrometer; millimeter; centimeter; meter; kilometer,meter,motion/ui/blockMain; motion/ui/bodyGeneral; motion/ui/image; motion/ui/forces
Motion & Forces > Motion > Blocks,Concrete block,motion/concrete-block2,user-motion-pos-y,Displacement (y),double,writable-computed,,no,,,,,picometer; nanometer; micrometer; millimeter; centimeter; meter; kilometer,meter,motion/ui/blockMain; motion/ui/bodyGeneral; motion/ui/image; motion/ui/forces
Motion & Forces > Motion > Blocks,Concrete block,motion/concrete-block2,distance-from-origin,Distance,double,computed,,no,,,,,picometer; nanometer; micrometer; millimeter; centimeter; meter; kilometer,meter,motion/ui/blockMain; motion/ui/bodyGeneral; motion/ui/image; motion/ui/forces
Motion & Forces > Motion > Blocks,Concrete block,motion/concrete-block2,user-acc-x,Acceleration (x),double,computed,,no,,,,,,metres per second per second,motion/ui/blockMain; motion/ui/bodyGeneral; motion/ui/image; motion/ui/forces
Motion & Forces > Motion > Blocks,Concrete block,motion/concrete-block2,user-acc-y,Acceleration (y),double,computed,,no,,,,,,metres per second per second,motion/ui/blockMain; motion/ui/bodyGeneral; motion/ui/image; motion/ui/forces
Motion & Forces > Motion > Blocks,Concrete block,motion/concrete-block2,user-acc-mag,Acceleration (magnitude),double,computed,,no,,,,,,metres per second per second,motion/ui/blockMain; motion/ui/bodyGeneral; motion/ui/image; motion/ui/forces
Motion & Forces > Motion > Blocks,Concrete block,motion/concrete-block2,user-net-force-mag,Net force (translational),double,computed,,no,,,,,,newton,motion/ui/blockMain; motion/ui/bodyGeneral; motion/ui/image; motion/ui/forces
Motion & Forces > Motion > Blocks,Concrete block,motion/concrete-block2,speed,Speed,,proxy,../p[@key='user-velocity'],no,,,,,,,motion/ui/blockMain; motion/ui/bodyGeneral; motion/ui/image; motion/ui/forces
Motion & Forces > Motion > Blocks,Concrete block,motion/concrete-block2,translational-ek,Kinetic energy (translational),double,computed,,no,,,,,joule; kilojoule,joule,motion/ui/blockMain; motion/ui/bodyGeneral; motion/ui/image; motion/ui/forces
Motion & Forces > Motion > Blocks,Concrete block,motion/concrete-block2,rotational-ek,Kinetic energy (rotational),double,computed,,no,,,,,joule; kilojoule,joule,motion/ui/blockMain; motion/ui/bodyGeneral; motion/ui/image; motion/ui/forces
Motion & Forces > Motion > Blocks,Concrete block,motion/concrete-block2,total-ek,Kinetic energy (total),double,computed,,no,,,,,joule; kilojoule,joule,motion/ui/blockMain; motion/ui/bodyGeneral; motion/ui/image; motion/ui/forces
Motion & Forces > Motion > Blocks,Concrete block,motion/concrete-block2,gravitational-ep,Gravitational potential energy,double,computed,,no,,,,,joule; kilojoule,joule,motion/ui/blockMain; motion/ui/bodyGeneral; motion/ui/image; motion/ui/forces
Motion & Forces > Motion > Blocks,Concrete block,motion/concrete-block2,momentum-x,Momentum (x),double,computed,,no,,,,,,kilogram metres per second,motion/ui/blockMain; motion/ui/bodyGeneral; motion/ui/image; motion/ui/forces
Motion & Forces > Motion > Blocks,Concrete block,motion/concrete-block2,momentum-y,Momentum (y),double,computed,,no,,,,,,kilogram metres per second,motion/ui/blockMain; motion/ui/bodyGeneral; motion/ui/image; motion/ui/forces
Motion & Forces > Motion > Blocks,Concrete block,motion/concrete-block2,density,Density,double,computed,,no,,,,"{""label"": """", ""values"": [{""key"": """", ""type"": ""value-map"", ""value"": ""0""}, {""key"": ""min"", ""type"": ""double"", ""value"": ""0""}]}",grams per cubic centimetre; kilograms per cubic metre,kilograms per cubic metre,motion/ui/blockMain; motion/ui/bodyGeneral; motion/ui/image; motion/ui/forces
Motion & Forces > Motion > Blocks,Concrete block,motion/concrete-block2,volume,Volume,double,computed,,no,,,,"{""label"": """", ""values"": [{""key"": """", ""type"": ""value-map"", ""value"": ""0""}, {""key"": ""min"", ""type"": ""double"", ""value"": ""0""}]}",cm3; m3,cm3,motion/ui/blockMain; motion/ui/bodyGeneral; motion/ui/image; motion/ui/forces
Motion & Forces > Motion > Blocks,Concrete block,motion/concrete-block2,forces-shown,Force shown,bool,,,yes,ObserverCheckBox,Show forces,,,,,motion/ui/blockMain; motion/ui/bodyGeneral; motion/ui/image; motion/ui/forces
Motion & Forces > Motion > Blocks,Concrete block,motion/concrete-block2,force-labels-shown,Force labels shown,bool,,,yes,ObserverComboBox,,,,,,motion/ui/blockMain; motion/ui/bodyGeneral; motion/ui/image; motion/ui/forces
Motion & Forces > Motion > Blocks,Concrete block,motion/concrete-block2,gravity-force-shown,Weight shown,bool,,,yes,ObserverCheckBox,Weight,,,,,motion/ui/blockMain; motion/ui/bodyGeneral; motion/ui/image; motion/ui/forces
Motion & Forces > Motion > Blocks,Concrete block,motion/concrete-block2,resolved-gravity-force-shown,Resolved weight shown,bool,,,yes,ObserverCheckBox,Weight (resolved),,,,,motion/ui/blockMain; motion/ui/bodyGeneral; motion/ui/image; motion/ui/forces
Motion & Forces > Motion > Blocks,Concrete block,motion/concrete-block2,net-force-shown,Net force shown,bool,,,yes,ObserverCheckBox,Net force,,,,,motion/ui/blockMain; motion/ui/bodyGeneral; motion/ui/image; motion/ui/forces
Motion & Forces > Motion > Blocks,Concrete block,motion/concrete-block2,constant-force-shown,Driving force shown,bool,,,yes,ObserverCheckBox,Driving force,,,,,motion/ui/blockMain; motion/ui/bodyGeneral; motion/ui/image; motion/ui/forces
Motion & Forces > Motion > Blocks,Concrete block,motion/concrete-block2,friction-force-shown,Friction force shown,bool,,,yes,ObserverCheckBox,Friction,,,,,motion/ui/blockMain; motion/ui/bodyGeneral; motion/ui/image; motion/ui/forces
Motion & Forces > Motion > Blocks,Concrete block,motion/concrete-block2,contact-force-shown,Contact force shown,bool,,,yes,ObserverCheckBox,Contact,,,,,motion/ui/blockMain; motion/ui/bodyGeneral; motion/ui/image; motion/ui/forces
Motion & Forces > Motion > Blocks,Concrete block,motion/concrete-block2,tension-force-shown,Tension force shown,bool,,,yes,ObserverCheckBox,Tension,,,,,motion/ui/blockMain; motion/ui/bodyGeneral; motion/ui/image; motion/ui/forces
Motion & Forces > Motion > Blocks,Concrete block,motion/concrete-block2,drag-force-shown,Drag force shown,bool,,,yes,ObserverCheckBox,Drag force,,,,,motion/ui/blockMain; motion/ui/bodyGeneral; motion/ui/image; motion/ui/forces
Motion & Forces > Motion > Blocks,Concrete block,motion/concrete-block2,buoyancy-force-shown,Buoyancy force shown,bool,,,yes,ObserverCheckBox,Buoyancy force,,,,,motion/ui/blockMain; motion/ui/bodyGeneral; motion/ui/image; motion/ui/forces
Motion & Forces > Motion > Blocks,Concrete block,motion/concrete-block2,material,,,,,yes,ObserverComboBox,,,,,,motion/ui/blockMain; motion/ui/bodyGeneral; motion/ui/image; motion/ui/forces
Motion & Forces > Motion > Blocks,Concrete block,motion/concrete-block2,static-friction,Static friction,double,,0.0,yes,ObserverSpinBox,,,"{""label"": """", ""values"": [{""key"": """", ""type"": ""value-map"", ""value"": ""0.0 5.0""}, {""key"": ""min"", ""type"": ""double"", ""value"": ""0.0""}, {""key"": ""max"", ""type"": ""double"", ""value"": ""5.0""}]}",,,motion/ui/blockMain; motion/ui/bodyGeneral; motion/ui/image; motion/ui/forces
Motion & Forces > Motion > Blocks,Concrete block,motion/concrete-block2,dynamic-friction,Kinetic friction,double,,0.0,yes,ObserverSpinBox,,,"{""label"": """", ""values"": [{""key"": """", ""type"": ""value-map"", ""value"": ""0.0 5.0""}, {""key"": ""min"", ""type"": ""double"", ""value"": ""0.0""}, {""key"": ""max"", ""type"": ""double"", ""value"": ""5.0""}]}",,,motion/ui/blockMain; motion/ui/bodyGeneral; motion/ui/image; motion/ui/forces
Motion & Forces > Motion > Blocks,Concrete block,motion/concrete-block2,coefficient-of-restitution,Elasticity,double,,0.0,yes,ObserverSpinBox,,,"{""label"": """", ""values"": [{""key"": """", ""type"": ""value-map"", ""value"": ""0.0 1.0""}, {""key"": ""min"", ""type"": ""double"", ""value"": ""0.0""}, {""key"": ""max"", ""type"": ""double"", ""value"": ""1.0""}]}",,,motion/ui/blockMain; motion/ui/bodyGeneral; motion/ui/image; motion/ui/forces
Motion & Forces > Motion > Blocks,Concrete block,motion/concrete-block2,control-mode,Control mode,string,,Velocity,yes,ObserverComboBox,,,"{""label"": ""set-validator"", ""values"": [{""key"": """", ""type"": ""string-array"", ""value"": ""Velocity Force""}, {""key"": """", ""type"": ""string"", ""value"": ""Velocity""}, {""key"": """", ""type"": ""string"", ""value"": ""Force""}]}",,,motion/ui/blockMain; motion/ui/bodyGeneral; motion/ui/image; motion/ui/forces
Motion & Forces > Motion > Blocks,Concrete block,motion/concrete-block2,part-id-prefix,,,,,no,,,,,,,motion/ui/blockMain; motion/ui/bodyGeneral; motion/ui/image; motion/ui/forces
Motion & Forces > Motion > Blocks,Concrete block,motion/concrete-block2,block-width,Width,double,scalable,0.20,yes,ObserverSpinBox; UnitChooser,,,"{""label"": """", ""values"": [{""key"": """", ""type"": ""value-map"", ""value"": ""1e-12""}, {""key"": ""min"", ""type"": ""double"", ""value"": ""1e-12""}]}",picometer; nanometer; micrometer; millimeter; centimeter; meter; kilometer,centimeter,motion/ui/blockMain; motion/ui/bodyGeneral; motion/ui/image; motion/ui/forces
Motion & Forces > Motion > Blocks,Concrete block,motion/concrete-block2,block-height,Height,double,scalable,0.10,yes,ObserverSpinBox; UnitChooser,,,"{""label"": """", ""values"": [{""key"": """", ""type"": ""value-map"", ""value"": ""1e-12""}, {""key"": ""min"", ""type"": ""double"", ""value"": ""1e-12""}]}",picometer; nanometer; micrometer; millimeter; centimeter; meter; kilometer,centimeter,motion/ui/blockMain; motion/ui/bodyGeneral; motion/ui/image; motion/ui/forces
Motion & Forces > Motion > Blocks,Concrete block,motion/concrete-block2,block-depth,Depth,double,scalable,0.20,yes,ObserverSpinBox; UnitChooser,,,"{""label"": """", ""values"": [{""key"": """", ""type"": ""value-map"", ""value"": ""1e-12""}, {""key"": ""min"", ""type"": ""double"", ""value"": ""1e-12""}]}",picometer; nanometer; micrometer; millimeter; centimeter; meter; kilometer,centimeter,motion/ui/blockMain; motion/ui/bodyGeneral; motion/ui/image; motion/ui/forces
Motion & Forces > Motion > Blocks,Concrete block,motion/concrete-block2,user-mass,Mass,,proxy,../p[@key='own-mass'],yes,ObserverSpinBox; UnitChooser,,,,,,motion/ui/blockMain; motion/ui/bodyGeneral; motion/ui/image; motion/ui/forces
Motion & Forces > Motion > Blocks,Concrete block,motion/concrete-block2,image,,,,motion/images/blocks/concrete,yes,ResourceDropdown,,,,,,motion/ui/blockMain; motion/ui/bodyGeneral; motion/ui/image; motion/ui/forces
Motion & Forces > Motion,Cart,motion/cart,moment-of-inertia,Moment of inertia,double,computed,,no,,,,,gram metres squared; kilogram metres squared,kilogram metres squared,motion/ui/cartMain; motion/ui/bodyGeneral; motion/ui/image; motion/ui/forces
Motion & Forces > Motion,Cart,motion/cart,own-mass,,,,1,no,,,,"{""label"": """", ""values"": [{""key"": """", ""type"": ""value-map"", ""value"": ""1e-3 1e3""}, {""key"": ""min"", ""type"": ""double"", ""value"": ""1e-3""}, {""key"": ""max"", ""type"": ""double"", ""value"": ""1e3""}]}",,,motion/ui/cartMain; motion/ui/bodyGeneral; motion/ui/image; motion/ui/forces
Motion & Forces > Motion,Cart,motion/cart,user-ang,Angle of rotation,,"proxy,readonly",../p[@key='ang'],no,,,,,,,motion/ui/cartMain; motion/ui/bodyGeneral; motion/ui/image; motion/ui/forces
Motion & Forces > Motion,Cart,motion/cart,user-angvel,Angular velocity,,"proxy,readonly",../p[@key='angvel'],no,,,,,,,motion/ui/cartMain; motion/ui/bodyGeneral; motion/ui/image; motion/ui/forces
Motion & Forces > Motion,Cart,motion/cart,user-angacc,Angular acceleration,double,computed,,no,,,,,,,motion/ui/cartMain; motion/ui/bodyGeneral; motion/ui/image; motion/ui/forces
Motion & Forces > Motion,Cart,motion/cart,user-torque,Torque,double,computed,,no,,,,,newton metre,newton metre,motion/ui/cartMain; motion/ui/bodyGeneral; motion/ui/image; motion/ui/forces
Motion & Forces > Motion,Cart,motion/cart,weight,Weight,double,computed,,no,,,,,newton; kilonewton,newton,motion/ui/cartMain; motion/ui/bodyGeneral; motion/ui/image; motion/ui/forces
Motion & Forces > Motion,Cart,motion/cart,drag-coefficient,,,,0.6,yes,ObserverSpinBox,,,,,,motion/ui/cartMain; motion/ui/bodyGeneral; motion/ui/image; motion/ui/forces
Motion & Forces > Motion,Cart,motion/cart,user-velocity,Velocity (magnitude),double,writable-computed,,no,,,,"{""label"": """", ""values"": [{""key"": """", ""type"": ""value-map"", ""value"": ""-1e6 1e6""}, {""key"": ""min"", ""type"": ""double"", ""value"": ""-1e6""}, {""key"": ""max"", ""type"": ""double"", ""value"": ""1e6""}]}",metres per second; kilometres per second; kilometres per hour,metres per second,motion/ui/cartMain; motion/ui/bodyGeneral; motion/ui/image; motion/ui/forces
Motion & Forces > Motion,Cart,motion/cart,user-velocity-x,Velocity (x),double,writable-computed,,no,,,,"{""label"": """", ""values"": [{""key"": """", ""type"": ""value-map"", ""value"": ""-1e6 1e6""}, {""key"": ""min"", ""type"": ""double"", ""value"": ""-1e6""}, {""key"": ""max"", ""type"": ""double"", ""value"": ""1e6""}]}",metres per second; kilometres per second; kilometres per hour,metres per second,motion/ui/cartMain; motion/ui/bodyGeneral; motion/ui/image; motion/ui/forces
Motion & Forces > Motion,Cart,motion/cart,user-velocity-y,Velocity (y),double,writable-computed,,no,,,,"{""label"": """", ""values"": [{""key"": """", ""type"": ""value-map"", ""value"": ""-1e6 1e6""}, {""key"": ""min"", ""type"": ""double"", ""value"": ""-1e6""}, {""key"": ""max"", ""type"": ""double"", ""value"": ""1e6""}]}",metres per second; kilometres per second; kilometres per hour,metres per second,motion/ui/cartMain; motion/ui/bodyGeneral; motion/ui/image; motion/ui/forces
Motion & Forces > Motion,Cart,motion/cart,user-force,Driving force (magnitude),double,,,no,,,,,newton; kilonewton,newton,motion/ui/cartMain; motion/ui/bodyGeneral; motion/ui/image; motion/ui/forces
Motion & Forces > Motion,Cart,motion/cart,user-force-x,Driving force (x),double,writable-computed,,no,,,,,newton; kilonewton,newton,motion/ui/cartMain; motion/ui/bodyGeneral; motion/ui/image; motion/ui/forces
Motion & Forces > Motion,Cart,motion/cart,user-force-y,Driving force (y),double,writable-computed,,no,,,,,newton; kilonewton,newton,motion/ui/cartMain; motion/ui/bodyGeneral; motion/ui/image; motion/ui/forces
Motion & Forces > Motion,Cart,motion/cart,user-motion-pos-x,Displacement (x),double,writable-computed,,no,,,,,picometer; nanometer; micrometer; millimeter; centimeter; meter; kilometer,meter,motion/ui/cartMain; motion/ui/bodyGeneral; motion/ui/image; motion/ui/forces
Motion & Forces > Motion,Cart,motion/cart,user-motion-pos-y,Displacement (y),double,writable-computed,,no,,,,,picometer; nanometer; micrometer; millimeter; centimeter; meter; kilometer,meter,motion/ui/cartMain; motion/ui/bodyGeneral; motion/ui/image; motion/ui/forces
Motion & Forces > Motion,Cart,motion/cart,distance-from-origin,Distance,double,computed,,no,,,,,picometer; nanometer; micrometer; millimeter; centimeter; meter; kilometer,meter,motion/ui/cartMain; motion/ui/bodyGeneral; motion/ui/image; motion/ui/forces
Motion & Forces > Motion,Cart,motion/cart,user-acc-x,Acceleration (x),double,computed,,no,,,,,,metres per second per second,motion/ui/cartMain; motion/ui/bodyGeneral; motion/ui/image; motion/ui/forces
Motion & Forces > Motion,Cart,motion/cart,user-acc-y,Acceleration (y),double,computed,,no,,,,,,metres per second per second,motion/ui/cartMain; motion/ui/bodyGeneral; motion/ui/image; motion/ui/forces
Motion & Forces > Motion,Cart,motion/cart,user-acc-mag,Acceleration (magnitude),double,computed,,no,,,,,,metres per second per second,motion/ui/cartMain; motion/ui/bodyGeneral; motion/ui/image; motion/ui/forces
Motion & Forces > Motion,Cart,motion/cart,user-net-force-mag,Net force (translational),double,computed,,no,,,,,,newton,motion/ui/cartMain; motion/ui/bodyGeneral; motion/ui/image; motion/ui/forces
Motion & Forces > Motion,Cart,motion/cart,speed,Speed,,proxy,../p[@key='user-velocity'],no,,,,,,,motion/ui/cartMain; motion/ui/bodyGeneral; motion/ui/image; motion/ui/forces
Motion & Forces > Motion,Cart,motion/cart,translational-ek,Kinetic energy (translational),double,computed,,no,,,,,joule; kilojoule,joule,motion/ui/cartMain; motion/ui/bodyGeneral; motion/ui/image; motion/ui/forces
Motion & Forces > Motion,Cart,motion/cart,rotational-ek,Kinetic energy (rotational),double,computed,,no,,,,,joule; kilojoule,joule,motion/ui/cartMain; motion/ui/bodyGeneral; motion/ui/image; motion/ui/forces
Motion & Forces > Motion,Cart,motion/cart,total-ek,Kinetic energy (total),double,computed,,no,,,,,joule; kilojoule,joule,motion/ui/cartMain; motion/ui/bodyGeneral; motion/ui/image; motion/ui/forces
Motion & Forces > Motion,Cart,motion/cart,gravitational-ep,Gravitational potential energy,double,computed,,no,,,,,joule; kilojoule,joule,motion/ui/cartMain; motion/ui/bodyGeneral; motion/ui/image; motion/ui/forces
Motion & Forces > Motion,Cart,motion/cart,momentum-x,Momentum (x),double,computed,,no,,,,,,kilogram metres per second,motion/ui/cartMain; motion/ui/bodyGeneral; motion/ui/image; motion/ui/forces
Motion & Forces > Motion,Cart,motion/cart,momentum-y,Momentum (y),double,computed,,no,,,,,,kilogram metres per second,motion/ui/cartMain; motion/ui/bodyGeneral; motion/ui/image; motion/ui/forces
Motion & Forces > Motion,Cart,motion/cart,density,Density,double,computed,,no,,,,"{""label"": """", ""values"": [{""key"": """", ""type"": ""value-map"", ""value"": ""0""}, {""key"": ""min"", ""type"": ""double"", ""value"": ""0""}]}",grams per cubic centimetre; kilograms per cubic metre,kilograms per cubic metre,motion/ui/cartMain; motion/ui/bodyGeneral; motion/ui/image; motion/ui/forces
Motion & Forces > Motion,Cart,motion/cart,volume,Volume,double,computed,,no,,,,"{""label"": """", ""values"": [{""key"": """", ""type"": ""value-map"", ""value"": ""0""}, {""key"": ""min"", ""type"": ""double"", ""value"": ""0""}]}",cm3; m3,cm3,motion/ui/cartMain; motion/ui/bodyGeneral; motion/ui/image; motion/ui/forces
Motion & Forces > Motion,Cart,motion/cart,forces-shown,Force shown,bool,,,yes,ObserverCheckBox,Show forces,,,,,motion/ui/cartMain; motion/ui/bodyGeneral; motion/ui/image; motion/ui/forces
Motion & Forces > Motion,Cart,motion/cart,force-labels-shown,Force labels shown,bool,,,yes,ObserverComboBox,,,,,,motion/ui/cartMain; motion/ui/bodyGeneral; motion/ui/image; motion/ui/forces
Motion & Forces > Motion,Cart,motion/cart,gravity-force-shown,Weight shown,bool,,,yes,ObserverCheckBox,Weight,,,,,motion/ui/cartMain; motion/ui/bodyGeneral; motion/ui/image; motion/ui/forces
Motion & Forces > Motion,Cart,motion/cart,resolved-gravity-force-shown,Resolved weight shown,bool,,,yes,ObserverCheckBox,Weight (resolved),,,,,motion/ui/cartMain; motion/ui/bodyGeneral; motion/ui/image; motion/ui/forces
Motion & Forces > Motion,Cart,motion/cart,net-force-shown,Net force shown,bool,,,yes,ObserverCheckBox,Net force,,,,,motion/ui/cartMain; motion/ui/bodyGeneral; motion/ui/image; motion/ui/forces
Motion & Forces > Motion,Cart,motion/cart,constant-force-shown,Driving force shown,bool,,,yes,ObserverCheckBox,Driving force,,,,,motion/ui/cartMain; motion/ui/bodyGeneral; motion/ui/image; motion/ui/forces
Motion & Forces > Motion,Cart,motion/cart,friction-force-shown,Friction force shown,bool,,,yes,ObserverCheckBox,Friction,,,,,motion/ui/cartMain; motion/ui/bodyGeneral; motion/ui/image; motion/ui/forces
Motion & Forces > Motion,Cart,motion/cart,contact-force-shown,Contact force shown,bool,,,yes,ObserverCheckBox,Contact,,,,,motion/ui/cartMain; motion/ui/bodyGeneral; motion/ui/image; motion/ui/forces
Motion & Forces > Motion,Cart,motion/cart,tension-force-shown,Tension force shown,bool,,,yes,ObserverCheckBox,Tension,,,,,motion/ui/cartMain; motion/ui/bodyGeneral; motion/ui/image; motion/ui/forces
Motion & Forces > Motion,Cart,motion/cart,drag-force-shown,Drag force shown,bool,,,yes,ObserverCheckBox,Drag force,,,,,motion/ui/cartMain; motion/ui/bodyGeneral; motion/ui/image; motion/ui/forces
Motion & Forces > Motion,Cart,motion/cart,buoyancy-force-shown,Buoyancy force shown,bool,,,yes,ObserverCheckBox,Buoyancy force,,,,,motion/ui/cartMain; motion/ui/bodyGeneral; motion/ui/image; motion/ui/forces
Motion & Forces > Motion,Cart,motion/cart,material,Material,string,,Ideal elastic,yes,ObserverComboBox,,,"{""label"": ""set-validator"", ""values"": [{""key"": """", ""type"": ""string-array"", ""value"": ""Ideal elastic Ideal inelastic Semi-elastic Custom""}, {""key"": """", ""type"": ""string"", ""value"": ""Ideal elastic""}, {""key"": """", ""type"": ""string"", ""value"": ""Ideal inelastic""}, {""key"": """", ""type"": ""string"", ""value"": ""Semi-elastic""}, {""key"": """", ""type"": ""string"", ""value"": ""Custom""}]}",,,motion/ui/cartMain; motion/ui/bodyGeneral; motion/ui/image; motion/ui/forces
Motion & Forces > Motion,Cart,motion/cart,static-friction,,,computed,,no,,,,,,,motion/ui/cartMain; motion/ui/bodyGeneral; motion/ui/image; motion/ui/forces
Motion & Forces > Motion,Cart,motion/cart,dynamic-friction,,,computed,,no,,,,,,,motion/ui/cartMain; motion/ui/bodyGeneral; motion/ui/image; motion/ui/forces
Motion & Forces > Motion,Cart,motion/cart,coefficient-of-restitution,Elasticity,double,,0.0,yes,ObserverSpinBox,,,"{""label"": """", ""values"": [{""key"": """", ""type"": ""value-map"", ""value"": ""0.0 1.0""}, {""key"": ""min"", ""type"": ""double"", ""value"": ""0.0""}, {""key"": ""max"", ""type"": ""double"", ""value"": ""1.0""}]}",,,motion/ui/cartMain; motion/ui/bodyGeneral; motion/ui/image; motion/ui/forces
Motion & Forces > Motion,Cart,motion/cart,control-mode,Control mode,string,,Velocity,yes,ObserverComboBox,,,"{""label"": ""set-validator"", ""values"": [{""key"": """", ""type"": ""string-array"", ""value"": ""Velocity Force""}, {""key"": """", ""type"": ""string"", ""value"": ""Velocity""}, {""key"": """", ""type"": ""string"", ""value"": ""Force""}]}",,,motion/ui/cartMain; motion/ui/bodyGeneral; motion/ui/image; motion/ui/forces
Motion & Forces > Motion,Cart,motion/cart,part-id-prefix,,,,,no,,,,,,,motion/ui/cartMain; motion/ui/bodyGeneral; motion/ui/image; motion/ui/forces
Motion & Forces > Motion,Cart,motion/cart,block-width,Width,double,scalable,0.20,yes,ObserverSpinBox; UnitChooser,,,"{""label"": """", ""values"": [{""key"": """", ""type"": ""value-map"", ""value"": ""1e-12""}, {""key"": ""min"", ""type"": ""double"", ""value"": ""1e-12""}]}",picometer; nanometer; micrometer; millimeter; centimeter; meter; kilometer,centimeter,motion/ui/cartMain; motion/ui/bodyGeneral; motion/ui/image; motion/ui/forces
Motion & Forces > Motion,Cart,motion/cart,block-height,Height,double,scalable,0.10,yes,ObserverSpinBox; UnitChooser,,,"{""label"": """", ""values"": [{""key"": """", ""type"": ""value-map"", ""value"": ""1e-12""}, {""key"": ""min"", ""type"": ""double"", ""value"": ""1e-12""}]}",picometer; nanometer; micrometer; millimeter; centimeter; meter; kilometer,centimeter,motion/ui/cartMain; motion/ui/bodyGeneral; motion/ui/image; motion/ui/forces
Motion & Forces > Motion,Cart,motion/cart,block-depth,Depth,double,scalable,0.20,yes,ObserverSpinBox; UnitChooser,,,"{""label"": """", ""values"": [{""key"": """", ""type"": ""value-map"", ""value"": ""1e-12""}, {""key"": ""min"", ""type"": ""double"", ""value"": ""1e-12""}]}",picometer; nanometer; micrometer; millimeter; centimeter; meter; kilometer,centimeter,motion/ui/cartMain; motion/ui/bodyGeneral; motion/ui/image; motion/ui/forces
Motion & Forces > Motion,Cart,motion/cart,user-mass,Mass,,proxy,../p[@key='own-mass'],yes,ObserverSpinBox; UnitChooser,,,,,,motion/ui/cartMain; motion/ui/bodyGeneral; motion/ui/image; motion/ui/forces
Motion & Forces > Motion,Cart,motion/cart,image,Image,resource,,motion/images/carts/standard,yes,ResourceDropdown,,,"{""label"": ""resource-validator"", ""values"": [{""key"": """", ""type"": ""value-array"", ""value"": ""Cart motion/images/carts/standard Car 1 motion/images/carts/mini Car 2 motion/images/carts/fiesta Car 3 motion/images/carts/landrover Car 4 motion/images/carts/f1 Car 5 motion/images/carts/car Skateboard motion/images/carts/skateboard""}, {""key"": """", ""type"": ""value-map"", ""value"": ""Cart motion/images/carts/standard""}, {""key"": ""label"", ""type"": ""string"", ""value"": ""Cart""}, {""key"": ""rez"", ""type"": ""resource"", ""value"": ""motion/images/carts/standard""}, {""key"": """", ""type"": ""value-map"", ""value"": ""Car 1 motion/images/carts/mini""}, {""key"": ""label"", ""type"": ""string"", ""value"": ""Car 1""}, {""key"": ""rez"", ""type"": ""resource"", ""value"": ""motion/images/carts/mini""}, {""key"": """", ""type"": ""value-map"", ""value"": ""Car 2 motion/images/carts/fiesta""}, {""key"": ""label"", ""type"": ""string"", ""value"": ""Car 2""}, {""key"": ""rez"", ""type"": ""resource"", ""value"": ""motion/images/carts/fiesta""}, {""key"": """", ""type"": ""value-map"", ""value"": ""Car 3 motion/images/carts/landrover""}, {""key"": ""label"", ""type"": ""string"", ""value"": ""Car 3""}, {""key"": ""rez"", ""type"": ""resource"", ""value"": ""motion/images/carts/landrover""}, {""key"": """", ""type"": ""value-map"", ""value"": ""Car 4 motion/images/carts/f1""}, {""key"": ""label"", ""type"": ""string"", ""value"": ""Car 4""}, {""key"": ""rez"", ""type"": ""resource"", ""value"": ""motion/images/carts/f1""}, {""key"": """", ""type"": ""value-map"", ""value"": ""Car 5 motion/images/carts/car""}, {""key"": ""label"", ""type"": ""string"", ""value"": ""Car 5""}, {""key"": ""rez"", ""type"": ""resource"", ""value"": ""motion/images/carts/car""}, {""key"": """", ""type"": ""value-map"", ""value"": ""Skateboard motion/images/carts/skateboard""}, {""key"": ""label"", ""type"": ""string"", ""value"": ""Skateboard""}, {""key"": ""rez"", ""type"": ""resource"", ""value"": ""motion/images/carts/skateboard""}]}",,,motion/ui/cartMain; motion/ui/bodyGeneral; motion/ui/image; motion/ui/forces
Motion & Forces > Motion,Rod,motion/rod,splittable,,,,false,no,,,,,,,motion/ui/rod
Motion & Forces > Motion,Rod,motion/rod,pad-class,,,,motion/springlike-pad,no,,,,,,,motion/ui/rod
Motion & Forces > Motion,Rod,motion/rod,bendable,,,,false,no,,,,,,,motion/ui/rod
Motion & Forces > Motion,Rod,motion/rod,path,,,,"(0,0),(0,200)",no,,,,,,,motion/ui/rod
Motion & Forces > Motion,Rod,motion/rod,natural-length,Length,,,,yes,ObserverSpinBox; UnitChooser,,,,,,motion/ui/rod
Motion & Forces > Motion,Rod,motion/rod,tension,Tension,double,computed,,no,,,,,newton; kilonewton,newton,motion/ui/rod
Motion & Forces > Motion,Rod,motion/rod,forces-shown,Force shown,bool,,,no,,,,,,,motion/ui/rod
Motion & Forces > Motion,Rod,motion/rod,force-labels-shown,Force label shown,bool,,,yes,ObserverCheckBox,Show force label,,,,,motion/ui/rod
Motion & Forces > Motion,Rod,motion/rod,tension-force-shown,Tension force shown,bool,,,yes,ObserverCheckBox,Show tension,,,,,motion/ui/rod
Motion & Forces > Motion,Rod,motion/rod,part-id-prefix,,,,,no,,,,,,,motion/ui/rod
Motion & Forces > Motion,Rod,motion/rod,angle-from-vertical,Angle from vertical,double,computed,,no,,,,,radian; degree,radian,motion/ui/rod
Motion & Forces > Motion,Spring,motion/spring,splittable,,,,false,no,,,,,,,motion/ui/spring
Motion & Forces > Motion,Spring,motion/spring,pad-class,,,,motion/springlike-pad,no,,,,,,,motion/ui/spring
Motion & Forces > Motion,Spring,motion/spring,bendable,,,,false,no,,,,,,,motion/ui/spring
Motion & Forces > Motion,Spring,motion/spring,path,,,,"(0,0),(0,200)",no,,,,,,,motion/ui/spring
Motion & Forces > Motion,Spring,motion/spring,natural-length,Natural length,,,,yes,ObserverSpinBox; UnitChooser,,,,,,motion/ui/spring
Motion & Forces > Motion,Spring,motion/spring,tension,Tension,double,computed,,no,,,,,newton; kilonewton,newton,motion/ui/spring
Motion & Forces > Motion,Spring,motion/spring,extension,Extension,double,computed,,yes,ObserverSpinBox; UnitChooser,,,,picometer; nanometer; micrometer; millimeter; centimeter; meter; kilometer,meter,motion/ui/spring
Motion & Forces > Motion,Spring,motion/spring,elastic-ep,Elastic potential energy,double,computed,,no,,,,,joule; kilojoule,joule,motion/ui/spring
Motion & Forces > Motion,Spring,motion/spring,forces-shown,Force shown,bool,,,no,,,,,,,motion/ui/spring
Motion & Forces > Motion,Spring,motion/spring,force-labels-shown,Force label shown,bool,,,yes,ObserverCheckBox,Show force label,,,,,motion/ui/spring
Motion & Forces > Motion,Spring,motion/spring,tension-force-shown,Tension force shown,bool,,,yes,ObserverCheckBox,Show tension,,,,,motion/ui/spring
Motion & Forces > Motion,Spring,motion/spring,part-id-prefix,,,,,no,,,,,,,motion/ui/spring
Motion & Forces > Motion,Spring,motion/spring,spring-constant,Spring constant,double,,100,yes,ObserverSpinBox; UnitChooser,units,,"{""label"": """", ""values"": [{""key"": """", ""type"": ""value-map"", ""value"": ""1 1000""}, {""key"": ""min"", ""type"": ""double"", ""value"": ""1""}, {""key"": ""max"", ""type"": ""double"", ""value"": ""1000""}]}",newtons per metre,newtons per metre,motion/ui/spring
Optics,Optical Space,optics/opticalSpace2,scale,Space units to meters ratio,,readonly,1000.0,no,,,,,,,
Optics,Optical Space,optics/opticalSpace2,opticalspace-color,,,proxy,../p[@key=background-color],no,,,,,,,
Optics,Optical Space,optics/opticalSpace2,width,,,writable-computed,,no,,,,,,,
Optics,Optical Space,optics/opticalSpace2,height,,,writable-computed,,no,,,,,,,
Optics,Optical Space,optics/opticalSpace2,visible-size,,,writable-computed,,no,,,,,,,
Optics > Ray Diagrams,Near Object Marker,optics/nearAxisObject,orientation,,,,,no,,,,,,,optics/ui/nearObject
Optics > Ray Diagrams,Near Object Marker,optics/nearAxisObject,show-picture,,,proxy,../subpart[@role=raydiagram-image]/p[@key=visible],yes,ObserverCheckBox,Show picture,,,,,optics/ui/nearObject
Optics > Ray Diagrams,Near Object Marker,optics/nearAxisObject,show-raypoint-line,,,proxy,../subpart[@role=raydiagram-image]/p[@key=show-graphic-raypointline],yes,ObserverCheckBox,Show Ray-point line on picture,,,,,optics/ui/nearObject
Optics > Ray Diagrams,Near Object Marker,optics/nearAxisObject,moveable,,,,true,no,,,,,,,optics/ui/nearObject
Optics > Ray Diagrams,Near Object Marker,optics/nearAxisObject,show-intensity-pic,,bool,,true,yes,ObserverCheckBox,Show intensities/picture images,,,,,optics/ui/nearObject
Optics > Ray Diagrams,Near Object Marker,optics/nearAxisObject,show-intermediate-images,,bool,,true,yes,ObserverCheckBox,Show intermediate images,,,,,optics/ui/nearObject
Optics > Ray Diagrams,Near Object Marker,optics/nearAxisObject,raystoeye-movepoint,,string,,Moveable Point,yes,ObserverComboBox,,,"{""label"": ""set-validator"", ""values"": [{""key"": """", ""type"": ""string-array"", ""value"": ""Moveable Point Bottom Top""}, {""key"": """", ""type"": ""string"", ""value"": ""Moveable Point""}, {""key"": """", ""type"": ""string"", ""value"": ""Bottom""}, {""key"": """", ""type"": ""string"", ""value"": ""Top""}]}",,,optics/ui/nearObject
Optics > Ray Diagrams,Near Object Marker,optics/nearAxisObject,raystoeye-basicrays,,int,,3,yes,ObserverSpinBox,,,"{""label"": """", ""values"": [{""key"": """", ""type"": ""value-map"", ""value"": ""0 9""}, {""key"": ""min"", ""type"": ""int"", ""value"": ""0""}, {""key"": ""max"", ""type"": ""int"", ""value"": ""9""}]}",,,optics/ui/nearObject
Optics > Ray Diagrams,Near Object Marker,optics/nearAxisObject,raystoeye-coverage,,double,,100.0,yes,ObserverSpinBox,,,"{""label"": """", ""values"": [{""key"": """", ""type"": ""value-map"", ""value"": ""0.0 100.0""}, {""key"": ""min"", ""type"": ""double"", ""value"": ""0.0""}, {""key"": ""max"", ""type"": ""double"", ""value"": ""100.0""}]}",,,optics/ui/nearObject
Optics > Ray Diagrams,Near Object Marker,optics/nearAxisObject,raystoeye-restore,,bool,,,yes,ObserverButton,Restore Defaults,,,,,optics/ui/nearObject
Optics > Ray Diagrams,Near Object Marker,optics/nearAxisObject,image,Image,resource,,,yes,ResourceDropdown,,,"{""label"": ""resource-validator"", ""values"": [{""key"": """", ""type"": ""value-array"", ""value"": ""Bacteria optics/ray_diagrams/Bacteria Camel optics/ray_diagrams/Camel Crocodile optics/ray_diagrams/Crocodile Eye-chart optics/ray_diagrams/Eye-chart Flower optics/ray_diagrams/Flower Insect optics/ray_diagrams/Insect Meercat optics/ray_diagrams/Meercat Electronic chip optics/ray_diagrams/Elecronic chip Orangutan optics/ray_diagrams/Paul Tiger optics/ray_diagrams/Tiger Bridge optics/ray_diagrams/Bridge Comet optics/ray_diagrams/Comet Galaxy optics/ray_diagrams/Galaxy Hot air balloon optics/ray_diagrams/Hot air balloon Moon optics/ray_diagrams/Moon Mountain optics/ray_diagrams/Mountain Tree optics/ray_diagrams/Tree Waterfall optics/ray_diagrams/Waterfall Whale optics/ray_diagrams/Whale""}, {""key"": """", ""type"": ""value-map"", ""value"": ""Bacteria optics/ray_diagrams/Bacteria""}, {""key"": ""label"", ""type"": ""string"", ""value"": ""Bacteria""}, {""key"": ""rez"", ""type"": ""resource"", ""value"": ""optics/ray_diagrams/Bacteria""}, {""key"": """", ""type"": ""value-map"", ""value"": ""Camel optics/ray_diagrams/Camel""}, {""key"": ""label"", ""type"": ""string"", ""value"": ""Camel""}, {""key"": ""rez"", ""type"": ""resource"", ""value"": ""optics/ray_diagrams/Camel""}, {""key"": """", ""type"": ""value-map"", ""value"": ""Crocodile optics/ray_diagrams/Crocodile""}, {""key"": ""label"", ""type"": ""string"", ""value"": ""Crocodile""}, {""key"": ""rez"", ""type"": ""resource"", ""value"": ""optics/ray_diagrams/Crocodile""}, {""key"": """", ""type"": ""value-map"", ""value"": ""Eye-chart optics/ray_diagrams/Eye-chart""}, {""key"": ""label"", ""type"": ""string"", ""value"": ""Eye-chart""}, {""key"": ""rez"", ""type"": ""resource"", ""value"": ""optics/ray_diagrams/Eye-chart""}, {""key"": """", ""type"": ""value-map"", ""value"": ""Flower optics/ray_diagrams/Flower""}, {""key"": ""label"", ""type"": ""string"", ""value"": ""Flower""}, {""key"": ""rez"", ""type"": ""resource"", ""value"": ""optics/ray_diagrams/Flower""}, {""key"": """", ""type"": ""value-map"", ""value"": ""Insect optics/ray_diagrams/Insect""}, {""key"": ""label"", ""type"": ""string"", ""value"": ""Insect""}, {""key"": ""rez"", ""type"": ""resource"", ""value"": ""optics/ray_diagrams/Insect""}, {""key"": """", ""type"": ""value-map"", ""value"": ""Meercat optics/ray_diagrams/Meercat""}, {""key"": ""label"", ""type"": ""string"", ""value"": ""Meercat""}, {""key"": ""rez"", ""type"": ""resource"", ""value"": ""optics/ray_diagrams/Meercat""}, {""key"": """", ""type"": ""value-map"", ""value"": ""Electronic chip optics/ray_diagrams/Elecronic chip""}, {""key"": ""label"", ""type"": ""string"", ""value"": ""Electronic chip""}, {""key"": ""rez"", ""type"": ""resource"", ""value"": ""optics/ray_diagrams/Elecronic chip""}, {""key"": """", ""type"": ""value-map"", ""value"": ""Orangutan optics/ray_diagrams/Paul""}, {""key"": ""label"", ""type"": ""string"", ""value"": ""Orangutan""}, {""key"": ""rez"", ""type"": ""resource"", ""value"": ""optics/ray_diagrams/Paul""}, {""key"": """", ""type"": ""value-map"", ""value"": ""Tiger optics/ray_diagrams/Tiger""}, {""key"": ""label"", ""type"": ""string"", ""value"": ""Tiger""}, {""key"": ""rez"", ""type"": ""resource"", ""value"": ""optics/ray_diagrams/Tiger""}, {""key"": """", ""type"": ""value-map"", ""value"": ""Bridge optics/ray_diagrams/Bridge""}, {""key"": ""label"", ""type"": ""string"", ""value"": ""Bridge""}, {""key"": ""rez"", ""type"": ""resource"", ""value"": ""optics/ray_diagrams/Bridge""}, {""key"": """", ""type"": ""value-map"", ""value"": ""Comet optics/ray_diagrams/Comet""}, {""key"": ""label"", ""type"": ""string"", ""value"": ""Comet""}, {""key"": ""rez"", ""type"": ""resource"", ""value"": ""optics/ray_diagrams/Comet""}, {""key"": """", ""type"": ""value-map"", ""value"": ""Galaxy optics/ray_diagrams/Galaxy""}, {""key"": ""label"", ""type"": ""string"", ""value"": ""Galaxy""}, {""key"": ""rez"", ""type"": ""resource"", ""value"": ""optics/ray_diagrams/Galaxy""}, {""key"": """", ""type"": ""value-map"", ""value"": ""Hot air balloon optics/ray_diagrams/Hot air balloon""}, {""key"": ""label"", ""type"": ""string"", ""value"": ""Hot air balloon""}, {""key"": ""rez"", ""type"": ""resource"", ""value"": ""optics/ray_diagrams/Hot air balloon""}, {""key"": """", ""type"": ""value-map"", ""value"": ""Moon optics/ray_diagrams/Moon""}, {""key"": ""label"", ""type"": ""string"", ""value"": ""Moon""}, {""key"": ""rez"", ""type"": ""resource"", ""value"": ""optics/ray_diagrams/Moon""}, {""key"": """", ""type"": ""value-map"", ""value"": ""Mountain optics/ray_diagrams/Mountain""}, {""key"": ""label"", ""type"": ""string"", ""value"": ""Mountain""}, {""key"": ""rez"", ""type"": ""resource"", ""value"": ""optics/ray_diagrams/Mountain""}, {""key"": """", ""type"": ""value-map"", ""value"": ""Tree optics/ray_diagrams/Tree""}, {""key"": ""label"", ""type"": ""string"", ""value"": ""Tree""}, {""key"": ""rez"", ""type"": ""resource"", ""value"": ""optics/ray_diagrams/Tree""}, {""key"": """", ""type"": ""value-map"", ""value"": ""Waterfall optics/ray_diagrams/Waterfall""}, {""key"": ""label"", ""type"": ""string"", ""value"": ""Waterfall""}, {""key"": ""rez"", ""type"": ""resource"", ""value"": ""optics/ray_diagrams/Waterfall""}, {""key"": """", ""type"": ""value-map"", ""value"": ""Whale optics/ray_diagrams/Whale""}, {""key"": ""label"", ""type"": ""string"", ""value"": ""Whale""}, {""key"": ""rez"", ""type"": ""resource"", ""value"": ""optics/ray_diagrams/Whale""}]}",,,optics/ui/nearObject
Optics > Ray Diagrams,Near Object Marker,optics/nearAxisObject,part-id-prefix,,,,,no,,,,,,,optics/ui/nearObject
Optics > Ray Diagrams,Near Object Marker,optics/nearAxisObject,part-color,,color,,#58B848,no,,,,,,,optics/ui/nearObject
Optics > Ray Diagrams,Near Object Marker,optics/nearAxisObject,optical-axis,,string,,Bottom Right,yes,ObserverComboBox,,,"{""label"": ""set-validator"", ""values"": [{""key"": """", ""type"": ""string-array"", ""value"": ""Bottom Left Bottom Right""}, {""key"": """", ""type"": ""string"", ""value"": ""Bottom Left""}, {""key"": """", ""type"": ""string"", ""value"": ""Bottom Right""}]}",,,optics/ui/nearObject
Optics > Ray Diagrams,Near Object Marker,optics/nearAxisObject,raystolens-movepoint,,string,,Moveable Point,yes,ObserverComboBox,,,"{""label"": ""set-validator"", ""values"": [{""key"": """", ""type"": ""string-array"", ""value"": ""Moveable Point Bottom Top""}, {""key"": """", ""type"": ""string"", ""value"": ""Moveable Point""}, {""key"": """", ""type"": ""string"", ""value"": ""Bottom""}, {""key"": """", ""type"": ""string"", ""value"": ""Top""}]}",,,optics/ui/nearObject
Optics > Ray Diagrams,Near Object Marker,optics/nearAxisObject,raystolens-basicrays,,int,user-hidden,1,yes,ObserverSpinBox,,,"{""label"": """", ""values"": [{""key"": """", ""type"": ""value-map"", ""value"": ""0 9""}, {""key"": ""min"", ""type"": ""int"", ""value"": ""0""}, {""key"": ""max"", ""type"": ""int"", ""value"": ""9""}]}",,,optics/ui/nearObject
Optics > Ray Diagrams,Near Object Marker,optics/nearAxisObject,raystolens-basicrays-mp,,int,,1,no,,,,,,,optics/ui/nearObject
Optics > Ray Diagrams,Near Object Marker,optics/nearAxisObject,raystolens-basicrays-tp,,int,,0,no,,,,,,,optics/ui/nearObject
Optics > Ray Diagrams,Near Object Marker,optics/nearAxisObject,raystolens-basicrays-bp,,int,,0,no,,,,,,,optics/ui/nearObject
Optics > Ray Diagrams,Near Object Marker,optics/nearAxisObject,raystolens-coverage,,double,user-hidden,100.0,yes,ObserverSpinBox,,,"{""label"": """", ""values"": [{""key"": """", ""type"": ""value-map"", ""value"": ""0.0 100.0""}, {""key"": ""min"", ""type"": ""double"", ""value"": ""0.0""}, {""key"": ""max"", ""type"": ""double"", ""value"": ""100.0""}]}",,,optics/ui/nearObject
Optics > Ray Diagrams,Near Object Marker,optics/nearAxisObject,raystolens-coverage-mp,,double,,100.0,no,,,,,,,optics/ui/nearObject
Optics > Ray Diagrams,Near Object Marker,optics/nearAxisObject,raystolens-coverage-tp,,double,,100.0,no,,,,,,,optics/ui/nearObject
Optics > Ray Diagrams,Near Object Marker,optics/nearAxisObject,raystolens-coverage-bp,,double,,100.0,no,,,,,,,optics/ui/nearObject
Optics > Ray Diagrams,Near Object Marker,optics/nearAxisObject,raystolens-restore,,bool,,,yes,ObserverButton,Restore Defaults,,,,,optics/ui/nearObject
Optics > Ray Diagrams,Near Object Marker,optics/nearAxisObject,raystolens-focalpoint,,bool,user-hidden,true,yes,ObserverCheckBox,Focal point,,,,,optics/ui/nearObject
Optics > Ray Diagrams,Near Object Marker,optics/nearAxisObject,raystolens-focalpoint-mp,,bool,,true,no,,,,,,,optics/ui/nearObject
Optics > Ray Diagrams,Near Object Marker,optics/nearAxisObject,raystolens-focalpoint-tp,,bool,,false,no,,,,,,,optics/ui/nearObject
Optics > Ray Diagrams,Near Object Marker,optics/nearAxisObject,raystolens-focalpoint-bp,,bool,,false,no,,,,,,,optics/ui/nearObject
Optics > Ray Diagrams,Near Object Marker,optics/nearAxisObject,raystolens-perpendicular,,bool,user-hidden,true,yes,ObserverCheckBox,Perpendicular,,,,,optics/ui/nearObject
Optics > Ray Diagrams,Near Object Marker,optics/nearAxisObject,raystolens-perpendicular-mp,,bool,,true,no,,,,,,,optics/ui/nearObject
Optics > Ray Diagrams,Near Object Marker,optics/nearAxisObject,raystolens-perpendicular-tp,,bool,,false,no,,,,,,,optics/ui/nearObject
Optics > Ray Diagrams,Near Object Marker,optics/nearAxisObject,raystolens-perpendicular-bp,,bool,,false,no,,,,,,,optics/ui/nearObject
Optics > Ray Diagrams,Near Object Marker,optics/nearAxisObject,raystomirrors-movepoint,,string,,Moveable Point,yes,ObserverComboBox,,,"{""label"": ""set-validator"", ""values"": [{""key"": """", ""type"": ""string-array"", ""value"": ""Moveable Point Bottom Top""}, {""key"": """", ""type"": ""string"", ""value"": ""Moveable Point""}, {""key"": """", ""type"": ""string"", ""value"": ""Bottom""}, {""key"": """", ""type"": ""string"", ""value"": ""Top""}]}",,,optics/ui/nearObject
Optics > Ray Diagrams,Near Object Marker,optics/nearAxisObject,raystomirrors-basicrays,,int,user-hidden,3,yes,ObserverSpinBox,,,"{""label"": """", ""values"": [{""key"": """", ""type"": ""value-map"", ""value"": ""0 9""}, {""key"": ""min"", ""type"": ""int"", ""value"": ""0""}, {""key"": ""max"", ""type"": ""int"", ""value"": ""9""}]}",,,optics/ui/nearObject
Optics > Ray Diagrams,Near Object Marker,optics/nearAxisObject,raystomirrors-basicrays-mp,,int,,3,no,,,,,,,optics/ui/nearObject
Optics > Ray Diagrams,Near Object Marker,optics/nearAxisObject,raystomirrors-basicrays-tp,,int,,0,no,,,,,,,optics/ui/nearObject
Optics > Ray Diagrams,Near Object Marker,optics/nearAxisObject,raystomirrors-basicrays-bp,,int,,0,no,,,,,,,optics/ui/nearObject
Optics > Ray Diagrams,Near Object Marker,optics/nearAxisObject,raystomirrors-coverage,,double,user-hidden,100.0,yes,ObserverSpinBox,,,"{""label"": """", ""values"": [{""key"": """", ""type"": ""value-map"", ""value"": ""0.0 100.0""}, {""key"": ""min"", ""type"": ""double"", ""value"": ""0.0""}, {""key"": ""max"", ""type"": ""double"", ""value"": ""100.0""}]}",,,optics/ui/nearObject
Optics > Ray Diagrams,Near Object Marker,optics/nearAxisObject,raystomirrors-coverage-mp,,double,,100.0,no,,,,,,,optics/ui/nearObject
Optics > Ray Diagrams,Near Object Marker,optics/nearAxisObject,raystomirrors-coverage-tp,,double,,100.0,no,,,,,,,optics/ui/nearObject
Optics > Ray Diagrams,Near Object Marker,optics/nearAxisObject,raystomirrors-coverage-bp,,double,,100.0,no,,,,,,,optics/ui/nearObject
Optics > Ray Diagrams,Near Object Marker,optics/nearAxisObject,raystomirrors-restore,,bool,,,yes,ObserverButton,Restore Defaults,,,,,optics/ui/nearObject
Optics > Ray Diagrams,Near Object Marker,optics/nearAxisObject,raystomirrors-curvature,,bool,user-hidden,false,yes,ObserverCheckBox,Centre of curvature,,,,,optics/ui/nearObject
Optics > Ray Diagrams,Near Object Marker,optics/nearAxisObject,raystomirrors-curvature-mp,,bool,,false,no,,,,,,,optics/ui/nearObject
Optics > Ray Diagrams,Near Object Marker,optics/nearAxisObject,raystomirrors-curvature-tp,,bool,,false,no,,,,,,,optics/ui/nearObject
Optics > Ray Diagrams,Near Object Marker,optics/nearAxisObject,raystomirrors-curvature-bp,,bool,,false,no,,,,,,,optics/ui/nearObject
Optics > Ray Diagrams,Near Object Marker,optics/nearAxisObject,raystomirrors-focalpoint,,bool,user-hidden,false,yes,ObserverCheckBox,Focal point,,,,,optics/ui/nearObject
Optics > Ray Diagrams,Near Object Marker,optics/nearAxisObject,raystomirrors-focalpoint-mp,,bool,,false,no,,,,,,,optics/ui/nearObject
Optics > Ray Diagrams,Near Object Marker,optics/nearAxisObject,raystomirrors-focalpoint-tp,,bool,,false,no,,,,,,,optics/ui/nearObject
Optics > Ray Diagrams,Near Object Marker,optics/nearAxisObject,raystomirrors-focalpoint-bp,,bool,,false,no,,,,,,,optics/ui/nearObject
Optics > Ray Diagrams,Near Object Marker,optics/nearAxisObject,raystomirrors-perpendicular,,bool,user-hidden,false,yes,ObserverCheckBox,Perpendicular,,,,,optics/ui/nearObject
Optics > Ray Diagrams,Near Object Marker,optics/nearAxisObject,raystomirrors-perpendicular-mp,,bool,,false,no,,,,,,,optics/ui/nearObject
Optics > Ray Diagrams,Near Object Marker,optics/nearAxisObject,raystomirrors-perpendicular-tp,,bool,,false,no,,,,,,,optics/ui/nearObject
Optics > Ray Diagrams,Near Object Marker,optics/nearAxisObject,raystomirrors-perpendicular-bp,,bool,,false,no,,,,,,,optics/ui/nearObject
Optics > Ray Diagrams,Far Object Marker,optics/farAxisObject,show-picture,,,proxy,../subpart[@role=raydiagram-image]/p[@key=visible],yes,ObserverCheckBox,Show picture,,,,,optics/ui/farObject
Optics > Ray Diagrams,Far Object Marker,optics/farAxisObject,show-raypoint-line,,,proxy,../subpart[@role=raydiagram-image]/p[@key=show-graphic-raypointline],yes,ObserverCheckBox,Show Ray-point line on picture,,,,,optics/ui/farObject
Optics > Ray Diagrams,Far Object Marker,optics/farAxisObject,moveable,,,,true,no,,,,,,,optics/ui/farObject
Optics > Ray Diagrams,Far Object Marker,optics/farAxisObject,show-intensity-pic,,bool,,true,yes,ObserverCheckBox,Show intensities/picture images,,,,,optics/ui/farObject
Optics > Ray Diagrams,Far Object Marker,optics/farAxisObject,show-intermediate-images,,bool,,true,yes,ObserverCheckBox,Show intemediate images,,,,,optics/ui/farObject
Optics > Ray Diagrams,Far Object Marker,optics/farAxisObject,raystoeye-movepoint,,string,,Moveable Point,yes,ObserverComboBox,,,"{""label"": ""set-validator"", ""values"": [{""key"": """", ""type"": ""string-array"", ""value"": ""Moveable Point Bottom Top""}, {""key"": """", ""type"": ""string"", ""value"": ""Moveable Point""}, {""key"": """", ""type"": ""string"", ""value"": ""Bottom""}, {""key"": """", ""type"": ""string"", ""value"": ""Top""}]}",,,optics/ui/farObject
Optics > Ray Diagrams,Far Object Marker,optics/farAxisObject,raystoeye-basicrays,,int,,3,yes,ObserverSpinBox,,,"{""label"": """", ""values"": [{""key"": """", ""type"": ""value-map"", ""value"": ""0 9""}, {""key"": ""min"", ""type"": ""int"", ""value"": ""0""}, {""key"": ""max"", ""type"": ""int"", ""value"": ""9""}]}",,,optics/ui/farObject
Optics > Ray Diagrams,Far Object Marker,optics/farAxisObject,raystoeye-coverage,,double,,100.0,yes,ObserverSpinBox,,,"{""label"": """", ""values"": [{""key"": """", ""type"": ""value-map"", ""value"": ""0.0 100.0""}, {""key"": ""min"", ""type"": ""double"", ""value"": ""0.0""}, {""key"": ""max"", ""type"": ""double"", ""value"": ""100.0""}]}",,,optics/ui/farObject
Optics > Ray Diagrams,Far Object Marker,optics/farAxisObject,raystoeye-restore,,bool,,,yes,ObserverButton,Restore Defaults,,,,,optics/ui/farObject
Optics > Ray Diagrams,Far Object Marker,optics/farAxisObject,image,Image,resource,,,yes,ResourceDropdown,,,"{""label"": ""resource-validator"", ""values"": [{""key"": """", ""type"": ""value-array"", ""value"": ""Bacteria optics/ray_diagrams/Bacteria Camel optics/ray_diagrams/Camel Crocodile optics/ray_diagrams/Crocodile Eye-chart optics/ray_diagrams/Eye-chart Flower optics/ray_diagrams/Flower Insect optics/ray_diagrams/Insect Meercat optics/ray_diagrams/Meercat Electronic chip optics/ray_diagrams/Elecronic chip Orangutan optics/ray_diagrams/Paul Tiger optics/ray_diagrams/Tiger Bridge optics/ray_diagrams/Bridge Comet optics/ray_diagrams/Comet Galaxy optics/ray_diagrams/Galaxy Hot air balloon optics/ray_diagrams/Hot air balloon Moon optics/ray_diagrams/Moon Mountain optics/ray_diagrams/Mountain Tree optics/ray_diagrams/Tree Waterfall optics/ray_diagrams/Waterfall Whale optics/ray_diagrams/Whale""}, {""key"": """", ""type"": ""value-map"", ""value"": ""Bacteria optics/ray_diagrams/Bacteria""}, {""key"": ""label"", ""type"": ""string"", ""value"": ""Bacteria""}, {""key"": ""rez"", ""type"": ""resource"", ""value"": ""optics/ray_diagrams/Bacteria""}, {""key"": """", ""type"": ""value-map"", ""value"": ""Camel optics/ray_diagrams/Camel""}, {""key"": ""label"", ""type"": ""string"", ""value"": ""Camel""}, {""key"": ""rez"", ""type"": ""resource"", ""value"": ""optics/ray_diagrams/Camel""}, {""key"": """", ""type"": ""value-map"", ""value"": ""Crocodile optics/ray_diagrams/Crocodile""}, {""key"": ""label"", ""type"": ""string"", ""value"": ""Crocodile""}, {""key"": ""rez"", ""type"": ""resource"", ""value"": ""optics/ray_diagrams/Crocodile""}, {""key"": """", ""type"": ""value-map"", ""value"": ""Eye-chart optics/ray_diagrams/Eye-chart""}, {""key"": ""label"", ""type"": ""string"", ""value"": ""Eye-chart""}, {""key"": ""rez"", ""type"": ""resource"", ""value"": ""optics/ray_diagrams/Eye-chart""}, {""key"": """", ""type"": ""value-map"", ""value"": ""Flower optics/ray_diagrams/Flower""}, {""key"": ""label"", ""type"": ""string"", ""value"": ""Flower""}, {""key"": ""rez"", ""type"": ""resource"", ""value"": ""optics/ray_diagrams/Flower""}, {""key"": """", ""type"": ""value-map"", ""value"": ""Insect optics/ray_diagrams/Insect""}, {""key"": ""label"", ""type"": ""string"", ""value"": ""Insect""}, {""key"": ""rez"", ""type"": ""resource"", ""value"": ""optics/ray_diagrams/Insect""}, {""key"": """", ""type"": ""value-map"", ""value"": ""Meercat optics/ray_diagrams/Meercat""}, {""key"": ""label"", ""type"": ""string"", ""value"": ""Meercat""}, {""key"": ""rez"", ""type"": ""resource"", ""value"": ""optics/ray_diagrams/Meercat""}, {""key"": """", ""type"": ""value-map"", ""value"": ""Electronic chip optics/ray_diagrams/Elecronic chip""}, {""key"": ""label"", ""type"": ""string"", ""value"": ""Electronic chip""}, {""key"": ""rez"", ""type"": ""resource"", ""value"": ""optics/ray_diagrams/Elecronic chip""}, {""key"": """", ""type"": ""value-map"", ""value"": ""Orangutan optics/ray_diagrams/Paul""}, {""key"": ""label"", ""type"": ""string"", ""value"": ""Orangutan""}, {""key"": ""rez"", ""type"": ""resource"", ""value"": ""optics/ray_diagrams/Paul""}, {""key"": """", ""type"": ""value-map"", ""value"": ""Tiger optics/ray_diagrams/Tiger""}, {""key"": ""label"", ""type"": ""string"", ""value"": ""Tiger""}, {""key"": ""rez"", ""type"": ""resource"", ""value"": ""optics/ray_diagrams/Tiger""}, {""key"": """", ""type"": ""value-map"", ""value"": ""Bridge optics/ray_diagrams/Bridge""}, {""key"": ""label"", ""type"": ""string"", ""value"": ""Bridge""}, {""key"": ""rez"", ""type"": ""resource"", ""value"": ""optics/ray_diagrams/Bridge""}, {""key"": """", ""type"": ""value-map"", ""value"": ""Comet optics/ray_diagrams/Comet""}, {""key"": ""label"", ""type"": ""string"", ""value"": ""Comet""}, {""key"": ""rez"", ""type"": ""resource"", ""value"": ""optics/ray_diagrams/Comet""}, {""key"": """", ""type"": ""value-map"", ""value"": ""Galaxy optics/ray_diagrams/Galaxy""}, {""key"": ""label"", ""type"": ""string"", ""value"": ""Galaxy""}, {""key"": ""rez"", ""type"": ""resource"", ""value"": ""optics/ray_diagrams/Galaxy""}, {""key"": """", ""type"": ""value-map"", ""value"": ""Hot air balloon optics/ray_diagrams/Hot air balloon""}, {""key"": ""label"", ""type"": ""string"", ""value"": ""Hot air balloon""}, {""key"": ""rez"", ""type"": ""resource"", ""value"": ""optics/ray_diagrams/Hot air balloon""}, {""key"": """", ""type"": ""value-map"", ""value"": ""Moon optics/ray_diagrams/Moon""}, {""key"": ""label"", ""type"": ""string"", ""value"": ""Moon""}, {""key"": ""rez"", ""type"": ""resource"", ""value"": ""optics/ray_diagrams/Moon""}, {""key"": """", ""type"": ""value-map"", ""value"": ""Mountain optics/ray_diagrams/Mountain""}, {""key"": ""label"", ""type"": ""string"", ""value"": ""Mountain""}, {""key"": ""rez"", ""type"": ""resource"", ""value"": ""optics/ray_diagrams/Mountain""}, {""key"": """", ""type"": ""value-map"", ""value"": ""Tree optics/ray_diagrams/Tree""}, {""key"": ""label"", ""type"": ""string"", ""value"": ""Tree""}, {""key"": ""rez"", ""type"": ""resource"", ""value"": ""optics/ray_diagrams/Tree""}, {""key"": """", ""type"": ""value-map"", ""value"": ""Waterfall optics/ray_diagrams/Waterfall""}, {""key"": ""label"", ""type"": ""string"", ""value"": ""Waterfall""}, {""key"": ""rez"", ""type"": ""resource"", ""value"": ""optics/ray_diagrams/Waterfall""}, {""key"": """", ""type"": ""value-map"", ""value"": ""Whale optics/ray_diagrams/Whale""}, {""key"": ""label"", ""type"": ""string"", ""value"": ""Whale""}, {""key"": ""rez"", ""type"": ""resource"", ""value"": ""optics/ray_diagrams/Whale""}]}",,,optics/ui/farObject
Optics > Ray Diagrams,Far Object Marker,optics/farAxisObject,part-id-prefix,,,,,no,,,,,,,optics/ui/farObject
Optics > Ray Diagrams,Far Object Marker,optics/farAxisObject,part-color,,color,,#58B848,no,,,,,,,optics/ui/farObject
Optics > Ray Diagrams,Far Object Marker,optics/farAxisObject,angularsize,,double,,PI/6.0,yes,ObserverSpinBox,,,"{""label"": """", ""values"": [{""key"": """", ""type"": ""value-map"", ""value"": ""2*PI/360.0 70.0*2*PI/360.0""}, {""key"": ""min"", ""type"": ""double"", ""value"": ""2*PI/360.0""}, {""key"": ""max"", ""type"": ""double"", ""value"": ""70.0*2*PI/360.0""}]}",,degree,optics/ui/farObject
Optics > Ray Diagrams,Far Object Marker,optics/farAxisObject,raystolens-movepoint,,string,,Moveable Point,yes,ObserverComboBox,,,"{""label"": ""set-validator"", ""values"": [{""key"": """", ""type"": ""string-array"", ""value"": ""Moveable Point Bottom Top""}, {""key"": """", ""type"": ""string"", ""value"": ""Moveable Point""}, {""key"": """", ""type"": ""string"", ""value"": ""Bottom""}, {""key"": """", ""type"": ""string"", ""value"": ""Top""}]}",,,optics/ui/farObject
Optics > Ray Diagrams,Far Object Marker,optics/farAxisObject,raystolens-basicrays,,int,user-hidden,3.0,yes,ObserverSpinBox,,,"{""label"": """", ""values"": [{""key"": """", ""type"": ""value-map"", ""value"": ""0.0 9.0""}, {""key"": ""min"", ""type"": ""int"", ""value"": ""0.0""}, {""key"": ""max"", ""type"": ""int"", ""value"": ""9.0""}]}",,,optics/ui/farObject
Optics > Ray Diagrams,Far Object Marker,optics/farAxisObject,raystolens-basicrays-mp,,int,,3,no,,,,,,,optics/ui/farObject
Optics > Ray Diagrams,Far Object Marker,optics/farAxisObject,raystolens-basicrays-tp,,int,,0,no,,,,,,,optics/ui/farObject
Optics > Ray Diagrams,Far Object Marker,optics/farAxisObject,raystolens-basicrays-bp,,int,,0,no,,,,,,,optics/ui/farObject
Optics > Ray Diagrams,Far Object Marker,optics/farAxisObject,raystolens-coverage,,double,user-hidden,100.0,yes,ObserverSpinBox,,,"{""label"": """", ""values"": [{""key"": """", ""type"": ""value-map"", ""value"": ""0.0 100.0""}, {""key"": ""min"", ""type"": ""double"", ""value"": ""0.0""}, {""key"": ""max"", ""type"": ""double"", ""value"": ""100.0""}]}",,,optics/ui/farObject
Optics > Ray Diagrams,Far Object Marker,optics/farAxisObject,raystolens-coverage-mp,,double,,100.0,no,,,,,,,optics/ui/farObject
Optics > Ray Diagrams,Far Object Marker,optics/farAxisObject,raystolens-coverage-tp,,double,,100.0,no,,,,,,,optics/ui/farObject
Optics > Ray Diagrams,Far Object Marker,optics/farAxisObject,raystolens-coverage-bp,,double,,100.0,no,,,,,,,optics/ui/farObject
Optics > Ray Diagrams,Far Object Marker,optics/farAxisObject,picture-size,,double,,0.12,yes,ObserverSpinBox,,,"{""label"": """", ""values"": [{""key"": """", ""type"": ""value-map"", ""value"": ""0.01 0.60""}, {""key"": ""min"", ""type"": ""double"", ""value"": ""0.01""}, {""key"": ""max"", ""type"": ""double"", ""value"": ""0.60""}]}",,centimeter,optics/ui/farObject
Optics > Ray Diagrams,Far Object Marker,optics/farAxisObject,raystolens-restore,,bool,,,yes,ObserverButton,Restore Defaults,,,,,optics/ui/farObject
Optics > Ray Diagrams,Screen,optics/projection,orientation,,,,,no,,,,,,,
Optics > Ray Diagrams,Screen,optics/projection,part-id-prefix,,,,,no,,,,,,,
Optics > Ray Diagrams,Eye,optics/eye,orientation,,,,,no,,,,,,,optics/ui/eye
Optics > Ray Diagrams,Eye,optics/eye,show-picture,,,proxy,../subpart[@role=eye-image]/p[@key=visible],yes,ObserverCheckBox,Show picture,,,,,optics/ui/eye
Optics > Ray Diagrams,Eye,optics/eye,part-id-prefix,,,,,no,,,,,,,optics/ui/eye
Optics > Ray Diagrams,Eye,optics/eye,eye-looksright,,string,,Left,yes,ObserverComboBox,,,"{""label"": ""set-validator"", ""values"": [{""key"": """", ""type"": ""string-array"", ""value"": ""Left Right""}, {""key"": """", ""type"": ""string"", ""value"": ""Left""}, {""key"": """", ""type"": ""string"", ""value"": ""Right""}]}",,,optics/ui/eye
Optics > Ray Diagrams,Eye,optics/eye,eye-showLineofSight,,string,,When Selected,yes,ObserverComboBox,,,"{""label"": ""set-validator"", ""values"": [{""key"": """", ""type"": ""string-array"", ""value"": ""Never When Selected Always""}, {""key"": """", ""type"": ""string"", ""value"": ""Never""}, {""key"": """", ""type"": ""string"", ""value"": ""When Selected""}, {""key"": """", ""type"": ""string"", ""value"": ""Always""}]}",,,optics/ui/eye
Optics > Ray Diagrams,Eye,optics/eye,eye-regionOfInterest,,double,,0.23,yes,ObserverSpinBox,,,"{""label"": """", ""values"": [{""key"": """", ""type"": ""value-map"", ""value"": ""0.02 1.0""}, {""key"": ""min"", ""type"": ""double"", ""value"": ""0.02""}, {""key"": ""max"", ""type"": ""double"", ""value"": ""1.0""}]}",,,optics/ui/eye
Optics > Ray Diagrams,Eye,optics/eye,eye-invertImage,,bool,,true,yes,ObserverCheckBox,Invert Image,,,,,optics/ui/eye
Optics > Light Sources,Diverging beam,optics/lamp,orientation,,,,,no,,,,,,,optics/ui/lamp
Optics > Light Sources,Diverging beam,optics/lamp,wavelength,,double,,58e-8,yes,ObserverSpinBox,,,"{""label"": """", ""values"": [{""key"": """", ""type"": ""value-map"", ""value"": ""38e-8 78e-8""}, {""key"": ""min"", ""type"": ""double"", ""value"": ""38e-8""}, {""key"": ""max"", ""type"": ""double"", ""value"": ""78e-8""}]}",,nanometer,optics/ui/lamp
Optics > Light Sources,Diverging beam,optics/lamp,color,,string,,Yellow,yes,ObserverComboBox,,,"{""label"": ""set-validator"", ""values"": [{""key"": """", ""type"": ""string-array"", ""value"": ""UV Violet Indigo Blue Green Yellow Orange Red Infrared White""}, {""key"": """", ""type"": ""string"", ""value"": ""UV""}, {""key"": """", ""type"": ""string"", ""value"": ""Violet""}, {""key"": """", ""type"": ""string"", ""value"": ""Indigo""}, {""key"": """", ""type"": ""string"", ""value"": ""Blue""}, {""key"": """", ""type"": ""string"", ""value"": ""Green""}, {""key"": """", ""type"": ""string"", ""value"": ""Yellow""}, {""key"": """", ""type"": ""string"", ""value"": ""Orange""}, {""key"": """", ""type"": ""string"", ""value"": ""Red""}, {""key"": """", ""type"": ""string"", ""value"": ""Infrared""}, {""key"": """", ""type"": ""string"", ""value"": ""White""}]}",,,optics/ui/lamp
Optics > Light Sources,Diverging beam,optics/lamp,part-id-prefix,,,,,no,,,,,,,optics/ui/lamp
Optics > Light Sources,Diverging beam,optics/lamp,pos,,,,"(0.0, 0.0)",no,,,,,,,optics/ui/lamp
Optics > Light Sources,Diverging beam,optics/lamp,spread,,double,,5*PI/18.0,yes,ObserverSpinBox,,,"{""label"": """", ""values"": [{""key"": """", ""type"": ""value-map"", ""value"": ""2*PI/360.0 2*PI/3.0""}, {""key"": ""min"", ""type"": ""double"", ""value"": ""2*PI/360.0""}, {""key"": ""max"", ""type"": ""double"", ""value"": ""2*PI/3.0""}]}",,degree,optics/ui/lamp
Optics > Light Sources,Parallel beam,optics/torch,orientation,,,,,no,,,,,,,optics/ui/torch
Optics > Light Sources,Parallel beam,optics/torch,wavelength,,double,,58e-8,yes,ObserverSpinBox,,,"{""label"": """", ""values"": [{""key"": """", ""type"": ""value-map"", ""value"": ""38e-8 78e-8""}, {""key"": ""min"", ""type"": ""double"", ""value"": ""38e-8""}, {""key"": ""max"", ""type"": ""double"", ""value"": ""78e-8""}]}",,nanometer,optics/ui/torch
Optics > Light Sources,Parallel beam,optics/torch,color,,string,,Yellow,yes,ObserverComboBox,,,"{""label"": ""set-validator"", ""values"": [{""key"": """", ""type"": ""string-array"", ""value"": ""UV Violet Indigo Blue Green Yellow Orange Red Infrared White""}, {""key"": """", ""type"": ""string"", ""value"": ""UV""}, {""key"": """", ""type"": ""string"", ""value"": ""Violet""}, {""key"": """", ""type"": ""string"", ""value"": ""Indigo""}, {""key"": """", ""type"": ""string"", ""value"": ""Blue""}, {""key"": """", ""type"": ""string"", ""value"": ""Green""}, {""key"": """", ""type"": ""string"", ""value"": ""Yellow""}, {""key"": """", ""type"": ""string"", ""value"": ""Orange""}, {""key"": """", ""type"": ""string"", ""value"": ""Red""}, {""key"": """", ""type"": ""string"", ""value"": ""Infrared""}, {""key"": """", ""type"": ""string"", ""value"": ""White""}]}",,,optics/ui/torch
Optics > Light Sources,Parallel beam,optics/torch,part-id-prefix,,,,,no,,,,,,,optics/ui/torch
Optics > Light Sources,Parallel beam,optics/torch,pos,,,,"(0.0, 0.0)",no,,,,,,,optics/ui/torch
Optics > Light Sources,Parallel beam,optics/torch,torch-radius,,double,,0.005,yes,ObserverSpinBox,,,"{""label"": """", ""values"": [{""key"": """", ""type"": ""value-map"", ""value"": ""0.005 0.195""}, {""key"": ""min"", ""type"": ""double"", ""value"": ""0.005""}, {""key"": ""max"", ""type"": ""double"", ""value"": ""0.195""}]}",,centimeter,optics/ui/torch
Optics > Light Sources,Ray box,optics/rayBox,orientation,,,,,no,,,,,,,optics/ui/rayBox
Optics > Light Sources,Ray box,optics/rayBox,wavelength,,double,,58e-8,yes,ObserverSpinBox,,,"{""label"": """", ""values"": [{""key"": """", ""type"": ""value-map"", ""value"": ""38e-8 78e-8""}, {""key"": ""min"", ""type"": ""double"", ""value"": ""38e-8""}, {""key"": ""max"", ""type"": ""double"", ""value"": ""78e-8""}]}",,nanometer,optics/ui/rayBox
Optics > Light Sources,Ray box,optics/rayBox,color,,string,,Yellow,yes,ObserverComboBox,,,"{""label"": ""set-validator"", ""values"": [{""key"": """", ""type"": ""string-array"", ""value"": ""UV Violet Indigo Blue Green Yellow Orange Red Infrared White""}, {""key"": """", ""type"": ""string"", ""value"": ""UV""}, {""key"": """", ""type"": ""string"", ""value"": ""Violet""}, {""key"": """", ""type"": ""string"", ""value"": ""Indigo""}, {""key"": """", ""type"": ""string"", ""value"": ""Blue""}, {""key"": """", ""type"": ""string"", ""value"": ""Green""}, {""key"": """", ""type"": ""string"", ""value"": ""Yellow""}, {""key"": """", ""type"": ""string"", ""value"": ""Orange""}, {""key"": """", ""type"": ""string"", ""value"": ""Red""}, {""key"": """", ""type"": ""string"", ""value"": ""Infrared""}, {""key"": """", ""type"": ""string"", ""value"": ""White""}]}",,,optics/ui/rayBox
Optics > Light Sources,Ray box,optics/rayBox,part-id-prefix,,,,,no,,,,,,,optics/ui/rayBox
Optics > Light Sources,Ray box,optics/rayBox,pos,,,,"(0.0, 10.0)",no,,,,,,,optics/ui/rayBox
Optics > Light Sources,Ray box,optics/rayBox,raybox-noofrays,,int,,3,yes,ObserverSpinBox,,,"{""label"": """", ""values"": [{""key"": """", ""type"": ""value-map"", ""value"": ""1 60""}, {""key"": ""min"", ""type"": ""int"", ""value"": ""1""}, {""key"": ""max"", ""type"": ""int"", ""value"": ""60""}]}",,,optics/ui/rayBox
Optics > Light Sources,Ray box,optics/rayBox,raybox-separation,,double,,0.005,yes,ObserverSpinBox,,,"{""label"": """", ""values"": [{""key"": """", ""type"": ""value-map"", ""value"": ""0.002 0.15""}, {""key"": ""min"", ""type"": ""double"", ""value"": ""0.002""}, {""key"": ""max"", ""type"": ""double"", ""value"": ""0.15""}]}",,centimeter,optics/ui/rayBox
Optics > Lenses,Concave Lens,optics/concaveLens,orientation,,,,,no,,,,,,,optics/ui/lens
Optics > Lenses,Concave Lens,optics/concaveLens,flength,,double,,0.1,yes,ObserverSpinBox,,,"{""label"": """", ""values"": [{""key"": """", ""type"": ""value-map"", ""value"": ""0.06 0.80""}, {""key"": ""min"", ""type"": ""double"", ""value"": ""0.06""}, {""key"": ""max"", ""type"": ""double"", ""value"": ""0.80""}]}",,centimeter,optics/ui/lens
Optics > Lenses,Concave Lens,optics/concaveLens,showflength,,bool,,false,yes,ObserverCheckBox,Show focal length,,,,,optics/ui/lens
Optics > Lenses,Concave Lens,optics/concaveLens,part-id-prefix,,,,,no,,,,,,,optics/ui/lens
Optics > Lenses,Concave Lens,optics/concaveLens,pos,,point,,"(0.0, 0.0)",no,,,,,,,optics/ui/lens
Optics > Lenses,Convex Lens,optics/convexLens,orientation,,,,,no,,,,,,,optics/ui/lens
Optics > Lenses,Convex Lens,optics/convexLens,flength,,double,,0.1,yes,ObserverSpinBox,,,"{""label"": """", ""values"": [{""key"": """", ""type"": ""value-map"", ""value"": ""0.06 0.80""}, {""key"": ""min"", ""type"": ""double"", ""value"": ""0.06""}, {""key"": ""max"", ""type"": ""double"", ""value"": ""0.80""}]}",,centimeter,optics/ui/lens
Optics > Lenses,Convex Lens,optics/convexLens,showflength,,bool,,false,yes,ObserverCheckBox,Show focal length,,,,,optics/ui/lens
Optics > Lenses,Convex Lens,optics/convexLens,part-id-prefix,,,,,no,,,,,,,optics/ui/lens
Optics > Lenses,Convex Lens,optics/convexLens,pos,,,,"(0.0, 0.0)",no,,,,,,,optics/ui/lens
Optics > Mirrors,Plane Mirror,optics/planeMirror,orientation,,,,,no,,,,,,,optics/ui/planeMirror
Optics > Mirrors,Plane Mirror,optics/planeMirror,part-id-prefix,,,,,no,,,,,,,optics/ui/planeMirror
Optics > Mirrors,Plane Mirror,optics/planeMirror,planeMirror-showNormal,,bool,,false,yes,ObserverCheckBox,Show normal,,,,,optics/ui/planeMirror
Optics > Mirrors,Concave Mirror,optics/concaveMirror,orientation,,,,,no,,,,,,,optics/ui/mirror
Optics > Mirrors,Concave Mirror,optics/concaveMirror,part-id-prefix,,,,,no,,,,,,,optics/ui/mirror
Optics > Mirrors,Concave Mirror,optics/concaveMirror,showFocalLength,,bool,,false,yes,ObserverCheckBox,Show focal length,,,,,optics/ui/mirror
Optics > Mirrors,Concave Mirror,optics/concaveMirror,focal-length,,double,,0.1,no,,,,"{""label"": """", ""values"": [{""key"": """", ""type"": ""value-map"", ""value"": ""0.03 1.0""}, {""key"": ""min"", ""type"": ""double"", ""value"": ""0.03""}, {""key"": ""max"", ""type"": ""double"", ""value"": ""1.0""}]}",,centimeter,optics/ui/mirror
Optics > Mirrors,Concave Mirror,optics/concaveMirror,radius,,double,,0.1,yes,ObserverSpinBox,,,"{""label"": """", ""values"": [{""key"": """", ""type"": ""value-map"", ""value"": ""0.06 12.50""}, {""key"": ""min"", ""type"": ""double"", ""value"": ""0.06""}, {""key"": ""max"", ""type"": ""double"", ""value"": ""12.50""}]}",,centimeter,optics/ui/mirror
Optics > Mirrors,Convex Mirror,optics/convexMirror,orientation,,,,,no,,,,,,,optics/ui/mirror
Optics > Mirrors,Convex Mirror,optics/convexMirror,part-id-prefix,,,,,no,,,,,,,optics/ui/mirror
Optics > Mirrors,Convex Mirror,optics/convexMirror,showFocalLength,,bool,,false,yes,ObserverCheckBox,Show focal length,,,,,optics/ui/mirror
Optics > Mirrors,Convex Mirror,optics/convexMirror,focal-length,,double,,0.1,no,,,,"{""label"": """", ""values"": [{""key"": """", ""type"": ""value-map"", ""value"": ""0.03 1.0""}, {""key"": ""min"", ""type"": ""double"", ""value"": ""0.03""}, {""key"": ""max"", ""type"": ""double"", ""value"": ""1.0""}]}",,centimeter,optics/ui/mirror
Optics > Mirrors,Convex Mirror,optics/convexMirror,radius,,double,,0.1,yes,ObserverSpinBox,,,"{""label"": """", ""values"": [{""key"": """", ""type"": ""value-map"", ""value"": ""0.06 12.50""}, {""key"": ""min"", ""type"": ""double"", ""value"": ""0.06""}, {""key"": ""max"", ""type"": ""double"", ""value"": ""12.50""}]}",,centimeter,optics/ui/mirror
Optics > Mirrors,Parabolic Mirror,optics/parabolicMirror,orientation,,,,,no,,,,,,,optics/ui/parabolicMirror
Optics > Mirrors,Parabolic Mirror,optics/parabolicMirror,framehalfwidth,,,,58.484,no,,,,,,,optics/ui/parabolicMirror
Optics > Mirrors,Parabolic Mirror,optics/parabolicMirror,part-id-prefix,,,,,no,,,,,,,optics/ui/parabolicMirror
Optics > Mirrors,Parabolic Mirror,optics/parabolicMirror,showFocalLength,,bool,,false,yes,ObserverCheckBox,Show focal length,,,,,optics/ui/parabolicMirror
Optics > Mirrors,Parabolic Mirror,optics/parabolicMirror,radius,,double,,0.1,yes,ObserverSpinBox,,,"{""label"": """", ""values"": [{""key"": """", ""type"": ""value-map"", ""value"": ""0.06 1.0""}, {""key"": ""min"", ""type"": ""double"", ""value"": ""0.06""}, {""key"": ""max"", ""type"": ""double"", ""value"": ""1.0""}]}",,centimeter,optics/ui/parabolicMirror
Optics > Transparent Objects,Prism,optics/prism,orientation,,,,,no,,,,,,,optics/ui/prism
Optics > Transparent Objects,Prism,optics/prism,material,,string,,Flint Glass,yes,ObserverComboBox,,,,,,optics/ui/prism
Optics > Transparent Objects,Prism,optics/prism,refindex,,double,,,yes,ObserverSpinBox,,,"{""label"": """", ""values"": [{""key"": """", ""type"": ""value-map"", ""value"": ""1.0 10.0""}, {""key"": ""min"", ""type"": ""double"", ""value"": ""1.0""}, {""key"": ""max"", ""type"": ""double"", ""value"": ""10.0""}]}",,,optics/ui/prism
Optics > Transparent Objects,Prism,optics/prism,shownormal,,bool,,false,yes,ObserverCheckBox,Show Normal,,,,,optics/ui/prism
Optics > Transparent Objects,Prism,optics/prism,part-id-prefix,,,,,no,,,,,,,optics/ui/prism
Optics > Transparent Objects,Prism,optics/prism,pos,,,,"(0.0, 0.0)",no,,,,,,,optics/ui/prism
Optics > Transparent Objects,Prism,optics/prism,size,,point,,"(100.0,100.0)",no,,,,"{""label"": """", ""values"": [{""key"": """", ""type"": ""value-map"", ""value"": ""(20.0,20.0)""}, {""key"": ""min"", ""type"": ""point"", ""value"": ""(20.0,20.0)""}]}",,,optics/ui/prism
Optics > Transparent Objects,Transparent Block,optics/transparentBlock,orientation,,,,,no,,,,,,,optics/ui/transparentBlock
Optics > Transparent Objects,Transparent Block,optics/transparentBlock,material,,string,,Crown Glass,yes,ObserverComboBox,,,"{""label"": ""set-validator"", ""values"": [{""key"": """", ""type"": ""string-array"", ""value"": ""Air Benzene Water Ice Ethanol Diamond Quartz Glass Crown Glass Flint Glass Custom""}, {""key"": """", ""type"": ""string"", ""value"": ""Air""}, {""key"": """", ""type"": ""string"", ""value"": ""Benzene""}, {""key"": """", ""type"": ""string"", ""value"": ""Water""}, {""key"": """", ""type"": ""string"", ""value"": ""Ice""}, {""key"": """", ""type"": ""string"", ""value"": ""Ethanol""}, {""key"": """", ""type"": ""string"", ""value"": ""Diamond""}, {""key"": """", ""type"": ""string"", ""value"": ""Quartz Glass""}, {""key"": """", ""type"": ""string"", ""value"": ""Crown Glass""}, {""key"": """", ""type"": ""string"", ""value"": ""Flint Glass""}, {""key"": """", ""type"": ""string"", ""value"": ""Custom""}]}",,,optics/ui/transparentBlock
Optics > Transparent Objects,Transparent Block,optics/transparentBlock,refindex,,double,,,yes,ObserverSpinBox,,,"{""label"": """", ""values"": [{""key"": """", ""type"": ""value-map"", ""value"": ""1.0 10.0""}, {""key"": ""min"", ""type"": ""double"", ""value"": ""1.0""}, {""key"": ""max"", ""type"": ""double"", ""value"": ""10.0""}]}",,,optics/ui/transparentBlock
Optics > Transparent Objects,Transparent Block,optics/transparentBlock,shownormal,,bool,,false,yes,ObserverCheckBox,Show Normal,,,,,optics/ui/transparentBlock
Optics > Transparent Objects,Transparent Block,optics/transparentBlock,part-id-prefix,,,,,no,,,,,,,optics/ui/transparentBlock
Optics > Transparent Objects,Transparent Block,optics/transparentBlock,pos,,,,"(0.0, 0.0)",no,,,,,,,optics/ui/transparentBlock
Optics > Transparent Objects,Transparent Block,optics/transparentBlock,showsecreflection,,bool,,false,yes,ObserverCheckBox,Show Secondary Reflections,,,,,optics/ui/transparentBlock
Optics > Transparent Objects,Transparent Block,optics/transparentBlock,size,,point,,"(40,80)",no,,,,"{""label"": """", ""values"": [{""key"": """", ""type"": ""value-map"", ""value"": ""(10.0,20.0)""}, {""key"": ""min"", ""type"": ""point"", ""value"": ""(10.0,20.0)""}]}",,,optics/ui/transparentBlock
Optics > Transparent Objects,Semi-circular Block,optics/semicircularBlock,orientation,,,,,no,,,,,,,optics/ui/prism
Optics > Transparent Objects,Semi-circular Block,optics/semicircularBlock,material,,string,,Crown Glass,yes,ObserverComboBox,,,"{""label"": ""set-validator"", ""values"": [{""key"": """", ""type"": ""string-array"", ""value"": ""Air Benzene Water Ice Ethanol Diamond Quartz Glass Crown Glass Flint Glass Custom""}, {""key"": """", ""type"": ""string"", ""value"": ""Air""}, {""key"": """", ""type"": ""string"", ""value"": ""Benzene""}, {""key"": """", ""type"": ""string"", ""value"": ""Water""}, {""key"": """", ""type"": ""string"", ""value"": ""Ice""}, {""key"": """", ""type"": ""string"", ""value"": ""Ethanol""}, {""key"": """", ""type"": ""string"", ""value"": ""Diamond""}, {""key"": """", ""type"": ""string"", ""value"": ""Quartz Glass""}, {""key"": """", ""type"": ""string"", ""value"": ""Crown Glass""}, {""key"": """", ""type"": ""string"", ""value"": ""Flint Glass""}, {""key"": """", ""type"": ""string"", ""value"": ""Custom""}]}",,,optics/ui/prism
Optics > Transparent Objects,Semi-circular Block,optics/semicircularBlock,refindex,,double,,,yes,ObserverSpinBox,,,"{""label"": """", ""values"": [{""key"": """", ""type"": ""value-map"", ""value"": ""1.0 10.0""}, {""key"": ""min"", ""type"": ""double"", ""value"": ""1.0""}, {""key"": ""max"", ""type"": ""double"", ""value"": ""10.0""}]}",,,optics/ui/prism
Optics > Transparent Objects,Semi-circular Block,optics/semicircularBlock,shownormal,,bool,,false,yes,ObserverCheckBox,Show Normal,,,,,optics/ui/prism
Optics > Transparent Objects,Semi-circular Block,optics/semicircularBlock,part-id-prefix,,,,,no,,,,,,,optics/ui/prism
Optics > Transparent Objects,Semi-circular Block,optics/semicircularBlock,pos,,,,"(0.0, 0.0)",no,,,,,,,optics/ui/prism
Optics > Transparent Objects,Semi-circular Block,optics/semicircularBlock,size,,point,,"( 25.0, 50.0 )",no,,,,"{""label"": """", ""values"": [{""key"": """", ""type"": ""value-map"", ""value"": ""(5.0,10.0)""}, {""key"": ""min"", ""type"": ""point"", ""value"": ""(5.0,10.0)""}]}",,,optics/ui/prism
Optics > Opaque Objects,Adjustable Slit,optics/adjustableSlit,orientation,,,,,no,,,,,,,optics/ui/adjustableSlit
Optics > Opaque Objects,Adjustable Slit,optics/adjustableSlit,part-color,,color,,#D9752C,yes,ObserverColorPicker,Green,,,,,optics/ui/adjustableSlit
Optics > Opaque Objects,Adjustable Slit,optics/adjustableSlit,part-visible,,bool,,true,yes,ObserverCheckBox,Show Part,,,,,optics/ui/adjustableSlit
Optics > Opaque Objects,Adjustable Slit,optics/adjustableSlit,part-id-prefix,,,,,no,,,,,,,optics/ui/adjustableSlit
Optics > Opaque Objects,Adjustable Slit,optics/adjustableSlit,pos,,,,"(0.0, 0.0)",no,,,,,,,optics/ui/adjustableSlit
Optics > Opaque Objects,Adjustable Slit,optics/adjustableSlit,adjustableslit-radius,,double,,0.01,yes,ObserverSpinBox,,,"{""label"": """", ""values"": [{""key"": """", ""type"": ""value-map"", ""value"": ""0.002 0.046""}, {""key"": ""min"", ""type"": ""double"", ""value"": ""0.002""}, {""key"": ""max"", ""type"": ""double"", ""value"": ""0.046""}]}",,centimeter,optics/ui/adjustableSlit
Optics > Opaque Objects,Opaque Ball,optics/opaqueBall,part-color,,color,,#D9752C,yes,ObserverColorPicker,Black,,,,,optics/ui/opaqueBall
Optics > Opaque Objects,Opaque Ball,optics/opaqueBall,part-visible,,bool,,true,yes,ObserverCheckBox,Show Part,,,,,optics/ui/opaqueBall
Optics > Opaque Objects,Opaque Ball,optics/opaqueBall,part-id-prefix,,,,,no,,,,,,,optics/ui/opaqueBall
Optics > Opaque Objects,Opaque Ball,optics/opaqueBall,pos,,,,"(0.0, 0.0)",no,,,,,,,optics/ui/opaqueBall
Optics > Opaque Objects,Opaque Ball,optics/opaqueBall,opaqueball-radius,,double,,0.03,yes,ObserverSpinBox,,,"{""label"": """", ""values"": [{""key"": """", ""type"": ""value-map"", ""value"": ""0.01 0.50""}, {""key"": ""min"", ""type"": ""double"", ""value"": ""0.01""}, {""key"": ""max"", ""type"": ""double"", ""value"": ""0.50""}]}",,centimeter,optics/ui/opaqueBall
Optics > Opaque Objects,Opaque Block,optics/opaqueBlock,orientation,,,,,no,,,,,,,optics/ui/opaqueBlock
Optics > Opaque Objects,Opaque Block,optics/opaqueBlock,part-color,,color,,#D9752C,yes,ObserverColorPicker,Black,,,,,optics/ui/opaqueBlock
Optics > Opaque Objects,Opaque Block,optics/opaqueBlock,part-visible,,bool,,true,yes,ObserverCheckBox,Show Part,,,,,optics/ui/opaqueBlock
Optics > Opaque Objects,Opaque Block,optics/opaqueBlock,part-id-prefix,,,,,no,,,,,,,optics/ui/opaqueBlock
Optics > Opaque Objects,Opaque Block,optics/opaqueBlock,pos,,,,"(0.0, 0.0)",no,,,,,,,optics/ui/opaqueBlock
Optics > Opaque Objects,Opaque Block,optics/opaqueBlock,size,,point,,"(40,80)",no,,,,"{""label"": """", ""values"": [{""key"": """", ""type"": ""value-map"", ""value"": ""(10.0,20.0)""}, {""key"": ""min"", ""type"": ""point"", ""value"": ""(10.0,20.0)""}]}",,,optics/ui/opaqueBlock
Optics > Opaque Objects,Opaque Triangle,optics/opaqueTriangle,orientation,,,,,no,,,,,,,optics/ui/opaqueBlock
Optics > Opaque Objects,Opaque Triangle,optics/opaqueTriangle,part-color,,color,,#D9752C,yes,ObserverColorPicker,Black,,,,,optics/ui/opaqueBlock
Optics > Opaque Objects,Opaque Triangle,optics/opaqueTriangle,part-visible,,bool,,true,yes,ObserverCheckBox,Show Part,,,,,optics/ui/opaqueBlock
Optics > Opaque Objects,Opaque Triangle,optics/opaqueTriangle,part-id-prefix,,,,,no,,,,,,,optics/ui/opaqueBlock
Optics > Opaque Objects,Opaque Triangle,optics/opaqueTriangle,pos,,,,"(0.0, 0.0)",no,,,,,,,optics/ui/opaqueBlock
Optics > Opaque Objects,Opaque Triangle,optics/opaqueTriangle,size,,point,,"(80.0,80.0)",no,,,,"{""label"": """", ""values"": [{""key"": """", ""type"": ""value-map"", ""value"": ""(20.0,20.0)""}, {""key"": ""min"", ""type"": ""point"", ""value"": ""(20.0,20.0)""}]}",,,optics/ui/opaqueBlock
Optics > Measurement Tools,Ruler,presentation/ruler,pad-class,,string,,presentation/hotspot,no,,,,,,,presentation/ui/ruler; presentation/ui/colour
Optics > Measurement Tools,Ruler,presentation/ruler,depth,,,,1,no,,,,,,,presentation/ui/ruler; presentation/ui/colour
Optics > Measurement Tools,Ruler,presentation/ruler,bendable,,,,false,no,,,,,,,presentation/ui/ruler; presentation/ui/colour
Optics > Measurement Tools,Ruler,presentation/ruler,splittable,,,,false,no,,,,,,,presentation/ui/ruler; presentation/ui/colour
Optics > Measurement Tools,Ruler,presentation/ruler,path-constraint,,,,0,no,,,,,,,presentation/ui/ruler; presentation/ui/colour
Optics > Measurement Tools,Ruler,presentation/ruler,zero-length,,,,false,no,,,,,,,presentation/ui/ruler; presentation/ui/colour
Optics > Measurement Tools,Ruler,presentation/ruler,show-toolbar,,,,false,no,,,,,,,presentation/ui/ruler; presentation/ui/colour
Optics > Measurement Tools,Ruler,presentation/ruler,path,,,,"(0,0),(250,0)",no,,,,,,,presentation/ui/ruler; presentation/ui/colour
Optics > Measurement Tools,Ruler,presentation/ruler,ratio,,double,"computed,user-hidden",,yes,ObserverLabel,0,,,,,presentation/ui/ruler; presentation/ui/colour
Optics > Measurement Tools,Ruler,presentation/ruler,length,Natural length,double,user-hidden,0.5,yes,ObserverLabel; UnitChooser,0,,"{""label"": """", ""values"": [{""key"": """", ""type"": ""value-map"", ""value"": ""0.00""}, {""key"": ""min"", ""type"": ""double"", ""value"": ""0.00""}]}",picometer; nanometer; micrometer; millimeter; centimeter; meter; kilometer,centimeter,presentation/ui/ruler; presentation/ui/colour
Optics > Measurement Tools,Ruler,presentation/ruler,colour,Display colour,color,,#ff8040,yes,ObserverColorPicker,Black,,,,,presentation/ui/ruler; presentation/ui/colour
Optics > Measurement Tools,Ruler,presentation/ruler,show-tics,Show ticks,bool,,,yes,ObserverCheckBox,Show ticks:,,,,,presentation/ui/ruler; presentation/ui/colour
Optics > Measurement Tools,Ruler,presentation/ruler,tic-gap,Tick gap,double,,0.1,yes,ObserverSpinBox,,,"{""label"": """", ""values"": [{""key"": """", ""type"": ""value-map"", ""value"": ""0.0""}, {""key"": ""min"", ""type"": ""double"", ""value"": ""0.0""}]}",picometer; nanometer; micrometer; millimeter; centimeter; meter; kilometer,centimeter,presentation/ui/ruler; presentation/ui/colour
Optics > Measurement Tools,Protractor,presentation/protractor,show-toolbar,,,,false,no,,,,,,,presentation/ui/protractor; presentation/ui/colour
Optics > Measurement Tools,Protractor,presentation/protractor,colour,Display colour,color,user-hidden,#ff8040,yes,ObserverColorPicker,Black,,,,,presentation/ui/protractor; presentation/ui/colour
Optics > Measurement Tools,Protractor,presentation/protractor,angle,Angle,double,,,yes,ObserverSpinBox,,,"{""label"": """", ""values"": [{""key"": """", ""type"": ""value-map"", ""value"": ""0.0 2*PI""}, {""key"": ""min"", ""type"": ""double"", ""value"": ""0.0""}, {""key"": ""max"", ""type"": ""double"", ""value"": ""2*PI""}]}",,degree,presentation/ui/protractor; presentation/ui/colour
Optics > Measurement Tools,Protractor,presentation/protractor,fix-angle,Fix angle,bool,,,yes,ObserverCheckBox,Fix,,,,,presentation/ui/protractor; presentation/ui/colour
Optics > Measurement Tools,Marker,presentation/marker,pad-class,,string,,presentation/hotspot,no,,,,,,,presentation/ui/marker; presentation/ui/colour
Optics > Measurement Tools,Marker,presentation/marker,depth,,,,1,no,,,,,,,presentation/ui/marker; presentation/ui/colour
Optics > Measurement Tools,Marker,presentation/marker,bendable,,,,false,no,,,,,,,presentation/ui/marker; presentation/ui/colour
Optics > Measurement Tools,Marker,presentation/marker,splittable,,,,false,no,,,,,,,presentation/ui/marker; presentation/ui/colour
Optics > Measurement Tools,Marker,presentation/marker,path-constraint,,,,0,no,,,,,,,presentation/ui/marker; presentation/ui/colour
Optics > Measurement Tools,Marker,presentation/marker,zero-length,,,,false,no,,,,,,,presentation/ui/marker; presentation/ui/colour
Optics > Measurement Tools,Marker,presentation/marker,show-toolbar,,,,false,no,,,,,,,presentation/ui/marker; presentation/ui/colour
Optics > Measurement Tools,Marker,presentation/marker,path,,,,"(0,0),(250,0)",no,,,,,,,presentation/ui/marker; presentation/ui/colour
Optics > Measurement Tools,Marker,presentation/marker,colour,Display colour,color,,#ff8040,yes,ObserverColorPicker,Black,,,,,presentation/ui/marker; presentation/ui/colour
Optics > Measurement Tools,Marker,presentation/marker,display-mode,Display mode,string,,Double-headed arrow,yes,ObserverComboBox,,,"{""label"": ""set-validator"", ""values"": [{""key"": """", ""type"": ""string-array"", ""value"": ""Double-headed arrow Arrow Line""}, {""key"": """", ""type"": ""string"", ""value"": ""Double-headed arrow""}, {""key"": """", ""type"": ""string"", ""value"": ""Arrow""}, {""key"": """", ""type"": ""string"", ""value"": ""Line""}]}",,,presentation/ui/marker; presentation/ui/colour
Optics > Measurement Tools,Marker,presentation/marker,show-label,Show label,bool,,,yes,ObserverCheckBox,Show label?,,,,,presentation/ui/marker; presentation/ui/colour
Optics > Measurement Tools,Marker,presentation/marker,label-text,Label text,string,,Label,yes,ObserverLineEdit,,,"{""label"": """", ""values"": [{""key"": """", ""type"": ""string"", ""value"": ""^\\S.{0,99}$""}]}",,,presentation/ui/marker; presentation/ui/colour
Presentation > Measurement Tools,Ruler,presentation/ruler,pad-class,,string,,presentation/hotspot,no,,,,,,,presentation/ui/ruler; presentation/ui/colour
Presentation > Measurement Tools,Ruler,presentation/ruler,depth,,,,1,no,,,,,,,presentation/ui/ruler; presentation/ui/colour
Presentation > Measurement Tools,Ruler,presentation/ruler,bendable,,,,false,no,,,,,,,presentation/ui/ruler; presentation/ui/colour
Presentation > Measurement Tools,Ruler,presentation/ruler,splittable,,,,false,no,,,,,,,presentation/ui/ruler; presentation/ui/colour
Presentation > Measurement Tools,Ruler,presentation/ruler,path-constraint,,,,0,no,,,,,,,presentation/ui/ruler; presentation/ui/colour
Presentation > Measurement Tools,Ruler,presentation/ruler,zero-length,,,,false,no,,,,,,,presentation/ui/ruler; presentation/ui/colour
Presentation > Measurement Tools,Ruler,presentation/ruler,show-toolbar,,,,false,no,,,,,,,presentation/ui/ruler; presentation/ui/colour
Presentation > Measurement Tools,Ruler,presentation/ruler,path,,,,"(0,0),(250,0)",no,,,,,,,presentation/ui/ruler; presentation/ui/colour
Presentation > Measurement Tools,Ruler,presentation/ruler,ratio,,double,"computed,user-hidden",,yes,ObserverLabel,0,,,,,presentation/ui/ruler; presentation/ui/colour
Presentation > Measurement Tools,Ruler,presentation/ruler,length,Natural length,double,user-hidden,0.5,yes,ObserverLabel; UnitChooser,0,,"{""label"": """", ""values"": [{""key"": """", ""type"": ""value-map"", ""value"": ""0.00""}, {""key"": ""min"", ""type"": ""double"", ""value"": ""0.00""}]}",picometer; nanometer; micrometer; millimeter; centimeter; meter; kilometer,centimeter,presentation/ui/ruler; presentation/ui/colour
Presentation > Measurement Tools,Ruler,presentation/ruler,colour,Display colour,color,,#ff8040,yes,ObserverColorPicker,Black,,,,,presentation/ui/ruler; presentation/ui/colour
Presentation > Measurement Tools,Ruler,presentation/ruler,show-tics,Show ticks,bool,,,yes,ObserverCheckBox,Show ticks:,,,,,presentation/ui/ruler; presentation/ui/colour
Presentation > Measurement Tools,Ruler,presentation/ruler,tic-gap,Tick gap,double,,0.1,yes,ObserverSpinBox,,,"{""label"": """", ""values"": [{""key"": """", ""type"": ""value-map"", ""value"": ""0.0""}, {""key"": ""min"", ""type"": ""double"", ""value"": ""0.0""}]}",picometer; nanometer; micrometer; millimeter; centimeter; meter; kilometer,centimeter,presentation/ui/ruler; presentation/ui/colour
Presentation > Measurement Tools,Protractor,presentation/protractor,show-toolbar,,,,false,no,,,,,,,presentation/ui/protractor; presentation/ui/colour
Presentation > Measurement Tools,Protractor,presentation/protractor,colour,Display colour,color,user-hidden,#ff8040,yes,ObserverColorPicker,Black,,,,,presentation/ui/protractor; presentation/ui/colour
Presentation > Measurement Tools,Protractor,presentation/protractor,angle,Angle,double,,,yes,ObserverSpinBox,,,"{""label"": """", ""values"": [{""key"": """", ""type"": ""value-map"", ""value"": ""0.0 2*PI""}, {""key"": ""min"", ""type"": ""double"", ""value"": ""0.0""}, {""key"": ""max"", ""type"": ""double"", ""value"": ""2*PI""}]}",,degree,presentation/ui/protractor; presentation/ui/colour
Presentation > Measurement Tools,Protractor,presentation/protractor,fix-angle,Fix angle,bool,,,yes,ObserverCheckBox,Fix,,,,,presentation/ui/protractor; presentation/ui/colour
Presentation > Measurement Tools,Marker,presentation/marker,pad-class,,string,,presentation/hotspot,no,,,,,,,presentation/ui/marker; presentation/ui/colour
Presentation > Measurement Tools,Marker,presentation/marker,depth,,,,1,no,,,,,,,presentation/ui/marker; presentation/ui/colour
Presentation > Measurement Tools,Marker,presentation/marker,bendable,,,,false,no,,,,,,,presentation/ui/marker; presentation/ui/colour
Presentation > Measurement Tools,Marker,presentation/marker,splittable,,,,false,no,,,,,,,presentation/ui/marker; presentation/ui/colour
Presentation > Measurement Tools,Marker,presentation/marker,path-constraint,,,,0,no,,,,,,,presentation/ui/marker; presentation/ui/colour
Presentation > Measurement Tools,Marker,presentation/marker,zero-length,,,,false,no,,,,,,,presentation/ui/marker; presentation/ui/colour
Presentation > Measurement Tools,Marker,presentation/marker,show-toolbar,,,,false,no,,,,,,,presentation/ui/marker; presentation/ui/colour
Presentation > Measurement Tools,Marker,presentation/marker,path,,,,"(0,0),(250,0)",no,,,,,,,presentation/ui/marker; presentation/ui/colour
Presentation > Measurement Tools,Marker,presentation/marker,colour,Display colour,color,,#ff8040,yes,ObserverColorPicker,Black,,,,,presentation/ui/marker; presentation/ui/colour
Presentation > Measurement Tools,Marker,presentation/marker,display-mode,Display mode,string,,Double-headed arrow,yes,ObserverComboBox,,,"{""label"": ""set-validator"", ""values"": [{""key"": """", ""type"": ""string-array"", ""value"": ""Double-headed arrow Arrow Line""}, {""key"": """", ""type"": ""string"", ""value"": ""Double-headed arrow""}, {""key"": """", ""type"": ""string"", ""value"": ""Arrow""}, {""key"": """", ""type"": ""string"", ""value"": ""Line""}]}",,,presentation/ui/marker; presentation/ui/colour
Presentation > Measurement Tools,Marker,presentation/marker,show-label,Show label,bool,,,yes,ObserverCheckBox,Show label?,,,,,presentation/ui/marker; presentation/ui/colour
Presentation > Measurement Tools,Marker,presentation/marker,label-text,Label text,string,,Label,yes,ObserverLineEdit,,,"{""label"": """", ""values"": [{""key"": """", ""type"": ""string"", ""value"": ""^\\S.{0,99}$""}]}",,,presentation/ui/marker; presentation/ui/colour
Presentation,Graph,presentation/graph,show-toolbar,,,,true,no,,,,,,,presentation/ui/graph
Presentation,Graph,presentation/graph,size,Size,point,,"(500,210)",no,,,,"{""label"": ""point-validator"", ""values"": [{""key"": """", ""type"": ""value-map"", ""value"": ""(250,150)""}, {""key"": ""min"", ""type"": ""point"", ""value"": ""(250,150)""}]}",,,presentation/ui/graph
Presentation,Graph,presentation/graph,x-min,X min,double,user-hidden,0.0,yes,ObserverSpinBox,,,"{""label"": """", ""values"": [{""key"": """", ""type"": ""value-map"", ""value"": ""-1e15 1e15""}, {""key"": ""min"", ""type"": ""double"", ""value"": ""-1e15""}, {""key"": ""max"", ""type"": ""double"", ""value"": ""1e15""}]}",,,presentation/ui/graph
Presentation,Graph,presentation/graph,x-max,X max,double,user-hidden,10.0,yes,ObserverSpinBox,,,"{""label"": """", ""values"": [{""key"": """", ""type"": ""value-map"", ""value"": ""-1e15 1e15""}, {""key"": ""min"", ""type"": ""double"", ""value"": ""-1e15""}, {""key"": ""max"", ""type"": ""double"", ""value"": ""1e15""}]}",,,presentation/ui/graph
Presentation,Graph,presentation/graph,y-min,Y min,double,user-hidden,0.0,yes,ObserverSpinBox,,,"{""label"": """", ""values"": [{""key"": """", ""type"": ""value-map"", ""value"": ""-1e15 1e15""}, {""key"": ""min"", ""type"": ""double"", ""value"": ""-1e15""}, {""key"": ""max"", ""type"": ""double"", ""value"": ""1e15""}]}",,,presentation/ui/graph
Presentation,Graph,presentation/graph,y-max,Y max,double,user-hidden,30.0,yes,ObserverSpinBox,,,"{""label"": """", ""values"": [{""key"": """", ""type"": ""value-map"", ""value"": ""-1e15 1e15""}, {""key"": ""min"", ""type"": ""double"", ""value"": ""-1e15""}, {""key"": ""max"", ""type"": ""double"", ""value"": ""1e15""}]}",,,presentation/ui/graph
Presentation,Graph,presentation/graph,background-color,Background colour,color,,white,no,,,,,,,presentation/ui/graph
Presentation,Graph,presentation/graph,local-time,Simulation time,,mutable-proxy,,no,,,,,,,presentation/ui/graph
Presentation,Graph,presentation/graph,graph-mode,Graph mode,string,,Global property,yes,ObserverComboBox,,,"{""label"": ""set-validator"", ""values"": [{""key"": """", ""type"": ""string-array"", ""value"": ""Global property Local part property Specific part property""}, {""key"": """", ""type"": ""string"", ""value"": ""Global property""}, {""key"": """", ""type"": ""string"", ""value"": ""Local part property""}, {""key"": """", ""type"": ""string"", ""value"": ""Specific part property""}]}",,,presentation/ui/graph
Presentation,Graph,presentation/graph,max-datapoints,Maximum datapoints,int,user-hidden,6000,yes,ObserverSpinBox,,,"{""label"": """", ""values"": [{""key"": """", ""type"": ""value-map"", ""value"": ""0 999999""}, {""key"": ""min"", ""type"": ""int"", ""value"": ""0""}, {""key"": ""max"", ""type"": ""int"", ""value"": ""999999""}]}",,,presentation/ui/graph
Presentation,Graph,presentation/graph,x-unit-provider,X-axis units,double,user-hidden,0.0,yes,UnitChooser,,,,,,presentation/ui/graph
Presentation,Graph,presentation/graph,y-unit-provider,Y-axis units,double,user-hidden,0.0,yes,UnitChooser,,,,,,presentation/ui/graph
Presentation,Text,presentation/text,show-toolbar,,,,true,no,,,,,,,
Presentation,Text,presentation/text,size,Size,point,,"(140,120)",no,,,,"{""label"": ""point-validator"", ""values"": [{""key"": """", ""type"": ""value-map"", ""value"": ""(50,30)""}, {""key"": ""min"", ""type"": ""point"", ""value"": ""(50,30)""}]}",,,
Presentation,Text,presentation/text,scalable,,,,false,no,,,,,,,
Presentation,Text,presentation/text,unformatted-text,Text,string,,(enter text here),no,,,,,,,
Presentation,Text,presentation/text,border-style,Border style,string,,Solid,no,,,,"{""label"": ""set-validator"", ""values"": [{""key"": """", ""type"": ""string-array"", ""value"": ""Solid Dashed None""}, {""key"": """", ""type"": ""string"", ""value"": ""Solid""}, {""key"": """", ""type"": ""string"", ""value"": ""Dashed""}, {""key"": """", ""type"": ""string"", ""value"": ""None""}]}",,,
Presentation,Text,presentation/text,border-color,Border colour,color,,black,no,,,,,,,
Presentation,Text,presentation/text,border-width,Border width,int,,1,no,,,,"{""label"": ""set-validator"", ""values"": [{""key"": """", ""type"": ""int-array"", ""value"": ""1,2,3,4""}]}",,,
Presentation,Text,presentation/text,background-color,Background colour,color,,white,no,,,,,,,
Presentation,Text,presentation/text,font-color,Font colour,color,,black,no,,,,,,,
Presentation,Text,presentation/text,font-size,Font size,int,,12,no,,,,"{""label"": ""set-validator"", ""values"": [{""key"": """", ""type"": ""int-array"", ""value"": ""8,10,12,14,18,24,32,40""}]}",,,
Presentation,Text,presentation/text,font-name,Font name,string,,Helvetica,no,,,,"{""label"": ""set-validator"", ""values"": [{""key"": """", ""type"": ""string-array"", ""value"": ""Times Arial Verdana Courier Comic Sans Terminal Helvetica""}, {""key"": """", ""type"": ""string"", ""value"": ""Times""}, {""key"": """", ""type"": ""string"", ""value"": ""Arial""}, {""key"": """", ""type"": ""string"", ""value"": ""Verdana""}, {""key"": """", ""type"": ""string"", ""value"": ""Courier""}, {""key"": """", ""type"": ""string"", ""value"": ""Comic Sans""}, {""key"": """", ""type"": ""string"", ""value"": ""Terminal""}, {""key"": """", ""type"": ""string"", ""value"": ""Helvetica""}]}",,,
Presentation,Text,presentation/text,underline,Underline,bool,,false,no,,,,,,,
Presentation,Instructions,presentation/instructions,show-toolbar,,,,true,no,,,,,,,
Presentation,Instructions,presentation/instructions,part-id-prefix,,,,,no,,,,,,,
Presentation,Instructions,presentation/instructions,size,,,,"(300,70)",no,,,,,,,
Presentation,Instructions,presentation/instructions,scalable,,,,false,no,,,,,,,
Presentation,Instructions,presentation/instructions,unformatted-text,Text,string,,(enter text here),no,,,,,,,
Presentation,Instructions,presentation/instructions,border-style,,,,Solid,no,,,,,,,
Presentation,Instructions,presentation/instructions,border-color,Border colour,color,,black,no,,,,,,,
Presentation,Instructions,presentation/instructions,border-width,Border width,int,,1,no,,,,"{""label"": ""set-validator"", ""values"": [{""key"": """", ""type"": ""int-array"", ""value"": ""1,2,3,4""}]}",,,
Presentation,Instructions,presentation/instructions,background-color,,,,white,no,,,,,,,
Presentation,Instructions,presentation/instructions,font-color,Font colour,color,,black,no,,,,,,,
Presentation,Instructions,presentation/instructions,font-size,Font size,int,,12,no,,,,"{""label"": ""set-validator"", ""values"": [{""key"": """", ""type"": ""int-array"", ""value"": ""8,10,12,14,18,24,32,40""}]}",,,
Presentation,Instructions,presentation/instructions,font-name,,string,,Verdana,no,,,,,,,
Presentation,Instructions,presentation/instructions,underline,Underline,bool,,false,no,,,,,,,
Presentation,Instructions,presentation/instructions,margin,,,,8,no,,,,,,,
Presentation,Instructions,presentation/instructions,current-page,Current page,int,,1,no,,,,"{""label"": ""int-validator"", ""values"": [{""key"": """", ""type"": ""value-map"", ""value"": ""1""}, {""key"": ""min"", ""type"": ""int"", ""value"": ""1""}]}",,,
Presentation,Picture,presentation/image,show-toolbar,,,,true,no,,,,,,,presentation/ui/picture
Presentation,Picture,presentation/image,size,Size,point,writable-computed,,no,,,,,,,presentation/ui/picture
Presentation,Picture,presentation/image,scale,Picture scale,double,,1.0,no,,,,"{""label"": """", ""values"": [{""key"": """", ""type"": ""value-map"", ""value"": ""0.01 10""}, {""key"": ""min"", ""type"": ""double"", ""value"": ""0.01""}, {""key"": ""max"", ""type"": ""double"", ""value"": ""10""}]}",,,presentation/ui/picture
Presentation,Picture,presentation/image,image,Image,resource,user-hidden,,yes,ResourceChooser,,,,,,presentation/ui/picture
Presentation,Picture,presentation/image,border-style,Border style,string,,None,yes,ObserverComboBox,,,"{""label"": ""set-validator"", ""values"": [{""key"": """", ""type"": ""string-array"", ""value"": ""Solid Dashed None""}, {""key"": """", ""type"": ""string"", ""value"": ""Solid""}, {""key"": """", ""type"": ""string"", ""value"": ""Dashed""}, {""key"": """", ""type"": ""string"", ""value"": ""None""}]}",,,presentation/ui/picture
Presentation,Picture,presentation/image,border-color,Border colour,color,,black,yes,ObserverColorPicker,Black,,,,,presentation/ui/picture
Presentation,Picture,presentation/image,border-width,Border width,int,,1,yes,ObserverComboBox,,,"{""label"": ""set-validator"", ""values"": [{""key"": """", ""type"": ""int-array"", ""value"": ""1,2,3,4""}]}",,,presentation/ui/picture
Presentation,Picture,presentation/image,scalable,,,,false,no,,,,,,,presentation/ui/picture
Presentation,Animation,presentation/advanced-animation,show-toolbar,,,,true,no,,,,,,,presentation/ui/advanced-animation
Presentation,Animation,presentation/advanced-animation,orientation-constraint,,string,,,no,,,,,,,presentation/ui/advanced-animation
Presentation,Animation,presentation/advanced-animation,orientation-proxy,Orientation,,mutable-proxy,,no,,,,,,,presentation/ui/advanced-animation
Presentation,Animation,presentation/advanced-animation,num-frames,Number of frames,int,computed,0,no,,,,,,,presentation/ui/advanced-animation
Presentation,Animation,presentation/advanced-animation,frame-rate,Frame rate,double,,5.0,yes,ObserverSpinBox,,,"{""label"": """", ""values"": [{""key"": """", ""type"": ""value-map"", ""value"": ""0.1 20.0""}, {""key"": ""min"", ""type"": ""double"", ""value"": ""0.1""}, {""key"": ""max"", ""type"": ""double"", ""value"": ""20.0""}]}",,,presentation/ui/advanced-animation
Presentation,Animation,presentation/advanced-animation,scale,Scale,double,,1.0,no,,,,"{""label"": """", ""values"": [{""key"": """", ""type"": ""value-map"", ""value"": ""0.01 10""}, {""key"": ""min"", ""type"": ""double"", ""value"": ""0.01""}, {""key"": ""max"", ""type"": ""double"", ""value"": ""10""}]}",,,presentation/ui/advanced-animation
Presentation,Animation,presentation/advanced-animation,play-mode,Clicking,,!user-hidden,plays next animation,yes,ObserverRadioGroup,Clicking on animation:,,"{""label"": ""set-validator"", ""values"": [{""key"": """", ""type"": ""string-array"", ""value"": ""plays next animation does nothing""}, {""key"": """", ""type"": ""string"", ""value"": ""plays next animation""}, {""key"": """", ""type"": ""string"", ""value"": ""does nothing""}]}",,,presentation/ui/advanced-animation
Presentation,Animation,presentation/advanced-animation,looping,Looping,string,,once only,yes,ObserverRadioGroup,Play current animation:,,"{""label"": ""set-validator"", ""values"": [{""key"": """", ""type"": ""string-array"", ""value"": ""once only in a loop""}, {""key"": """", ""type"": ""string"", ""value"": ""once only""}, {""key"": """", ""type"": ""string"", ""value"": ""in a loop""}]}",,,presentation/ui/advanced-animation
Presentation,Animation,presentation/advanced-animation,sequences,Animations,value-map,user-hidden,,yes,SequenceListBox,,,,,,presentation/ui/advanced-animation
Presentation,Button,presentation/button,show-toolbar,,,,true,no,,,,,,,presentation/ui/button; presentation/ui/buttonType
Presentation,Button,presentation/button,value,Value,,mutable-proxy,../p[@key=local-value],no,,,,,,,presentation/ui/button; presentation/ui/buttonType
Presentation,Button,presentation/button,latch-mode,Latch mode,string,,Switch,yes,ObserverRadioGroup,Button Mode,,"{""label"": ""set-validator"", ""values"": [{""key"": """", ""type"": ""string-array"", ""value"": ""Switch Push""}, {""key"": """", ""type"": ""string"", ""value"": ""Switch""}, {""key"": """", ""type"": ""string"", ""value"": ""Push""}]}",,,presentation/ui/button; presentation/ui/buttonType
Presentation,Number,presentation/spinbox,show-toolbar,,,,true,no,,,,,,,presentation/ui/spinbox
Presentation,Number,presentation/spinbox,resize-selection,,,,true,no,,,,,,,presentation/ui/spinbox
Presentation,Number,presentation/spinbox,mode,Mode,string,,Association control,yes,ObserverRadioGroup,Display...,,"{""label"": ""set-validator"", ""values"": [{""key"": """", ""type"": ""string-array"", ""value"": ""Association control Label Nothing""}, {""key"": """", ""type"": ""string"", ""value"": ""Association control""}, {""key"": """", ""type"": ""string"", ""value"": ""Label""}, {""key"": """", ""type"": ""string"", ""value"": ""Nothing""}]}",,,presentation/ui/spinbox
Presentation,Number,presentation/spinbox,label,Label,string,,label,yes,ObserverLineEdit,,,,,,presentation/ui/spinbox
Presentation,Number,presentation/spinbox,text-colour,Text colour,color,user-hidden,black,yes,ObserverColorPicker,Black,,,,,presentation/ui/spinbox
Presentation,Number,presentation/spinbox,value,Value,,mutable-proxy,../p[@key=local-value],no,,,,,,,presentation/ui/spinbox
Presentation,Number,presentation/spinbox,minimum-value,Minimum value,double,,-1000000.0,yes,ObserverSpinBox,,,"{""label"": """", ""values"": [{""key"": """", ""type"": ""value-map"", ""value"": ""-1000000.0 1000000.0""}, {""key"": ""min"", ""type"": ""double"", ""value"": ""-1000000.0""}, {""key"": ""max"", ""type"": ""double"", ""value"": ""1000000.0""}]}",,,presentation/ui/spinbox
Presentation,Number,presentation/spinbox,maximum-value,Maximum value,double,,1000000.0,yes,ObserverSpinBox,,,"{""label"": """", ""values"": [{""key"": """", ""type"": ""value-map"", ""value"": ""-1000000.0 1000000.0""}, {""key"": ""min"", ""type"": ""double"", ""value"": ""-1000000.0""}, {""key"": ""max"", ""type"": ""double"", ""value"": ""1000000.0""}]}",,,presentation/ui/spinbox
Presentation,Number,presentation/spinbox,unit-provider,Unit,string,user-hidden,,yes,ObserverComboBox,,,"{""label"": ""set-validator""}",,,presentation/ui/spinbox
Presentation,Number,presentation/spinbox,min-max-unit-name,Unit,string,user-hidden,,yes,ObserverLabel,,,,,,presentation/ui/spinbox
Presentation,Number,presentation/spinbox,multiplier,Multiplier,string,user-hidden,Automatic,yes,ObserverRadioGroup,Units:,,"{""label"": ""set-validator"", ""values"": [{""key"": """", ""type"": ""string-array"", ""value"": ""Automatic Fixed unit""}, {""key"": """", ""type"": ""string"", ""value"": ""Automatic""}, {""key"": """", ""type"": ""string"", ""value"": ""Fixed unit""}]}",,,presentation/ui/spinbox
Presentation,Number,presentation/spinbox,increment-type,Increment type,string,,Automatic,yes,ObserverRadioGroup,Increment:,,"{""label"": ""set-validator"", ""values"": [{""key"": """", ""type"": ""string-array"", ""value"": ""Automatic Fixed increment""}, {""key"": """", ""type"": ""string"", ""value"": ""Automatic""}, {""key"": """", ""type"": ""string"", ""value"": ""Fixed increment""}]}",,,presentation/ui/spinbox
Presentation,Number,presentation/spinbox,increment-value,Increment,double,user-hidden,1,yes,ObserverSpinBox,,,"{""label"": """", ""values"": [{""key"": """", ""type"": ""value-map"", ""value"": ""0 1000000""}, {""key"": ""min"", ""type"": ""double"", ""value"": ""0""}, {""key"": ""max"", ""type"": ""double"", ""value"": ""1000000""}]}",,,presentation/ui/spinbox
Presentation,Checkbox,presentation/checkbox,show-toolbar,,,,true,no,,,,,,,presentation/ui/checkbox
Presentation,Checkbox,presentation/checkbox,mode,Mode,string,,Association control,yes,ObserverRadioGroup,Display...,,"{""label"": ""set-validator"", ""values"": [{""key"": """", ""type"": ""string-array"", ""value"": ""Association control Label Nothing""}, {""key"": """", ""type"": ""string"", ""value"": ""Association control""}, {""key"": """", ""type"": ""string"", ""value"": ""Label""}, {""key"": """", ""type"": ""string"", ""value"": ""Nothing""}]}",,,presentation/ui/checkbox
Presentation,Checkbox,presentation/checkbox,label,Label,string,,label,yes,ObserverLineEdit,,,,,,presentation/ui/checkbox
Presentation,Checkbox,presentation/checkbox,text-colour,Text colour,color,user-hidden,black,yes,ObserverColorPicker,Black,,,,,presentation/ui/checkbox
Presentation,Checkbox,presentation/checkbox,value,Value,,mutable-proxy,../p[@key=local-value],no,,,,,,,presentation/ui/checkbox
Presentation,Drop-down list,presentation/dropdown,show-toolbar,,,,true,no,,,,,,,presentation/ui/dropdownlist
Presentation,Drop-down list,presentation/dropdown,mode,Mode,string,,Association control,yes,ObserverRadioGroup,Display...,,"{""label"": ""set-validator"", ""values"": [{""key"": """", ""type"": ""string-array"", ""value"": ""Association control Label Nothing""}, {""key"": """", ""type"": ""string"", ""value"": ""Association control""}, {""key"": """", ""type"": ""string"", ""value"": ""Label""}, {""key"": """", ""type"": ""string"", ""value"": ""Nothing""}]}",,,presentation/ui/dropdownlist
Presentation,Drop-down list,presentation/dropdown,label,Label,string,,label,yes,ObserverLineEdit,,,,,,presentation/ui/dropdownlist
Presentation,Drop-down list,presentation/dropdown,text-colour,Text colour,color,user-hidden,black,yes,ObserverColorPicker,Black,,,,,presentation/ui/dropdownlist
Presentation,Drop-down list,presentation/dropdown,value,Value,,mutable-proxy,,no,,,,,,,presentation/ui/dropdownlist
Presentation,Edit box,presentation/editbox,show-toolbar,,,,true,no,,,,,,,presentation/ui/editbox
Presentation,Edit box,presentation/editbox,resize-selection,,,,true,no,,,,,,,presentation/ui/editbox
Presentation,Edit box,presentation/editbox,mode,Mode,string,,Association control,yes,ObserverRadioGroup,Display...,,"{""label"": ""set-validator"", ""values"": [{""key"": """", ""type"": ""string-array"", ""value"": ""Association control Label Nothing""}, {""key"": """", ""type"": ""string"", ""value"": ""Association control""}, {""key"": """", ""type"": ""string"", ""value"": ""Label""}, {""key"": """", ""type"": ""string"", ""value"": ""Nothing""}]}",,,presentation/ui/editbox
Presentation,Edit box,presentation/editbox,label,Label,string,,label,yes,ObserverLineEdit,,,,,,presentation/ui/editbox
Presentation,Edit box,presentation/editbox,text-colour,Text colour,color,user-hidden,black,yes,ObserverColorPicker,Black,,,,,presentation/ui/editbox
Presentation,Edit box,presentation/editbox,text-width,Edit box length,int,,100,yes,ObserverSpinBox,,,"{""label"": """", ""values"": [{""key"": """", ""type"": ""value-map"", ""value"": ""20 1000""}, {""key"": ""min"", ""type"": ""int"", ""value"": ""20""}, {""key"": ""max"", ""type"": ""int"", ""value"": ""1000""}]}",,,presentation/ui/editbox
Presentation,Edit box,presentation/editbox,value,Value,,mutable-proxy,../p[@key=local-value],no,,,,,,,presentation/ui/editbox
Presentation,Pause,presentation/pause,show-toolbar,,,,true,no,,,,,,,presentation/ui/button
Presentation,Pause,presentation/pause,value,Value,,mutable-proxy,../p[@key=local-value],no,,,,,,,presentation/ui/button
Presentation,Pause,presentation/pause,up-image,,,,presentation/pauseNormal,no,,,,,,,presentation/ui/button
Presentation,Pause,presentation/pause,hover-image,,,,presentation/pauseNormal,no,,,,,,,presentation/ui/button
Presentation,Pause,presentation/pause,down-image,,,,presentation/pausePress,no,,,,,,,presentation/ui/button
Presentation,Pause,presentation/pause,latch-mode,Latch mode,string,,Switch,no,,,,"{""label"": ""set-validator"", ""values"": [{""key"": """", ""type"": ""string-array"", ""value"": ""Switch Push""}, {""key"": """", ""type"": ""string"", ""value"": ""Switch""}, {""key"": """", ""type"": ""string"", ""value"": ""Push""}]}",,,presentation/ui/button
Presentation,Reload,presentation/reload,show-toolbar,,,,true,no,,,,,,,presentation/ui/button
Presentation,Reload,presentation/reload,value,Value,,mutable-proxy,../p[@key=local-value],no,,,,,,,presentation/ui/button
Presentation,Reload,presentation/reload,up-image,,,,presentation/reloadNormal,no,,,,,,,presentation/ui/button
Presentation,Reload,presentation/reload,hover-image,,,,presentation/reloadNormal,no,,,,,,,presentation/ui/button
Presentation,Reload,presentation/reload,down-image,,,,presentation/reloadPress,no,,,,,,,presentation/ui/button
Presentation,Part Tray,presentation/parttray/2d,show-toolbar,,,,true,no,,,,,,,
Presentation,Part Tray,presentation/parttray/2d,m,Number of rows,int,,3,no,,,,"{""label"": ""int-validator"", ""values"": [{""key"": """", ""type"": ""value-map"", ""value"": ""1 20""}, {""key"": ""min"", ""type"": ""int"", ""value"": ""1""}, {""key"": ""max"", ""type"": ""int"", ""value"": ""20""}]}",,,
Presentation,Part Tray,presentation/parttray/2d,n,Number of columns,int,,2,no,,,,"{""label"": ""int-validator"", ""values"": [{""key"": """", ""type"": ""value-map"", ""value"": ""1 20""}, {""key"": ""min"", ""type"": ""int"", ""value"": ""1""}, {""key"": ""max"", ""type"": ""int"", ""value"": ""20""}]}",,,
Waves > 1D,Wave propagation space,waves/1d/wavespace/propagation,part-id-prefix,,,,,no,,,,,,,waves/ui/oned/wavespace-general; waves/ui/oned/source; waves/ui/oned/wave-display-prop
Waves > 1D,Wave propagation space,waves/1d/wavespace/propagation,size,,point,,"(400,200)",no,,,,"{""label"": """", ""values"": [{""key"": """", ""type"": ""value-map"", ""value"": ""(180,80) (10000,10000)""}, {""key"": ""min"", ""type"": ""point"", ""value"": ""(180,80)""}, {""key"": ""max"", ""type"": ""point"", ""value"": ""(10000,10000)""}]}",,,waves/ui/oned/wavespace-general; waves/ui/oned/source; waves/ui/oned/wave-display-prop
Waves > 1D,Wave propagation space,waves/1d/wavespace/propagation,outer-size,,point,computed,,no,,,,,,,waves/ui/oned/wavespace-general; waves/ui/oned/source; waves/ui/oned/wave-display-prop
Waves > 1D,Wave propagation space,waves/1d/wavespace/propagation,physical-width,Width,double,computed,,no,,,,,picometer; nanometer; micrometer; millimeter; meter; kilometer,meter,waves/ui/oned/wavespace-general; waves/ui/oned/source; waves/ui/oned/wave-display-prop
Waves > 1D,Wave propagation space,waves/1d/wavespace/propagation,freq-range,Space type,string,,Light,no,,,,"{""label"": ""set-validator"", ""values"": [{""key"": """", ""type"": ""string-array"", ""value"": ""Light Radio X-rays Ultraviolet Infrared Gamma Microwaves String Water Sound""}, {""key"": """", ""type"": ""string"", ""value"": ""Light""}, {""key"": """", ""type"": ""string"", ""value"": ""Radio""}, {""key"": """", ""type"": ""string"", ""value"": ""X-rays""}, {""key"": """", ""type"": ""string"", ""value"": ""Ultraviolet""}, {""key"": """", ""type"": ""string"", ""value"": ""Infrared""}, {""key"": """", ""type"": ""string"", ""value"": ""Gamma""}, {""key"": """", ""type"": ""string"", ""value"": ""Microwaves""}, {""key"": """", ""type"": ""string"", ""value"": ""String""}, {""key"": """", ""type"": ""string"", ""value"": ""Water""}, {""key"": """", ""type"": ""string"", ""value"": ""Sound""}]}",,,waves/ui/oned/wavespace-general; waves/ui/oned/source; waves/ui/oned/wave-display-prop
Waves > 1D,Wave propagation space,waves/1d/wavespace/propagation,wave-time-proxy,Wavespace time,,"proxy, readonly",,no,,,,,,,waves/ui/oned/wavespace-general; waves/ui/oned/source; waves/ui/oned/wave-display-prop
Waves > 1D,Wave propagation space,waves/1d/wavespace/propagation,pulse-type,Pulse type,,proxy,,no,,,,,,,waves/ui/oned/wavespace-general; waves/ui/oned/source; waves/ui/oned/wave-display-prop
Waves > 1D,Wave propagation space,waves/1d/wavespace/propagation,pulse-length,Pulse length,,proxy,,no,,,,,,,waves/ui/oned/wavespace-general; waves/ui/oned/source; waves/ui/oned/wave-display-prop
Waves > 1D,Wave propagation space,waves/1d/wavespace/propagation,pulse-gap,Pulse gap,,proxy,,no,,,,,,,waves/ui/oned/wavespace-general; waves/ui/oned/source; waves/ui/oned/wave-display-prop
Waves > 1D,Wave propagation space,waves/1d/wavespace/propagation,wave-form,Waveform,,proxy,,no,,,,,,,waves/ui/oned/wavespace-general; waves/ui/oned/source; waves/ui/oned/wave-display-prop
Waves > 1D,Wave propagation space,waves/1d/wavespace/propagation,period,Period,,proxy,,no,,,,,,,waves/ui/oned/wavespace-general; waves/ui/oned/source; waves/ui/oned/wave-display-prop
Waves > 1D,Wave propagation space,waves/1d/wavespace/propagation,frequency,Frequency,,proxy,,no,,,,,,,waves/ui/oned/wavespace-general; waves/ui/oned/source; waves/ui/oned/wave-display-prop
Waves > 1D,Wave propagation space,waves/1d/wavespace/propagation,wavelength,Wavelength,,proxy,,no,,,,,,,waves/ui/oned/wavespace-general; waves/ui/oned/source; waves/ui/oned/wave-display-prop
Waves > 1D,Wave propagation space,waves/1d/wavespace/propagation,amplitude,Amplitude,,proxy,,no,,,,,,,waves/ui/oned/wavespace-general; waves/ui/oned/source; waves/ui/oned/wave-display-prop
Waves > 1D,Wave propagation space,waves/1d/wavespace/propagation,displacement-at-source,Source displacement,,proxy,,no,,,,,,,waves/ui/oned/wavespace-general; waves/ui/oned/source; waves/ui/oned/wave-display-prop
Waves > 1D,Wave propagation space,waves/1d/wavespace/propagation,wave-speed,Wave speed,double,computed,,no,,,,"{""label"": ""double-validator"", ""values"": [{""key"": """", ""type"": ""value-map"", ""value"": ""0 1e10""}, {""key"": ""min"", ""type"": ""double"", ""value"": ""0""}, {""key"": ""max"", ""type"": ""double"", ""value"": ""1e10""}]}",metres per second,metres per second,waves/ui/oned/wavespace-general; waves/ui/oned/source; waves/ui/oned/wave-display-prop
Waves > 1D,Wave penetration space,waves/1d/wavespace/penetration,part-id-prefix,,,,,no,,,,,,,waves/ui/oned/wavespace-general; waves/ui/oned/source; waves/ui/oned/block; waves/ui/oned/wave-display-prop
Waves > 1D,Wave penetration space,waves/1d/wavespace/penetration,size,,point,,"(400,200)",no,,,,"{""label"": """", ""values"": [{""key"": """", ""type"": ""value-map"", ""value"": ""(180,80) (10000,10000)""}, {""key"": ""min"", ""type"": ""point"", ""value"": ""(180,80)""}, {""key"": ""max"", ""type"": ""point"", ""value"": ""(10000,10000)""}]}",,,waves/ui/oned/wavespace-general; waves/ui/oned/source; waves/ui/oned/block; waves/ui/oned/wave-display-prop
Waves > 1D,Wave penetration space,waves/1d/wavespace/penetration,outer-size,,point,computed,,no,,,,,,,waves/ui/oned/wavespace-general; waves/ui/oned/source; waves/ui/oned/block; waves/ui/oned/wave-display-prop
Waves > 1D,Wave penetration space,waves/1d/wavespace/penetration,physical-width,Width,double,computed,,no,,,,,picometer; nanometer; micrometer; millimeter; meter; kilometer,meter,waves/ui/oned/wavespace-general; waves/ui/oned/source; waves/ui/oned/block; waves/ui/oned/wave-display-prop
Waves > 1D,Wave penetration space,waves/1d/wavespace/penetration,freq-range,,string,,Light,no,,,,"{""label"": ""set-validator"", ""values"": [{""key"": """", ""type"": ""string-array"", ""value"": ""Light X-rays Gamma Water Sound""}, {""key"": """", ""type"": ""string"", ""value"": ""Light""}, {""key"": """", ""type"": ""string"", ""value"": ""X-rays""}, {""key"": """", ""type"": ""string"", ""value"": ""Gamma""}, {""key"": """", ""type"": ""string"", ""value"": ""Water""}, {""key"": """", ""type"": ""string"", ""value"": ""Sound""}]}",,,waves/ui/oned/wavespace-general; waves/ui/oned/source; waves/ui/oned/block; waves/ui/oned/wave-display-prop
Waves > 1D,Wave penetration space,waves/1d/wavespace/penetration,wave-time-proxy,Wavespace time,,"proxy, readonly",,no,,,,,,,waves/ui/oned/wavespace-general; waves/ui/oned/source; waves/ui/oned/block; waves/ui/oned/wave-display-prop
Waves > 1D,Wave penetration space,waves/1d/wavespace/penetration,pulse-type,Pulse type,,proxy,,no,,,,,,,waves/ui/oned/wavespace-general; waves/ui/oned/source; waves/ui/oned/block; waves/ui/oned/wave-display-prop
Waves > 1D,Wave penetration space,waves/1d/wavespace/penetration,pulse-length,Pulse length,,proxy,,no,,,,,,,waves/ui/oned/wavespace-general; waves/ui/oned/source; waves/ui/oned/block; waves/ui/oned/wave-display-prop
Waves > 1D,Wave penetration space,waves/1d/wavespace/penetration,pulse-gap,Pulse gap,,proxy,,no,,,,,,,waves/ui/oned/wavespace-general; waves/ui/oned/source; waves/ui/oned/block; waves/ui/oned/wave-display-prop
Waves > 1D,Wave penetration space,waves/1d/wavespace/penetration,wave-form,Waveform,,proxy,,no,,,,,,,waves/ui/oned/wavespace-general; waves/ui/oned/source; waves/ui/oned/block; waves/ui/oned/wave-display-prop
Waves > 1D,Wave penetration space,waves/1d/wavespace/penetration,period,Period,,proxy,,no,,,,,,,waves/ui/oned/wavespace-general; waves/ui/oned/source; waves/ui/oned/block; waves/ui/oned/wave-display-prop
Waves > 1D,Wave penetration space,waves/1d/wavespace/penetration,frequency,Frequency,,proxy,,no,,,,,,,waves/ui/oned/wavespace-general; waves/ui/oned/source; waves/ui/oned/block; waves/ui/oned/wave-display-prop
Waves > 1D,Wave penetration space,waves/1d/wavespace/penetration,wavelength,Wavelength,,proxy,,no,,,,,,,waves/ui/oned/wavespace-general; waves/ui/oned/source; waves/ui/oned/block; waves/ui/oned/wave-display-prop
Waves > 1D,Wave penetration space,waves/1d/wavespace/penetration,amplitude,Amplitude,,proxy,,no,,,,,,,waves/ui/oned/wavespace-general; waves/ui/oned/source; waves/ui/oned/block; waves/ui/oned/wave-display-prop
Waves > 1D,Wave penetration space,waves/1d/wavespace/penetration,displacement-at-source,Source displacement,,proxy,,no,,,,,,,waves/ui/oned/wavespace-general; waves/ui/oned/source; waves/ui/oned/block; waves/ui/oned/wave-display-prop
Waves > 1D,Wave penetration space,waves/1d/wavespace/penetration,wave-speed,Wave speed,double,computed,,no,,,,"{""label"": ""double-validator"", ""values"": [{""key"": """", ""type"": ""value-map"", ""value"": ""0 1e10""}, {""key"": ""min"", ""type"": ""double"", ""value"": ""0""}, {""key"": ""max"", ""type"": ""double"", ""value"": ""1e10""}]}",metres per second,metres per second,waves/ui/oned/wavespace-general; waves/ui/oned/source; waves/ui/oned/block; waves/ui/oned/wave-display-prop
Waves > 1D,Wave penetration space,waves/1d/wavespace/penetration,right-wave-speed,Wave speed in right block,,proxy,,no,,,,,,,waves/ui/oned/wavespace-general; waves/ui/oned/source; waves/ui/oned/block; waves/ui/oned/wave-display-prop
Waves > 1D,Wave penetration space,waves/1d/wavespace/penetration,right-wavelength,Wavelength in right block,,proxy,,no,,,,,,,waves/ui/oned/wavespace-general; waves/ui/oned/source; waves/ui/oned/block; waves/ui/oned/wave-display-prop
Waves > 1D,Wave penetration space,waves/1d/wavespace/penetration,left-wave-speed,Wave speed in left block,,proxy,,no,,,,,,,waves/ui/oned/wavespace-general; waves/ui/oned/source; waves/ui/oned/block; waves/ui/oned/wave-display-prop
Waves > 1D,Wave penetration space,waves/1d/wavespace/penetration,left-wavelength,Wavelength in left block,,proxy,,no,,,,,,,waves/ui/oned/wavespace-general; waves/ui/oned/source; waves/ui/oned/block; waves/ui/oned/wave-display-prop
Waves > 1D,Wave reflection space,waves/1d/wavespace/reflection,part-id-prefix,,,,,no,,,,,,,waves/ui/oned/wavespace-general; waves/ui/oned/source; waves/ui/oned/wave-display-refl
Waves > 1D,Wave reflection space,waves/1d/wavespace/reflection,size,,point,,"(400,200)",no,,,,"{""label"": """", ""values"": [{""key"": """", ""type"": ""value-map"", ""value"": ""(180,80) (10000,10000)""}, {""key"": ""min"", ""type"": ""point"", ""value"": ""(180,80)""}, {""key"": ""max"", ""type"": ""point"", ""value"": ""(10000,10000)""}]}",,,waves/ui/oned/wavespace-general; waves/ui/oned/source; waves/ui/oned/wave-display-refl
Waves > 1D,Wave reflection space,waves/1d/wavespace/reflection,outer-size,,point,computed,,no,,,,,,,waves/ui/oned/wavespace-general; waves/ui/oned/source; waves/ui/oned/wave-display-refl
Waves > 1D,Wave reflection space,waves/1d/wavespace/reflection,physical-width,Width,double,computed,,no,,,,,picometer; nanometer; micrometer; millimeter; meter; kilometer,meter,waves/ui/oned/wavespace-general; waves/ui/oned/source; waves/ui/oned/wave-display-refl
Waves > 1D,Wave reflection space,waves/1d/wavespace/reflection,freq-range,Space type,string,,Light,no,,,,"{""label"": ""set-validator"", ""values"": [{""key"": """", ""type"": ""string-array"", ""value"": ""Light Radio X-rays Ultraviolet Infrared Gamma Microwaves String Water Sound""}, {""key"": """", ""type"": ""string"", ""value"": ""Light""}, {""key"": """", ""type"": ""string"", ""value"": ""Radio""}, {""key"": """", ""type"": ""string"", ""value"": ""X-rays""}, {""key"": """", ""type"": ""string"", ""value"": ""Ultraviolet""}, {""key"": """", ""type"": ""string"", ""value"": ""Infrared""}, {""key"": """", ""type"": ""string"", ""value"": ""Gamma""}, {""key"": """", ""type"": ""string"", ""value"": ""Microwaves""}, {""key"": """", ""type"": ""string"", ""value"": ""String""}, {""key"": """", ""type"": ""string"", ""value"": ""Water""}, {""key"": """", ""type"": ""string"", ""value"": ""Sound""}]}",,,waves/ui/oned/wavespace-general; waves/ui/oned/source; waves/ui/oned/wave-display-refl
Waves > 1D,Wave reflection space,waves/1d/wavespace/reflection,wave-time-proxy,Wavespace time,,"proxy, readonly",,no,,,,,,,waves/ui/oned/wavespace-general; waves/ui/oned/source; waves/ui/oned/wave-display-refl
Waves > 1D,Wave reflection space,waves/1d/wavespace/reflection,pulse-type,Pulse type,,proxy,,no,,,,,,,waves/ui/oned/wavespace-general; waves/ui/oned/source; waves/ui/oned/wave-display-refl
Waves > 1D,Wave reflection space,waves/1d/wavespace/reflection,pulse-length,Pulse length,,proxy,,no,,,,,,,waves/ui/oned/wavespace-general; waves/ui/oned/source; waves/ui/oned/wave-display-refl
Waves > 1D,Wave reflection space,waves/1d/wavespace/reflection,pulse-gap,Pulse gap,,proxy,,no,,,,,,,waves/ui/oned/wavespace-general; waves/ui/oned/source; waves/ui/oned/wave-display-refl
Waves > 1D,Wave reflection space,waves/1d/wavespace/reflection,wave-form,Waveform,,proxy,,no,,,,,,,waves/ui/oned/wavespace-general; waves/ui/oned/source; waves/ui/oned/wave-display-refl
Waves > 1D,Wave reflection space,waves/1d/wavespace/reflection,period,Period,,proxy,,no,,,,,,,waves/ui/oned/wavespace-general; waves/ui/oned/source; waves/ui/oned/wave-display-refl
Waves > 1D,Wave reflection space,waves/1d/wavespace/reflection,frequency,Frequency,,proxy,,no,,,,,,,waves/ui/oned/wavespace-general; waves/ui/oned/source; waves/ui/oned/wave-display-refl
Waves > 1D,Wave reflection space,waves/1d/wavespace/reflection,wavelength,Wavelength,,proxy,,no,,,,,,,waves/ui/oned/wavespace-general; waves/ui/oned/source; waves/ui/oned/wave-display-refl
Waves > 1D,Wave reflection space,waves/1d/wavespace/reflection,amplitude,Amplitude,,proxy,,no,,,,,,,waves/ui/oned/wavespace-general; waves/ui/oned/source; waves/ui/oned/wave-display-refl
Waves > 1D,Wave reflection space,waves/1d/wavespace/reflection,displacement-at-source,Source displacement,,proxy,,no,,,,,,,waves/ui/oned/wavespace-general; waves/ui/oned/source; waves/ui/oned/wave-display-refl
Waves > 1D,Wave reflection space,waves/1d/wavespace/reflection,wave-speed,Wave speed,double,computed,,no,,,,"{""label"": ""double-validator"", ""values"": [{""key"": """", ""type"": ""value-map"", ""value"": ""0 1e10""}, {""key"": ""min"", ""type"": ""double"", ""value"": ""0""}, {""key"": ""max"", ""type"": ""double"", ""value"": ""1e10""}]}",metres per second,metres per second,waves/ui/oned/wavespace-general; waves/ui/oned/source; waves/ui/oned/wave-display-refl
Waves > 1D,Wave interference space,waves/1d/wavespace/interference,part-id-prefix,,,,,no,,,,,,,waves/ui/oned/wavespace-general; waves/ui/oned/source; waves/ui/oned/wave-display-inter
Waves > 1D,Wave interference space,waves/1d/wavespace/interference,size,,point,,"(400,200)",no,,,,"{""label"": """", ""values"": [{""key"": """", ""type"": ""value-map"", ""value"": ""(180,80) (10000,10000)""}, {""key"": ""min"", ""type"": ""point"", ""value"": ""(180,80)""}, {""key"": ""max"", ""type"": ""point"", ""value"": ""(10000,10000)""}]}",,,waves/ui/oned/wavespace-general; waves/ui/oned/source; waves/ui/oned/wave-display-inter
Waves > 1D,Wave interference space,waves/1d/wavespace/interference,outer-size,,point,computed,,no,,,,,,,waves/ui/oned/wavespace-general; waves/ui/oned/source; waves/ui/oned/wave-display-inter
Waves > 1D,Wave interference space,waves/1d/wavespace/interference,physical-width,Width,double,computed,,no,,,,,picometer; nanometer; micrometer; millimeter; meter; kilometer,meter,waves/ui/oned/wavespace-general; waves/ui/oned/source; waves/ui/oned/wave-display-inter
Waves > 1D,Wave interference space,waves/1d/wavespace/interference,freq-range,Space type,string,,Light,no,,,,"{""label"": ""set-validator"", ""values"": [{""key"": """", ""type"": ""string-array"", ""value"": ""Light Radio X-rays Ultraviolet Infrared Gamma Microwaves String Water Sound""}, {""key"": """", ""type"": ""string"", ""value"": ""Light""}, {""key"": """", ""type"": ""string"", ""value"": ""Radio""}, {""key"": """", ""type"": ""string"", ""value"": ""X-rays""}, {""key"": """", ""type"": ""string"", ""value"": ""Ultraviolet""}, {""key"": """", ""type"": ""string"", ""value"": ""Infrared""}, {""key"": """", ""type"": ""string"", ""value"": ""Gamma""}, {""key"": """", ""type"": ""string"", ""value"": ""Microwaves""}, {""key"": """", ""type"": ""string"", ""value"": ""String""}, {""key"": """", ""type"": ""string"", ""value"": ""Water""}, {""key"": """", ""type"": ""string"", ""value"": ""Sound""}]}",,,waves/ui/oned/wavespace-general; waves/ui/oned/source; waves/ui/oned/wave-display-inter
Waves > 1D,Wave interference space,waves/1d/wavespace/interference,wave-time-proxy,Wavespace time,,"proxy, readonly",,no,,,,,,,waves/ui/oned/wavespace-general; waves/ui/oned/source; waves/ui/oned/wave-display-inter
Waves > 1D,Wave interference space,waves/1d/wavespace/interference,pulse-type,Pulse type,,proxy,,no,,,,,,,waves/ui/oned/wavespace-general; waves/ui/oned/source; waves/ui/oned/wave-display-inter
Waves > 1D,Wave interference space,waves/1d/wavespace/interference,pulse-length,Pulse length,,proxy,,no,,,,,,,waves/ui/oned/wavespace-general; waves/ui/oned/source; waves/ui/oned/wave-display-inter
Waves > 1D,Wave interference space,waves/1d/wavespace/interference,pulse-gap,Pulse gap,,proxy,,no,,,,,,,waves/ui/oned/wavespace-general; waves/ui/oned/source; waves/ui/oned/wave-display-inter
Waves > 1D,Wave interference space,waves/1d/wavespace/interference,wave-form,Waveform,,proxy,,no,,,,,,,waves/ui/oned/wavespace-general; waves/ui/oned/source; waves/ui/oned/wave-display-inter
Waves > 1D,Wave interference space,waves/1d/wavespace/interference,period,Period,,proxy,,no,,,,,,,waves/ui/oned/wavespace-general; waves/ui/oned/source; waves/ui/oned/wave-display-inter
Waves > 1D,Wave interference space,waves/1d/wavespace/interference,frequency,Frequency,,proxy,,no,,,,,,,waves/ui/oned/wavespace-general; waves/ui/oned/source; waves/ui/oned/wave-display-inter
Waves > 1D,Wave interference space,waves/1d/wavespace/interference,wavelength,Wavelength,,proxy,,no,,,,,,,waves/ui/oned/wavespace-general; waves/ui/oned/source; waves/ui/oned/wave-display-inter
Waves > 1D,Wave interference space,waves/1d/wavespace/interference,amplitude,Amplitude,,proxy,,no,,,,,,,waves/ui/oned/wavespace-general; waves/ui/oned/source; waves/ui/oned/wave-display-inter
Waves > 1D,Wave interference space,waves/1d/wavespace/interference,displacement-at-source,Source displacement,,proxy,,no,,,,,,,waves/ui/oned/wavespace-general; waves/ui/oned/source; waves/ui/oned/wave-display-inter
Waves > 1D,Wave interference space,waves/1d/wavespace/interference,wave-speed,Wave speed,double,computed,,no,,,,"{""label"": ""double-validator"", ""values"": [{""key"": """", ""type"": ""value-map"", ""value"": ""0 1e10""}, {""key"": ""min"", ""type"": ""double"", ""value"": ""0""}, {""key"": ""max"", ""type"": ""double"", ""value"": ""1e10""}]}",metres per second,metres per second,waves/ui/oned/wavespace-general; waves/ui/oned/source; waves/ui/oned/wave-display-inter
Waves > 1D,Wave interference space,waves/1d/wavespace/interference,right-pulse-type,Right pulse type,,proxy,,no,,,,,,,waves/ui/oned/wavespace-general; waves/ui/oned/source; waves/ui/oned/wave-display-inter
Waves > 1D,Wave interference space,waves/1d/wavespace/interference,right-pulse-length,Right pulse length,,proxy,,no,,,,,,,waves/ui/oned/wavespace-general; waves/ui/oned/source; waves/ui/oned/wave-display-inter
Waves > 1D,Wave interference space,waves/1d/wavespace/interference,right-pulse-gap,Right pulse gap,,proxy,,no,,,,,,,waves/ui/oned/wavespace-general; waves/ui/oned/source; waves/ui/oned/wave-display-inter
Waves > 1D,Wave interference space,waves/1d/wavespace/interference,right-wave-form,Right waveform,,proxy,,no,,,,,,,waves/ui/oned/wavespace-general; waves/ui/oned/source; waves/ui/oned/wave-display-inter
Waves > 1D,Wave interference space,waves/1d/wavespace/interference,right-period,Right period,,proxy,,no,,,,,,,waves/ui/oned/wavespace-general; waves/ui/oned/source; waves/ui/oned/wave-display-inter
Waves > 1D,Wave interference space,waves/1d/wavespace/interference,right-frequency,Right frequency,,proxy,,no,,,,,,,waves/ui/oned/wavespace-general; waves/ui/oned/source; waves/ui/oned/wave-display-inter
Waves > 1D,Wave interference space,waves/1d/wavespace/interference,right-wavelength,Right wavelength,,proxy,,no,,,,,,,waves/ui/oned/wavespace-general; waves/ui/oned/source; waves/ui/oned/wave-display-inter
Waves > 1D,Wave interference space,waves/1d/wavespace/interference,right-amplitude,Right amplitude,,proxy,,no,,,,,,,waves/ui/oned/wavespace-general; waves/ui/oned/source; waves/ui/oned/wave-display-inter
Waves > 1D,Wave interference space,waves/1d/wavespace/interference,right-displacement-at-source,Right source displacement,,proxy,,no,,,,,,,waves/ui/oned/wavespace-general; waves/ui/oned/source; waves/ui/oned/wave-display-inter
Waves > 1D,Wave pinned space,waves/1d/wavespace/pinned,part-id-prefix,,,,,no,,,,,,,waves/ui/oned/wavespace-general; waves/ui/oned/source; waves/ui/oned/wave-display-refl
Waves > 1D,Wave pinned space,waves/1d/wavespace/pinned,size,,point,,"(400,200)",no,,,,"{""label"": """", ""values"": [{""key"": """", ""type"": ""value-map"", ""value"": ""(180,80) (10000,10000)""}, {""key"": ""min"", ""type"": ""point"", ""value"": ""(180,80)""}, {""key"": ""max"", ""type"": ""point"", ""value"": ""(10000,10000)""}]}",,,waves/ui/oned/wavespace-general; waves/ui/oned/source; waves/ui/oned/wave-display-refl
Waves > 1D,Wave pinned space,waves/1d/wavespace/pinned,outer-size,,point,computed,,no,,,,,,,waves/ui/oned/wavespace-general; waves/ui/oned/source; waves/ui/oned/wave-display-refl
Waves > 1D,Wave pinned space,waves/1d/wavespace/pinned,physical-width,Width,double,computed,,no,,,,,picometer; nanometer; micrometer; millimeter; meter; kilometer,meter,waves/ui/oned/wavespace-general; waves/ui/oned/source; waves/ui/oned/wave-display-refl
Waves > 1D,Wave pinned space,waves/1d/wavespace/pinned,freq-range,,,,String,no,,,,"{""label"": ""set-validator"", ""values"": [{""key"": """", ""type"": ""string-array"", ""value"": ""String Sound""}, {""key"": """", ""type"": ""string"", ""value"": ""String""}, {""key"": """", ""type"": ""string"", ""value"": ""Sound""}]}",,,waves/ui/oned/wavespace-general; waves/ui/oned/source; waves/ui/oned/wave-display-refl
Waves > 1D,Wave pinned space,waves/1d/wavespace/pinned,wave-time-proxy,Wavespace time,,"proxy, readonly",,no,,,,,,,waves/ui/oned/wavespace-general; waves/ui/oned/source; waves/ui/oned/wave-display-refl
Waves > 1D,Wave pinned space,waves/1d/wavespace/pinned,pulse-type,Pulse type,,proxy,,no,,,,,,,waves/ui/oned/wavespace-general; waves/ui/oned/source; waves/ui/oned/wave-display-refl
Waves > 1D,Wave pinned space,waves/1d/wavespace/pinned,pulse-length,Pulse length,,proxy,,no,,,,,,,waves/ui/oned/wavespace-general; waves/ui/oned/source; waves/ui/oned/wave-display-refl
Waves > 1D,Wave pinned space,waves/1d/wavespace/pinned,pulse-gap,Pulse gap,,proxy,,no,,,,,,,waves/ui/oned/wavespace-general; waves/ui/oned/source; waves/ui/oned/wave-display-refl
Waves > 1D,Wave pinned space,waves/1d/wavespace/pinned,wave-form,Waveform,,proxy,,no,,,,,,,waves/ui/oned/wavespace-general; waves/ui/oned/source; waves/ui/oned/wave-display-refl
Waves > 1D,Wave pinned space,waves/1d/wavespace/pinned,period,Period,,proxy,,no,,,,,,,waves/ui/oned/wavespace-general; waves/ui/oned/source; waves/ui/oned/wave-display-refl
Waves > 1D,Wave pinned space,waves/1d/wavespace/pinned,frequency,Frequency,,proxy,,no,,,,,,,waves/ui/oned/wavespace-general; waves/ui/oned/source; waves/ui/oned/wave-display-refl
Waves > 1D,Wave pinned space,waves/1d/wavespace/pinned,wavelength,Wavelength,,proxy,,no,,,,,,,waves/ui/oned/wavespace-general; waves/ui/oned/source; waves/ui/oned/wave-display-refl
Waves > 1D,Wave pinned space,waves/1d/wavespace/pinned,amplitude,Amplitude,,proxy,,no,,,,,,,waves/ui/oned/wavespace-general; waves/ui/oned/source; waves/ui/oned/wave-display-refl
Waves > 1D,Wave pinned space,waves/1d/wavespace/pinned,displacement-at-source,Source displacement,,proxy,,no,,,,,,,waves/ui/oned/wavespace-general; waves/ui/oned/source; waves/ui/oned/wave-display-refl
Waves > 1D,Wave pinned space,waves/1d/wavespace/pinned,wave-speed,Wave speed,double,computed,,no,,,,"{""label"": ""double-validator"", ""values"": [{""key"": """", ""type"": ""value-map"", ""value"": ""0 1e10""}, {""key"": ""min"", ""type"": ""double"", ""value"": ""0""}, {""key"": ""max"", ""type"": ""double"", ""value"": ""1e10""}]}",metres per second,metres per second,waves/ui/oned/wavespace-general; waves/ui/oned/source; waves/ui/oned/wave-display-refl
Waves > 1D,Wave plucking space,waves/1d/wavespace/plucking,part-id-prefix,,,,,no,,,,,,,waves/ui/oned/wave-plucking
Waves > 1D,Wave plucking space,waves/1d/wavespace/plucking,size,,point,,"(400,200)",no,,,,"{""label"": """", ""values"": [{""key"": """", ""type"": ""value-map"", ""value"": ""(180,80) (10000,10000)""}, {""key"": ""min"", ""type"": ""point"", ""value"": ""(180,80)""}, {""key"": ""max"", ""type"": ""point"", ""value"": ""(10000,10000)""}]}",,,waves/ui/oned/wave-plucking
Waves > 1D,Wave plucking space,waves/1d/wavespace/plucking,outer-size,,point,computed,,no,,,,,,,waves/ui/oned/wave-plucking
Waves > 1D,Wave plucking space,waves/1d/wavespace/plucking,physical-width,Width,double,,,no,,,,,meter,meter,waves/ui/oned/wave-plucking
Waves > 1D,Wave plucking space,waves/1d/wavespace/plucking,freq-range,Space type,string,,String,no,,,,"{""label"": ""set-validator"", ""values"": [{""key"": """", ""type"": ""string-array"", ""value"": ""String""}, {""key"": """", ""type"": ""string"", ""value"": ""String""}]}",,,waves/ui/oned/wave-plucking
Waves > 1D,Wave plucking space,waves/1d/wavespace/plucking,wave-time-proxy,Wavespace time,,"proxy, readonly",,no,,,,,,,waves/ui/oned/wave-plucking
Waves > 1D,Wave plucking space,waves/1d/wavespace/plucking,damping,Damping,double,,0.0,no,,,,"{""label"": """", ""values"": [{""key"": """", ""type"": ""value-map"", ""value"": ""0 100""}, {""key"": ""min"", ""type"": ""double"", ""value"": ""0""}, {""key"": ""max"", ""type"": ""double"", ""value"": ""100""}]}",,,waves/ui/oned/wave-plucking
Waves > 1D,Wave plucking space,waves/1d/wavespace/plucking,tension,Tension,double,,5.0,no,,,,"{""label"": """", ""values"": [{""key"": """", ""type"": ""value-map"", ""value"": ""1.0 10.0""}, {""key"": ""min"", ""type"": ""double"", ""value"": ""1.0""}, {""key"": ""max"", ""type"": ""double"", ""value"": ""10.0""}]}",newton,newton,waves/ui/oned/wave-plucking
Waves > 1D,Wave plucking space,waves/1d/wavespace/plucking,harmonic-as-string,Harmonic,string,,1st,no,,,,"{""label"": ""set-validator"", ""values"": [{""key"": """", ""type"": ""string-array"", ""value"": ""1st 2nd 3rd 4th 5th 6th 7th 8th 9th 10th""}, {""key"": """", ""type"": ""string"", ""value"": ""1st""}, {""key"": """", ""type"": ""string"", ""value"": ""2nd""}, {""key"": """", ""type"": ""string"", ""value"": ""3rd""}, {""key"": """", ""type"": ""string"", ""value"": ""4th""}, {""key"": """", ""type"": ""string"", ""value"": ""5th""}, {""key"": """", ""type"": ""string"", ""value"": ""6th""}, {""key"": """", ""type"": ""string"", ""value"": ""7th""}, {""key"": """", ""type"": ""string"", ""value"": ""8th""}, {""key"": """", ""type"": ""string"", ""value"": ""9th""}, {""key"": """", ""type"": ""string"", ""value"": ""10th""}]}",,,waves/ui/oned/wave-plucking
Waves > 1D,Wave plucking space,waves/1d/wavespace/plucking,harmonic-as-int,Harmonic,int,,1,no,,,,"{""label"": """", ""values"": [{""key"": """", ""type"": ""value-map"", ""value"": ""1 10""}, {""key"": ""min"", ""type"": ""int"", ""value"": ""1""}, {""key"": ""max"", ""type"": ""int"", ""value"": ""10""}]}",,,waves/ui/oned/wave-plucking
Waves > 1D,Wave plucking space,waves/1d/wavespace/plucking,harmonic-frequency-tuned-with,Harmonic frequency,double,,0,no,,,,,hertz,hertz,waves/ui/oned/wave-plucking
Waves > 2D,Electromagnetic wavespace,waves/em-wavespace2-holder,part-id-prefix,,,,,no,,,,,,,waves/ui/move-to-wavespace
Waves > 2D,Electromagnetic wavespace,waves/em-wavespace2-holder,visible,,bool,,true,no,,,,,,,waves/ui/move-to-wavespace
Waves > 2D,Electromagnetic wavespace,waves/em-wavespace2-holder,wave-type,,,,Electromagnetic,no,,,,,,,waves/ui/move-to-wavespace
Waves > 2D,Electromagnetic wavespace,waves/em-wavespace2-holder,freq-range,,,,Light,no,,,,"{""label"": ""set-validator"", ""values"": [{""key"": """", ""type"": ""string-array"", ""value"": ""Gamma X-Rays Ultraviolet Light Infrared Microwaves UHF-Radio VHF-Radio MW-Radio LW-Radio""}, {""key"": """", ""type"": ""string"", ""value"": ""Gamma""}, {""key"": """", ""type"": ""string"", ""value"": ""X-Rays""}, {""key"": """", ""type"": ""string"", ""value"": ""Ultraviolet""}, {""key"": """", ""type"": ""string"", ""value"": ""Light""}, {""key"": """", ""type"": ""string"", ""value"": ""Infrared""}, {""key"": """", ""type"": ""string"", ""value"": ""Microwaves""}, {""key"": """", ""type"": ""string"", ""value"": ""UHF-Radio""}, {""key"": """", ""type"": ""string"", ""value"": ""VHF-Radio""}, {""key"": """", ""type"": ""string"", ""value"": ""MW-Radio""}, {""key"": """", ""type"": ""string"", ""value"": ""LW-Radio""}]}",,,waves/ui/move-to-wavespace
Waves > 2D,Electromagnetic wavespace,waves/em-wavespace2-holder,medium,,,,Vacuum,no,,,,"{""label"": ""set-validator"", ""values"": [{""key"": """", ""type"": ""string-array"", ""value"": ""Vacuum Air""}, {""key"": """", ""type"": ""string"", ""value"": ""Vacuum""}, {""key"": """", ""type"": ""string"", ""value"": ""Air""}]}",,,waves/ui/move-to-wavespace
Waves > 2D,Electromagnetic wavespace,waves/em-wavespace2-holder,wave-speed,Wave speed,double,computed,,no,,,,,metres per second; kilometres per second; kilometres per hour,metres per second,waves/ui/move-to-wavespace
Waves > 2D,Electromagnetic wavespace,waves/em-wavespace2-holder,wave-time,Wavespace time,double,computed,,no,,,,,zeptosecond; attosecond; femtosecond; picosecond; nanosecond; microsecond; millisecond; second,second,waves/ui/move-to-wavespace
Waves > 2D,Electromagnetic wavespace,waves/em-wavespace2-holder,min-displacement-to-plot,Hide waves smaller than,double,,,no,,,,,meter,meter,waves/ui/move-to-wavespace
Waves > 2D,Electromagnetic wavespace,waves/em-wavespace2-holder,reflecting-boundary,Reflecting walls,bool,,false,no,,,,,,,waves/ui/move-to-wavespace
Waves > 2D,Electromagnetic wavespace,waves/em-wavespace2-holder,try-reduce-reflections,Try to hide reflections,bool,,true,no,,,,,,,waves/ui/move-to-wavespace
Waves > 2D,Electromagnetic wavespace,waves/em-wavespace2-holder,wave-color,Wave colour,color,,#ffffff,no,,,,,,,waves/ui/move-to-wavespace
Waves > 2D,Electromagnetic wavespace,waves/em-wavespace2-holder,auto-set-wave-color,,bool,,true,no,,,,,,,waves/ui/move-to-wavespace
Waves > 2D,Electromagnetic wavespace,waves/em-wavespace2-holder,background-color,Background colour,,proxy,,no,,,,,,,waves/ui/move-to-wavespace
Waves > 2D,Electromagnetic wavespace,waves/em-wavespace2-holder,background-image,Background image,,proxy,,no,,,,,,,waves/ui/move-to-wavespace
Waves > 2D,Sound wavespace,waves/sound-wavespace2-holder,part-id-prefix,,,,,no,,,,,,,waves/ui/move-to-wavespace
Waves > 2D,Sound wavespace,waves/sound-wavespace2-holder,visible,,bool,,true,no,,,,,,,waves/ui/move-to-wavespace
Waves > 2D,Sound wavespace,waves/sound-wavespace2-holder,wave-type,,,,Sound,no,,,,,,,waves/ui/move-to-wavespace
Waves > 2D,Sound wavespace,waves/sound-wavespace2-holder,freq-range,,,,Sound,no,,,,"{""label"": ""set-validator"", ""values"": [{""key"": """", ""type"": ""string-array"", ""value"": ""Sound""}, {""key"": """", ""type"": ""string"", ""value"": ""Sound""}]}",,,waves/ui/move-to-wavespace
Waves > 2D,Sound wavespace,waves/sound-wavespace2-holder,medium,,,,Air,no,,,,"{""label"": ""set-validator"", ""values"": [{""key"": """", ""type"": ""string-array"", ""value"": ""Air Water""}, {""key"": """", ""type"": ""string"", ""value"": ""Air""}, {""key"": """", ""type"": ""string"", ""value"": ""Water""}]}",,,waves/ui/move-to-wavespace
Waves > 2D,Sound wavespace,waves/sound-wavespace2-holder,wave-speed,Wave speed,double,computed,,no,,,,,metres per second; kilometres per second; kilometres per hour,metres per second,waves/ui/move-to-wavespace
Waves > 2D,Sound wavespace,waves/sound-wavespace2-holder,wave-time,Wavespace time,double,computed,,no,,,,,zeptosecond; attosecond; femtosecond; picosecond; nanosecond; microsecond; millisecond; second,second,waves/ui/move-to-wavespace
Waves > 2D,Sound wavespace,waves/sound-wavespace2-holder,mapping-function-shape,,,,-1.5,no,,,,,,,waves/ui/move-to-wavespace
Waves > 2D,Sound wavespace,waves/sound-wavespace2-holder,min-displacement-to-plot,Hide waves smaller than,double,,,no,,,,,meter,meter,waves/ui/move-to-wavespace
Waves > 2D,Sound wavespace,waves/sound-wavespace2-holder,reflecting-boundary,Reflecting walls,bool,,false,no,,,,,,,waves/ui/move-to-wavespace
Waves > 2D,Sound wavespace,waves/sound-wavespace2-holder,try-reduce-reflections,Try to hide reflections,bool,,true,no,,,,,,,waves/ui/move-to-wavespace
Waves > 2D,Sound wavespace,waves/sound-wavespace2-holder,wave-color,,color,,#060606,no,,,,,,,waves/ui/move-to-wavespace
Waves > 2D,Sound wavespace,waves/sound-wavespace2-holder,background-color,Background colour,,proxy,,no,,,,,,,waves/ui/move-to-wavespace
Waves > 2D,Sound wavespace,waves/sound-wavespace2-holder,background-image,Background image,,proxy,,no,,,,,,,waves/ui/move-to-wavespace
Waves > 2D,Water wavespace,waves/water-wavespace2-holder,part-id-prefix,,,,,no,,,,,,,waves/ui/move-to-wavespace
Waves > 2D,Water wavespace,waves/water-wavespace2-holder,visible,,bool,,true,no,,,,,,,waves/ui/move-to-wavespace
Waves > 2D,Water wavespace,waves/water-wavespace2-holder,wave-type,,,,Water,no,,,,,,,waves/ui/move-to-wavespace
Waves > 2D,Water wavespace,waves/water-wavespace2-holder,freq-range,,,,Water,no,,,,"{""label"": ""set-validator"", ""values"": [{""key"": """", ""type"": ""string-array"", ""value"": ""Water""}, {""key"": """", ""type"": ""string"", ""value"": ""Water""}]}",,,waves/ui/move-to-wavespace
Waves > 2D,Water wavespace,waves/water-wavespace2-holder,wave-speed,Wave speed,double,computed,,no,,,,,metres per second; kilometres per second; kilometres per hour,metres per second,waves/ui/move-to-wavespace
Waves > 2D,Water wavespace,waves/water-wavespace2-holder,wave-time,Wavespace time,double,computed,,no,,,,,zeptosecond; attosecond; femtosecond; picosecond; nanosecond; microsecond; millisecond; second,second,waves/ui/move-to-wavespace
Waves > 2D,Water wavespace,waves/water-wavespace2-holder,min-displacement-to-plot,Hide waves smaller than,double,,,no,,,,,meter,meter,waves/ui/move-to-wavespace
Waves > 2D,Water wavespace,waves/water-wavespace2-holder,reflecting-boundary,Reflecting walls,bool,,false,no,,,,,,,waves/ui/move-to-wavespace
Waves > 2D,Water wavespace,waves/water-wavespace2-holder,try-reduce-reflections,Try to hide reflections,bool,,true,no,,,,,,,waves/ui/move-to-wavespace
Waves > 2D,Water wavespace,waves/water-wavespace2-holder,wave-color,,color,,#50c8ff,no,,,,,,,waves/ui/move-to-wavespace
Waves > 2D,Water wavespace,waves/water-wavespace2-holder,background-color,Background colour,,proxy,,no,,,,,,,waves/ui/move-to-wavespace
Waves > 2D,Water wavespace,waves/water-wavespace2-holder,background-image,Background image,,proxy,,no,,,,,,,waves/ui/move-to-wavespace
Waves > 2D > Sources,Point Source,waves/point-source,pulse-type,Source,string,,Continuous,no,,,,"{""label"": ""set-validator"", ""values"": [{""key"": """", ""type"": ""string-array"", ""value"": ""Continuous Full pulse""}, {""key"": """", ""type"": ""string"", ""value"": ""Continuous""}, {""key"": """", ""type"": ""string"", ""value"": ""Full pulse""}]}",,,waves/ui/move-to-wavespace
Waves > 2D > Sources,Point Source,waves/point-source,pulse-length,Pulse length,double,writable-computed,,no,,,,,nanometer,meter,waves/ui/move-to-wavespace
Waves > 2D > Sources,Point Source,waves/point-source,pulse-gap,Pulse gap,int,,1,no,,,,"{""label"": """", ""values"": [{""key"": """", ""type"": ""value-map"", ""value"": ""0 50""}, {""key"": ""min"", ""type"": ""int"", ""value"": ""0""}, {""key"": ""max"", ""type"": ""int"", ""value"": ""50""}]}",,,waves/ui/move-to-wavespace
Waves > 2D > Sources,Point Source,waves/point-source,phase,Phase,double,,0.0,no,,,,"{""label"": ""double-validator"", ""values"": [{""key"": """", ""type"": ""value-map"", ""value"": ""0.0 2.0 * PI""}, {""key"": ""min"", ""type"": ""double"", ""value"": ""0.0""}, {""key"": ""max"", ""type"": ""double"", ""value"": ""2.0 * PI""}]}",degree,degree,waves/ui/move-to-wavespace
Waves > 2D > Sources,Point Source,waves/point-source,instantaneous-phase,Instantaneous phase,double,computed,,no,,,,"{""label"": ""double-validator"", ""values"": [{""key"": """", ""type"": ""value-map"", ""value"": ""0.0 2.0 * PI""}, {""key"": ""min"", ""type"": ""double"", ""value"": ""0.0""}, {""key"": ""max"", ""type"": ""double"", ""value"": ""2.0 * PI""}]}",degree,degree,waves/ui/move-to-wavespace
Waves > 2D > Sources,Point Source,waves/point-source,frequency,Frequency,double,,5.5e14,no,,,,,hertz; kilohertz; megahertz; gigahertz; terahertz,hertz,waves/ui/move-to-wavespace
Waves > 2D > Sources,Point Source,waves/point-source,wavelength,Wavelength,double,writable-computed,,no,,,,,nanometer,meter,waves/ui/move-to-wavespace
Waves > 2D > Sources,Point Source,waves/point-source,color,Colour,color,writable-computed,#00ff00,no,,,,"{""label"": ""set-validator"", ""values"": [{""key"": """", ""type"": ""string-array"", ""value"": ""#00ff00""}, {""key"": """", ""type"": ""string"", ""value"": ""#00ff00""}]}",,,waves/ui/move-to-wavespace
Waves > 2D > Sources,Point Source,waves/point-source,displacement,Displacement,,mutable-proxy,,no,,,,,,,waves/ui/move-to-wavespace
Waves > 2D > Sources,Point Source,waves/point-source,amplitude,Amplitude,,mutable-proxy,,no,,,,,,,waves/ui/move-to-wavespace
Waves > 2D > Sources,Point Source,waves/point-source,speed,Source speed,double,writable-computed,,no,,,,"{""label"": ""double-validator"", ""values"": [{""key"": """", ""type"": ""value-map"", ""value"": ""0.0 299792458.0""}, {""key"": ""min"", ""type"": ""double"", ""value"": ""0.0""}, {""key"": ""max"", ""type"": ""double"", ""value"": ""299792458.0""}]}",metres per second; kilometres per second,metres per second,waves/ui/move-to-wavespace
Waves > 2D > Sources,Point Source,waves/point-source,bearing,Source bearing,double,writable-computed,,no,,,,"{""label"": ""double-validator"", ""values"": [{""key"": """", ""type"": ""value-map"", ""value"": ""-PI PI""}, {""key"": ""min"", ""type"": ""double"", ""value"": ""-PI""}, {""key"": ""max"", ""type"": ""double"", ""value"": ""PI""}]}",degree; radian,degree,waves/ui/move-to-wavespace
Waves > 2D > Sources,Line Source,waves/line-source,pulse-type,Source,string,,Continuous,no,,,,"{""label"": ""set-validator"", ""values"": [{""key"": """", ""type"": ""string-array"", ""value"": ""Continuous Full pulse""}, {""key"": """", ""type"": ""string"", ""value"": ""Continuous""}, {""key"": """", ""type"": ""string"", ""value"": ""Full pulse""}]}",,,waves/ui/move-to-wavespace
Waves > 2D > Sources,Line Source,waves/line-source,pulse-length,Pulse length,double,writable-computed,,no,,,,,nanometer,meter,waves/ui/move-to-wavespace
Waves > 2D > Sources,Line Source,waves/line-source,pulse-gap,Pulse gap,int,,1,no,,,,"{""label"": """", ""values"": [{""key"": """", ""type"": ""value-map"", ""value"": ""0 50""}, {""key"": ""min"", ""type"": ""int"", ""value"": ""0""}, {""key"": ""max"", ""type"": ""int"", ""value"": ""50""}]}",,,waves/ui/move-to-wavespace
Waves > 2D > Sources,Line Source,waves/line-source,phase,Phase,double,,0.0,no,,,,"{""label"": ""double-validator"", ""values"": [{""key"": """", ""type"": ""value-map"", ""value"": ""0.0 2.0 * PI""}, {""key"": ""min"", ""type"": ""double"", ""value"": ""0.0""}, {""key"": ""max"", ""type"": ""double"", ""value"": ""2.0 * PI""}]}",degree,degree,waves/ui/move-to-wavespace
Waves > 2D > Sources,Line Source,waves/line-source,instantaneous-phase,Instantaneous phase,double,computed,,no,,,,"{""label"": ""double-validator"", ""values"": [{""key"": """", ""type"": ""value-map"", ""value"": ""0.0 2.0 * PI""}, {""key"": ""min"", ""type"": ""double"", ""value"": ""0.0""}, {""key"": ""max"", ""type"": ""double"", ""value"": ""2.0 * PI""}]}",degree,degree,waves/ui/move-to-wavespace
Waves > 2D > Sources,Line Source,waves/line-source,frequency,Frequency,double,,5.5e14,no,,,,,hertz; kilohertz; megahertz; gigahertz; terahertz,hertz,waves/ui/move-to-wavespace
Waves > 2D > Sources,Line Source,waves/line-source,wavelength,Wavelength,double,writable-computed,,no,,,,,nanometer,meter,waves/ui/move-to-wavespace
Waves > 2D > Sources,Line Source,waves/line-source,color,Colour,color,writable-computed,#00ff00,no,,,,"{""label"": ""set-validator"", ""values"": [{""key"": """", ""type"": ""string-array"", ""value"": ""#00ff00""}, {""key"": """", ""type"": ""string"", ""value"": ""#00ff00""}]}",,,waves/ui/move-to-wavespace
Waves > 2D > Sources,Line Source,waves/line-source,displacement,Displacement,,mutable-proxy,,no,,,,,,,waves/ui/move-to-wavespace
Waves > 2D > Sources,Line Source,waves/line-source,amplitude,Amplitude,,mutable-proxy,,no,,,,,,,waves/ui/move-to-wavespace
Waves > 2D > Sources,Line Source,waves/line-source,speed,Source speed,double,writable-computed,,no,,,,"{""label"": ""double-validator"", ""values"": [{""key"": """", ""type"": ""value-map"", ""value"": ""0.0 299792458.0""}, {""key"": ""min"", ""type"": ""double"", ""value"": ""0.0""}, {""key"": ""max"", ""type"": ""double"", ""value"": ""299792458.0""}]}",metres per second; kilometres per second,metres per second,waves/ui/move-to-wavespace
Waves > 2D > Sources,Line Source,waves/line-source,bearing,Source bearing,double,writable-computed,,no,,,,"{""label"": ""double-validator"", ""values"": [{""key"": """", ""type"": ""value-map"", ""value"": ""-PI PI""}, {""key"": ""min"", ""type"": ""double"", ""value"": ""-PI""}, {""key"": ""max"", ""type"": ""double"", ""value"": ""PI""}]}",degree; radian,degree,waves/ui/move-to-wavespace
Waves > 2D > Sources,Line Source,waves/line-source,move-start-notifier,,bool,"computed, always-notify",,no,,,,,,,waves/ui/move-to-wavespace
Waves > 2D > Sources,Moving Point Source,waves/moving-point-source,pulse-type,Source,string,,Continuous,no,,,,"{""label"": ""set-validator"", ""values"": [{""key"": """", ""type"": ""string-array"", ""value"": ""Continuous Full pulse""}, {""key"": """", ""type"": ""string"", ""value"": ""Continuous""}, {""key"": """", ""type"": ""string"", ""value"": ""Full pulse""}]}",,,waves/ui/move-to-wavespace
Waves > 2D > Sources,Moving Point Source,waves/moving-point-source,pulse-length,Pulse length,double,writable-computed,,no,,,,,nanometer,meter,waves/ui/move-to-wavespace
Waves > 2D > Sources,Moving Point Source,waves/moving-point-source,pulse-gap,Pulse gap,int,,1,no,,,,"{""label"": """", ""values"": [{""key"": """", ""type"": ""value-map"", ""value"": ""0 50""}, {""key"": ""min"", ""type"": ""int"", ""value"": ""0""}, {""key"": ""max"", ""type"": ""int"", ""value"": ""50""}]}",,,waves/ui/move-to-wavespace
Waves > 2D > Sources,Moving Point Source,waves/moving-point-source,phase,Phase,double,,0.0,no,,,,"{""label"": ""double-validator"", ""values"": [{""key"": """", ""type"": ""value-map"", ""value"": ""0.0 2.0 * PI""}, {""key"": ""min"", ""type"": ""double"", ""value"": ""0.0""}, {""key"": ""max"", ""type"": ""double"", ""value"": ""2.0 * PI""}]}",degree,degree,waves/ui/move-to-wavespace
Waves > 2D > Sources,Moving Point Source,waves/moving-point-source,instantaneous-phase,Instantaneous phase,double,computed,,no,,,,"{""label"": ""double-validator"", ""values"": [{""key"": """", ""type"": ""value-map"", ""value"": ""0.0 2.0 * PI""}, {""key"": ""min"", ""type"": ""double"", ""value"": ""0.0""}, {""key"": ""max"", ""type"": ""double"", ""value"": ""2.0 * PI""}]}",degree,degree,waves/ui/move-to-wavespace
Waves > 2D > Sources,Moving Point Source,waves/moving-point-source,frequency,Frequency,double,,5.5e14,no,,,,,hertz; kilohertz; megahertz; gigahertz; terahertz,hertz,waves/ui/move-to-wavespace
Waves > 2D > Sources,Moving Point Source,waves/moving-point-source,wavelength,Wavelength,double,writable-computed,,no,,,,,nanometer,meter,waves/ui/move-to-wavespace
Waves > 2D > Sources,Moving Point Source,waves/moving-point-source,color,Colour,color,writable-computed,#00ff00,no,,,,"{""label"": ""set-validator"", ""values"": [{""key"": """", ""type"": ""string-array"", ""value"": ""#00ff00""}, {""key"": """", ""type"": ""string"", ""value"": ""#00ff00""}]}",,,waves/ui/move-to-wavespace
Waves > 2D > Sources,Moving Point Source,waves/moving-point-source,displacement,Displacement,,mutable-proxy,,no,,,,,,,waves/ui/move-to-wavespace
Waves > 2D > Sources,Moving Point Source,waves/moving-point-source,amplitude,Amplitude,,mutable-proxy,,no,,,,,,,waves/ui/move-to-wavespace
Waves > 2D > Sources,Moving Point Source,waves/moving-point-source,auto-move,,,,true,no,,,,,,,waves/ui/move-to-wavespace
Waves > 2D > Sources,Moving Point Source,waves/moving-point-source,speed,Source speed,double,writable-computed,,no,,,,"{""label"": ""double-validator"", ""values"": [{""key"": """", ""type"": ""value-map"", ""value"": ""0.0 299792458.0""}, {""key"": ""min"", ""type"": ""double"", ""value"": ""0.0""}, {""key"": ""max"", ""type"": ""double"", ""value"": ""299792458.0""}]}",metres per second; kilometres per second,metres per second,waves/ui/move-to-wavespace
Waves > 2D > Sources,Moving Point Source,waves/moving-point-source,bearing,Source bearing,double,writable-computed,,no,,,,"{""label"": ""double-validator"", ""values"": [{""key"": """", ""type"": ""value-map"", ""value"": ""-PI PI""}, {""key"": ""min"", ""type"": ""double"", ""value"": ""-PI""}, {""key"": ""max"", ""type"": ""double"", ""value"": ""PI""}]}",degree; radian,degree,waves/ui/move-to-wavespace
Waves > 2D > Reflectors,Plane Reflector,waves/plane-reflector,part-id-prefix,,,,,no,,,,,,,waves/ui/move-to-wavespace
Waves > 2D > Reflectors,Plane Reflector,waves/plane-reflector,material,,string,ui-hidden,Reflecting,no,,,,"{""label"": ""set-validator"", ""values"": [{""key"": """", ""type"": ""string-array"", ""value"": ""Reflecting""}, {""key"": """", ""type"": ""string"", ""value"": ""Reflecting""}]}",,,waves/ui/move-to-wavespace
Waves > 2D > Reflectors,Plane Reflector,waves/plane-reflector,wave-speed-parameter,,double,,,no,,,,,,,waves/ui/move-to-wavespace
Waves > 2D > Reflectors,Plane Reflector,waves/plane-reflector,damping-coeff-as-percentage,Damping,double,,,no,,,,"{""label"": ""double-validator"", ""values"": [{""key"": """", ""type"": ""value-map"", ""value"": ""0 100""}, {""key"": ""min"", ""type"": ""double"", ""value"": ""0""}, {""key"": ""max"", ""type"": ""double"", ""value"": ""100""}]}",,,waves/ui/move-to-wavespace
Waves > 2D > Reflectors,Plane Reflector,waves/plane-reflector,must-reflect,,,,true,no,,,,,,,waves/ui/move-to-wavespace
Waves > 2D > Obstacles,Block,waves/rect-obstacle,part-id-prefix,,,,,no,,,,,,,waves/ui/move-to-wavespace
Waves > 2D > Obstacles,Block,waves/rect-obstacle,material,Material,string,,,no,,,,"{""label"": ""set-validator"", ""values"": [{""key"": """", ""type"": ""string-array"", ""value"": ""none""}, {""key"": """", ""type"": ""string"", ""value"": ""none""}]}",,,waves/ui/move-to-wavespace
Waves > 2D > Obstacles,Block,waves/rect-obstacle,wave-speed-parameter,,double,,,no,,,,,,,waves/ui/move-to-wavespace
Waves > 2D > Obstacles,Block,waves/rect-obstacle,damping-coeff-as-percentage,Damping,double,,,no,,,,"{""label"": ""double-validator"", ""values"": [{""key"": """", ""type"": ""value-map"", ""value"": ""0 100""}, {""key"": ""min"", ""type"": ""double"", ""value"": ""0""}, {""key"": ""max"", ""type"": ""double"", ""value"": ""100""}]}",,,waves/ui/move-to-wavespace
Waves > 2D > Obstacles,Sloped block,waves/sloped-block-obstacle,part-id-prefix,,,,,no,,,,,,,waves/ui/move-to-wavespace
Waves > 2D > Obstacles,Sloped block,waves/sloped-block-obstacle,material,Material,string,,,no,,,,"{""label"": ""set-validator"", ""values"": [{""key"": """", ""type"": ""string-array"", ""value"": ""none""}, {""key"": """", ""type"": ""string"", ""value"": ""none""}]}",,,waves/ui/move-to-wavespace
Waves > 2D > Obstacles,Sloped block,waves/sloped-block-obstacle,wave-speed-parameter,,double,,,no,,,,,,,waves/ui/move-to-wavespace
Waves > 2D > Obstacles,Sloped block,waves/sloped-block-obstacle,damping-coeff-as-percentage,Damping,double,,,no,,,,"{""label"": ""double-validator"", ""values"": [{""key"": """", ""type"": ""value-map"", ""value"": ""0 100""}, {""key"": ""min"", ""type"": ""double"", ""value"": ""0""}, {""key"": ""max"", ""type"": ""double"", ""value"": ""100""}]}",,,waves/ui/move-to-wavespace
Waves > 2D > Obstacles,Sloped block,waves/sloped-block-obstacle,slope-angle,Slope angle,double,,PI/18,no,,,,"{""label"": ""double-validator"", ""values"": [{""key"": """", ""type"": ""value-map"", ""value"": ""-0.25*PI 0.25*PI""}, {""key"": ""min"", ""type"": ""double"", ""value"": ""-0.25*PI""}, {""key"": ""max"", ""type"": ""double"", ""value"": ""0.25*PI""}]}",radian; degree,degree,waves/ui/move-to-wavespace
Waves > 2D > Obstacles,Triangle,waves/triangular-obstacle,part-id-prefix,,,,,no,,,,,,,waves/ui/move-to-wavespace
Waves > 2D > Obstacles,Triangle,waves/triangular-obstacle,material,Material,string,,,no,,,,"{""label"": ""set-validator"", ""values"": [{""key"": """", ""type"": ""string-array"", ""value"": ""none""}, {""key"": """", ""type"": ""string"", ""value"": ""none""}]}",,,waves/ui/move-to-wavespace
Waves > 2D > Obstacles,Triangle,waves/triangular-obstacle,wave-speed-parameter,,double,,,no,,,,,,,waves/ui/move-to-wavespace
Waves > 2D > Obstacles,Triangle,waves/triangular-obstacle,damping-coeff-as-percentage,Damping,double,,,no,,,,"{""label"": ""double-validator"", ""values"": [{""key"": """", ""type"": ""value-map"", ""value"": ""0 100""}, {""key"": ""min"", ""type"": ""double"", ""value"": ""0""}, {""key"": ""max"", ""type"": ""double"", ""value"": ""100""}]}",,,waves/ui/move-to-wavespace
Waves > 2D > Obstacles,Circle,waves/circular-obstacle,part-id-prefix,,,,,no,,,,,,,waves/ui/move-to-wavespace
Waves > 2D > Obstacles,Circle,waves/circular-obstacle,material,Material,string,,,no,,,,"{""label"": ""set-validator"", ""values"": [{""key"": """", ""type"": ""string-array"", ""value"": ""none""}, {""key"": """", ""type"": ""string"", ""value"": ""none""}]}",,,waves/ui/move-to-wavespace
Waves > 2D > Obstacles,Circle,waves/circular-obstacle,wave-speed-parameter,,double,,,no,,,,,,,waves/ui/move-to-wavespace
Waves > 2D > Obstacles,Circle,waves/circular-obstacle,damping-coeff-as-percentage,Damping,double,,,no,,,,"{""label"": ""double-validator"", ""values"": [{""key"": """", ""type"": ""value-map"", ""value"": ""0 100""}, {""key"": ""min"", ""type"": ""double"", ""value"": ""0""}, {""key"": ""max"", ""type"": ""double"", ""value"": ""100""}]}",,,waves/ui/move-to-wavespace
Waves > 2D > Slits,Single Slit,waves/single-slit-obstacle,part-id-prefix,,,,,no,,,,,,,waves/ui/move-to-wavespace
Waves > 2D > Slits,Single Slit,waves/single-slit-obstacle,must-reflect,,,,false,no,,,,,,,waves/ui/move-to-wavespace
Waves > 2D > Slits,Single Slit,waves/single-slit-obstacle,opaque,,,,true,no,,,,,,,waves/ui/move-to-wavespace
Waves > 2D > Slits,Single Slit,waves/single-slit-obstacle,n-slits,,,,1,no,,,,,,,waves/ui/move-to-wavespace
Waves > 2D > Slits,Single Slit,waves/single-slit-obstacle,slit-width,Slit width,double,readonly,0.02,no,,,,,picometer; nanometer; micrometer; millimeter; meter; kilometer,meter,waves/ui/move-to-wavespace
Waves > 2D > Slits,Double Slit,waves/double-slit-obstacle,part-id-prefix,,,,,no,,,,,,,waves/ui/move-to-wavespace
Waves > 2D > Slits,Double Slit,waves/double-slit-obstacle,must-reflect,,,,false,no,,,,,,,waves/ui/move-to-wavespace
Waves > 2D > Slits,Double Slit,waves/double-slit-obstacle,opaque,,,,true,no,,,,,,,waves/ui/move-to-wavespace
Waves > 2D > Slits,Double Slit,waves/double-slit-obstacle,n-slits,,,,2,no,,,,,,,waves/ui/move-to-wavespace
Waves > 2D > Slits,Double Slit,waves/double-slit-obstacle,slit-width,Slit width,double,readonly,0.02,no,,,,,picometer; nanometer; micrometer; millimeter; meter; kilometer,meter,waves/ui/move-to-wavespace
Waves > 2D > Slits,Double Slit,waves/double-slit-obstacle,slit-spacing,Slit spacing,double,readonly,0.04,no,,,,,picometer; nanometer; micrometer; millimeter; meter; kilometer,meter,waves/ui/move-to-wavespace
Waves > 2D > Measurement,Detector,waves/detector,frequency,Frequency,double,computed,,no,,,,,hertz; kilohertz; megahertz; gigahertz; terahertz; petahertz; exahertz; zettahertz; yottahertz,hertz,waves/ui/move-to-wavespace
Waves > 2D > Measurement,Detector,waves/detector,displacement,Displacement,double,computed,,no,,,,,,,waves/ui/move-to-wavespace
Waves > 2D > Measurement,Detector,waves/detector,displacement-min,Minimum displacement,double,computed,,no,,,,,,,waves/ui/move-to-wavespace
Waves > 2D > Measurement,Detector,waves/detector,displacement-max,Maximum displacement,double,computed,,no,,,,,,,waves/ui/move-to-wavespace
